0 21
1 22
2 23
3 24
4 25
5 26
6 27
7 28
8 29
9 2a
10 2b
11 2c
12 2d
13 2e
14 2f
15 30
16 31
17 32
18 33
19 34
20 35
21 36
22 37
23 38
24 39
25 3a
26 3b
27 3c
28 3d
29 3e
30 3f
31 40
32 41
33 42
34 43
35 44
36 45
37 46
38 47
39 48
40 49
41 4a
42 4b
43 4c
44 4d
45 4e
46 4f
47 50
48 51
49 52
50 53
51 54
52 55
53 56
54 57
55 58
56 59
57 5a
58 5b
59 5c
60 5d
61 5e
62 5f
63 60
64 61
65 62
66 63
67 64
68 65
69 66
70 67
71 68
72 69
73 6a
74 6b
75 6c
76 6d
77 6e
78 6f
79 70
80 71
81 72
82 73
83 74
84 75
85 76
86 77
87 78
88 79
89 7a
90 7b
91 7c
92 7d
93 7e
94 a1
95 a2
96 a3
97 a4
98 a5
99 a6
100 a7
101 a8
102 a9
103 aa
104 ab
105 ac
106 ae
107 af
108 b0
109 b1
110 b2
111 b3
112 b4
113 b5
114 b6
115 b7
116 b8
117 b9
118 ba
119 bb
120 bc
121 bd
122 be
123 bf
124 c0
125 c1
126 c2
127 c3
128 c4
129 c5
130 c6
131 c7
132 c8
133 c9
134 ca
135 cb
136 cc
137 cd
138 ce
139 cf
140 d0
141 d1
142 d2
143 d3
144 d4
145 d5
146 d6
147 d7
148 d8
149 d9
150 da
151 db
152 dc
153 dd
154 de
155 df
156 e0
157 e1
158 e2
159 e3
160 e4
161 e5
162 e6
163 e7
164 e8
165 e9
166 ea
167 eb
168 ec
169 ed
170 ee
171 ef
172 f0
173 f1
174 f2
175 f3
176 f4
177 f5
178 f6
179 f7
180 f8
181 f9
182 fa
183 fb
184 fc
185 fd
186 fe
187 ff
188 00
189 01
190 02
191 03
192 04
193 05
194 06
195 07
196 08
197 09
198 0a
199 0b
200 0c
201 0d
202 0e
203 0f
204 10
205 11
206 12
207 13
208 14
209 15
210 16
211 17
212 18
213 19
214 1a
215 1b
216 1c
217 1d
218 1e
219 1f
220 20
221 7f
222 80
223 81
224 82
225 83
226 84
227 85
228 86
229 87
230 88
231 89
232 8a
233 8b
234 8c
235 8d
236 8e
237 8f
238 90
239 91
240 92
241 93
242 94
243 95
244 96
245 97
246 98
247 99
248 9a
249 9b
250 9c
251 9d
252 9e
253 9f
254 a0
255 ad
256 2074
257 2061
258 207468
259 696e
260 6572
261 2077
262 2073
263 6f75
264 20746865
265 7265
266 6f6e
267 6174
268 656e
269 2063
270 6974
271 6973
272 2062
273 6e64
274 2064
275 206d
276 2068
277 206f
278 696e67
279 6573
280 2070
281 20746f
282 616e
283 2066
284 6f72
285 6c6c
286 2049
287 206c
288 2079
289 6172
290 2067
291 20796f75
292 6564
293 20616e64
294 20696e
295 206f66
296 6173
297 206e
298 6f6d
299 6963
300 2074686174
301 7573
302 6574
303 7665
304 616c
305 6f77
306 6c65
307 206973
308 2065
309 206974
310 6f74
311 2773
312 206265
313 696f6e
314 2054
315 207768
316 2041
317 656e74
318 2053
319 207265
320 6179
321 207765
322 206f6e
323 657265
324 206861
325 7574
326 6163
327 6964
328 6967
329 6f73
330 6b65
331 766572
332 696d
333 20d0
334 205468
335 616d
336 616c6c
337 20666f72
338 656c
339 6368
340 726f
341 2074686973
342 207374
343 2057
344 2075
345 6164
346 6f7574
347 6972
348 6c64
349 6374
350 206b
351 6966
352 20676f
353 2e2e
354 d0be
355 697468
356 6c79
357 6874
358 7175
359 202d
360 20646f
361 206a
362 2068617665
363 2042
364 20616e
365 2077697468
366 20617265
367 2072
368 206465
369 207365
370 20736f
371 2076
372 7374
373 696c6c
374 7572
375 206c69
376 204d
377 657374
378 6f64
379 616c6c79
380 2774
381 757374
382 206173
383 2043
384 6365
385 206d65
386 d0b0
387 d0b5
388 696c
389 2048
390 20776173
391 746572
392 7468
393 2063616e
394 616e74
395 20636f6d
396 6f7572
397 69676874
398 2059
399 6174696f6e
400 20416e64
401 6f6c
402 207368
403 d182
404 6f70
405 7365
406 206e6f74
407 20536f
408 206e65
409 756e
410 206162
411 206c696b65
412 206174
413 2044
414 6965
415 206865
416 20636f6e
417 206368
418 6f7265
419 20616c
420 206f72
421 207175
422 204f
423 6f6d65
424 7261
425 756c
426 204e
427 7070
428 20796f7572
429 6f756c64
430 2050
431 206672
432 6765
433 657273
434 277265
435 d0b8
436 2074686579
437 2077686174
438 757365
439 20616c6c
440 20546865
441 204c
442 657373
443 656d
444 206b6e
445 206a757374
446 617274
447 2070726f
448 76657279
449 756d
450 206c6f
451 20ec
452 206d79
453 6f6b
454 206578
455 6162
456 207468657265
457 20627574
458 206b6e6f77
459 207375
460 2047
461 d181
462 2045
463 206d61
464 d0bed0
465 20656e
466 2061626f7574
467 204974
468 697374
469 20776f72
470 7269
471 696e64
472 206f6e65
473 617465
474 616e64
475 696e6b
476 206c65
477 6f7274
478 276d
479 2046
480 696368
481 d180
482 696465
483 20676574
484 206f7574
485 2e2e2e
486 2077696c6c
487 e381
488 697665
489 d0bd
490 2066726f6d
491 61696e
492 205765
493 207570
494 7065
495 726573
496 6361
497 2052
498 206966
499 20706c
500 20646f6e
501 61636b
502 2031
503 2022
504 207472
505 207573
506 205768
507 697479
508 204a
509 20596f75
510 2068657265
511 686572
512 20736f6d65
513 6f7567
514 616b
515 617264
516 20676f696e67
517 20756e
518 6d656e74
519 207468696e6b
520 207065
521 656e64
522 2028
523 6361757365
524 2074696d
525 617374
526 c3a9
527 206f7572
528 2077616e74
529 616d65
530 696573
531 20eb
532 7564
533 696e65
534 207265616c6c79
535 207465
536 20736565
537 6369
538 206279
539 736f
540 757265
541 6f7365
542 205b
543 617265
544 206d6f7265
545 6168
546 6f6e65
547 636b
548 6f706c65
549 d0b0d0
550 207468656e
551 207468696e67
552 207468656d
553 76656e
554 6f756e64
555 6f7374
556 6f6e67
557 656374
558 207269676874
559 6167
560 20696e74
561 2070656f706c65
562 207768656e
563 6f7573
564 706c
565 2074696d65
566 20696d
567 2077686f
568 2032
569 6170
570 2062656361757365
571 68696e67
572 206e6f
573 696365
574 206c6f6f6b
575 20686173
576 20776f756c64
577 20686f77
578 616374
579 206665
580 6e74
581 6f756768
582 207072
583 20427574
584 20736179
585 d183
586 206e6f77
587 206d616e
588 2076657279
589 20776f726b
590 697a
591 204b
592 6976
593 697474
594 206172
595 6570
596 20636c
597 207768696368
598 20636f
599 616e73
600 277665
601 207361
602 6666
603 276c6c
604 20616e79
605 20616374
606 207965
607 626572
608 616368
609 616765
610 706572
611 20616c736f
612 666572
613 207468657365
614 206164
615 d0b5d0
616 74686572
617 616365
618 69636b
619 616b65
620 72656174
621 697265
622 7565
623 206167
624 2055
625 756368
626 696f6e73
627 7279
628 3030
629 6e61
630 20646964
631 20717565
632 20686164
633 206576657279
634 204865
635 206c61
636 20776179
637 207370
638 626c65
639 2054686973
640 617373
641 207468656972
642 697465
643 206e656564
644 2070617274
645 2077657265
646 206261636b
647 6970
648 6f776e
649 6f6d6574
650 6265
651 617365
652 206d616b65
653 69727374
654 6961
655 656e6365
656 616e67
657 616e6b
658 20676f74
659 20707265
660 20636f6e74
661 206f74686572
662 7074
663 2054686174
664 6f67
665 20676f6f64
666 20696e746f
667 616c6b
668 206265656e
669 20616d
670 206f766572
671 75616c6c79
672 20e2
673 ec9d
674 20756e64
675 6865
676 776179
677 206772
678 d18c
679 20646966
680 20706572
681 d18f
682 20496e
683 207477
684 6f6e64
685 617273
686 696e74
687 6f726d
688 206c6f74
689 207768657265
690 20c3
691 2056
692 20736f6d6574
693 d0bb
694 656e73
695 206775
696 206163
697 7567
698 d18b
699 c4b1
700 206669727374
701 726565
702 20686973
703 6974746c65
704 20696d70
705 206d6f
706 6176
707 206c6974746c65
708 2057686174
709 206d756368
710 207a
711 20ea
712 61626c65
713 20d0bf
714 20706f
715 20636f6d70
716 6e65
717 20646973
718 206c6574
719 616e6365
720 20686572
721 207468696e6773
722 207374617274
723 756c74
724 20617070
725 20726573
726 20666f
727 20636f756c64
728 20696e746572
729 2074686f7365
730 20646573
731 2077656c6c
732 2074776f
733 206b696e64
734 7874
735 72657373
736 656c79
737 c3a4
738 206272
739 20746872
740 20d0b2
741 2069
742 697368
743 20646966666572
744 20726f
745 205374
746 20736f6d657468696e67
747 2074616b65
748 20626f
749 7973
750 20736865
751 2074616c6b
752 6c6f
753 d187
754 206576656e
755 d0ba
756 e380
757 20d0bd
758 206275
759 204966
760 20646f776e
761 204368
762 616465
763 6174696f6e73
764 20757365
765 6f7264
766 206f6666
767 2061637475616c6c79
768 20737065
769 6475
770 61746564
771 61746572
772 6f7373
773 6e696e67
774 c3bc
775 20646f6573
776 20d181
777 206e6577
778 20626574
779 76656c
780 63657373
781 706c65
782 2068617070
783 74696e67
784 6f6e6e61
785 206573
786 20646179
787 206f6e6c79
788 69676e
789 6b6179
790 73656c
791 656e7473
792 6f756e74
793 696c64
794 696c65
795 207363
796 2068696d
797 20616761696e
798 76696e67
799 20676f6e6e61
800 20636f6d6d
801 2068656c
802 6f74686572
803 206b65
804 6963616c
805 2033
806 20656c
807 207468726f756768
808 20636f6d65
809 61726b
810 646179
811 696572
812 c3b3
813 207468616e
814 2054686579
815 206d6179
816 20736572
817 ed95
818 2063616c6c
819 20646966666572656e74
820 2073686f756c64
821 205468657265
822 617279
823 204e6f77
824 e382
825 7468696e67
826 7765
827 6f7279
828 66746572
829 20707574
830 6f7273
831 69616c
832 eb8b
833 20756e646572
834 20696e63
835 205965
836 7562
837 666f726d
838 2076696465
839 e0b8
840 76657273
841 206665656c
842 c3a1
843 6f6479
844 6674
845 666f7265
846 20656d
847 676574
848 2073616964
849 6974696f6e
850 20726563
851 696f7573
852 61746368
853 20747279
854 2068656c70
855 2073686f77
856 d0b4
857 20626974
858 756c6c
859 d0b2
860 d182d0be
861 6772
862 20706c6179
863 696665
864 61696c
865 2059656168
866 207175657374
867 206d616e79
868 2070657273
869 206772656174
870 c3ad
871 20657374
872 6e67
873 20e299
874 7479
875 6c61
876 204f68
877 20d7
878 e0ae
879 204265
880 616479
881 206d6f7374
882 6374696f6e
883 204e6f
884 20646f696e67
885 206265696e67
886 20746f6f
887 636573
888 20626c
889 2e22
890 2072656d
891 697373
892 6f6e73
893 3e3e
894 7275
895 776e
896 6f6e74
897 6962
898 656c6c
899 20736d
900 6f7468
901 75616c
902 203e3e
903 207068
904 6c6573
905 6f63
906 66756c
907 20736563
908 697365
909 20616464
910 696768
911 657274
912 2073616d65
913 e280
914 206d65616e
915 2066696e64
916 656b
917 20656e64
918 2d2d
919 d0bc
920 207374696c6c
921 617a
922 2027
923 206d696e
924 207965617273
925 75726e
926 2061726f756e64
927 73656c66
928 207772
929 6273
930 6f75676874
931 20e299aa
932 20666c
933 616e6765
934 206166746572
935 20706f696e74
936 6d6572
937 766564
938 206c6f6e67
939 6f79
940 e4b8
941 206372
942 77617973
943 207379
944 20747261
945 203230
946 617665
947 20636865
948 20656e74
949 206265666f7265
950 7068
951 20617474
952 69616e
953 696c79
954 20706572736f6e
955 20626967
956 20736368
957 207265616c
958 206e657874
959 206c6f7665
960 20766964656f
961 204c6574
962 2066696e
963 206d616b
964 69626c65
965 20746f646179
966 65726d
967 20416c
968 6f776572
969 616e6e
970 6978
971 20706172
972 2073747564
973 c3b6
974 20696d706f7274
975 7465
976 2067697665
977 766573
978 20646965
979 20646563
980 2074656c6c
981 20d0ba
982 d181d182
983 20776879
984 6963616c6c79
985 696374
986 726564
987 20626173
988 2073757265
989 2062656c
990 6174696e67
991 2074616b
992 20736574
993 206c696665
994 206469646e
995 d8a7
996 6f62
997 756e64
998 617468
999 206f70
1000 20d0be
1001 616974
1002 20776f726c64
1003 2073757070
1004 696f
1005 20636f7572
1006 20d0b8
1007 77617264
1008 d0b5d0bd
1009 20616c77617973
1010 7570
1011 2068616e64
1012 20486f77
1013 6369616c
1014 20636f6e73
1015 20d1
1016 20696e64
1017 2034
1018 204173
1019 2066756e
1020 6a656374
1021 20696d706f7274616e74
1022 20737572
1023 6577
1024 61746573
1025 2035
1026 206469
1027 206d616465
1028 20696e73
1029 2061736b
1030 206574
1031 206e756d
1032 20636172
1033 204f6b6179
1034 2073696d
1035 696b
1036 206c617374
1037 20476f
1038 206d7573
1039 2072656c
1040 756c6172
1041 b4ec
1042 2057656c6c
1043 70656374
1044 205468616e6b
1045 207468726565
1046 c3a3
1047 e383
1048 20696e76
1049 2067656e
1050 6c6963
1051 2068617070656e
1052 eb8a
1053 69656e
1054 65766572
1055 d0bed0b2
1056 20737472
1057 20416c6c
1058 20696e7374
1059 20e280
1060 20646566
1061 20736c
1062 206d69676874
1063 756e67
1064 2079656172
1065 206f776e
1066 206b656570
1067 626f6479
1068 646572
1069 20d182
1070 20d0b4
1071 20616e6f74686572
1072 206d6f64
1073 206576
1074 2067757973
1075 2061626c65
1076 c3a36f
1077 717565
1078 6964656e74
1079 20596573
1080 20697473
1081 20706c616365
1082 2070726f6475
1083 61726e
1084 20d0bc
1085 20726570
1086 206578706572
1087 2066616d
1088 6974696573
1089 69666963
1090 2068696768
1091 696564
1092 6f6f6c
1093 696577
1094 d0b5d182
1095 72656e
1096 20646f6e65
1097 202e2e2e
1098 eb8a94
1099 7374656d
1100 205365
1101 20626574746572
1102 636f6d65
1103 2064656c
1104 207479
1105 20756d
1106 20686f
1107 20416e
1108 206d6f6e
1109 696e6773
1110 20736b
1111 206f62
1112 636f6d
1113 626c656d
1114 6f7065
1115 7374616e64
1116 2764
1117 6d656e7473
1118 20656c65
1119 204973
1120 206461
1121 20726567
1122 6c65617365
1123 696b65
1124 616c73
1125 697a65
1126 eab0
1127 2063617265
1128 206e65766572
1129 ec9db4
1130 657365
1131 206d6574
1132 6f6c6f67
1133 205768656e
1134 75636b
1135 d0b5d180
1136 20c3a9
1137 20646174
1138 c3a7
1139 206578616d
1140 696c697479
1141 20646574
1142 637269
1143 2075736564
1144 20446f
1145 207472616e73
1146 6567
1147 74656e
1148 d18e
1149 637573
1150 207365636f6e64
1151 2062657374
1152 2068617264
1153 20696465
1154 2070726f626c656d
1155 eab3
1156 20556e
1157 d185
1158 20ce
1159 207761746368
1160 205368
1161 6174746572
1162 2070726574
1163 20646572
1164 20636f75727365
1165 c59f
1166 6174697665
1167 696373
1168 207175657374696f6e
1169 757465
1170 ec97
1171 20466f72
1172 6174686572
1173 20636f6c
1174 69656e64
1175 20ed
1176 205a
1177 20646f65736e
1178 61726368
1179 20696e746572657374
1180 20706f6c
1181 20636f72
1182 69656e6365
1183 2070726573
1184 2065616368
1185 2073797374656d
1186 2066616374
1187 69656c
1188 61626c79
1189 206572
1190 2072756e
1191 20ec9d
1192 20746f70
1193 6e6572
1194 2074686f75676874
1195 20656173
1196 69656e74
1197 20637265
1198 d188
1199 20636f6d6d756e
1200 7965
1201 7265616479
1202 6c6c6f77
1203 2065766572797468696e67
1204 6f6d6d
1205 206d6564
1206 9a94
1207 20636f756e74
1208 697473
1209 20636f6d706c
1210 686970
1211 d984
1212 6f6f6b
1213 20746f676574
1214 20746f676574686572
1215 616d70
1216 2067616d65
1217 20616c7265616479
1218 d0b0d0bb
1219 2063616c6c6564
1220 616c65
1221 c582
1222 204d79
1223 20756e6465727374616e64
1224 206472
1225 206d6f6d
1226 69746564
1227 d0bed0bb
1228 207573696e67
1229 7a79
1230 206e756d626572
1231 e38081
1232 636564
1233 20636c65
1234 d0bdd0be
1235 eb8ba4
1236 696e6365
1237 206c6f6f6b696e67
1238 20707265747479
1239 2070726f62
1240 20536865
1241 207665
1242 2067657474696e67
1243 207765656b
1244 20656666
1245 756666
1246 616972
1247 756573
1248 65726e
1249 2051
1250 6f7570
1251 656e74696f6e
1252 2073696465
1253 d0bed0bc
1254 20666f726d
1255 20627573
1256 20617373
1257 206564
1258 61736f6e
1259 7765656e
1260 e280a6
1261 207475726e
1262 20637572
1263 20636f6c6c
1264 2064697265
1265 20476f64
1266 203130
1267 20657175
1268 20d0b1
1269 206f70656e
1270 2073756368
1271 697264
1272 d0b0d0ba
1273 20656172
1274 c499
1275 67616e
1276 20706172746963
1277 20667269656e64
1278 20657870
1279 20657874
1280 20686f6d65
1281 207761746572
1282 204f6e
1283 d182d18c
1284 6f726b
1285 20d0bfd180
1286 206d6f7665
1287 6e657373
1288 656e7365
1289 686f
1290 2063686172
1291 636f
1292 696e73
1293 20626f7468
1294 203139
1295 20677261
1296 206265747765656e
1297 e1bb
1298 20ec95
1299 617368
1300 205265
1301 6169
1302 616c7468
1303 75726573
1304 656d626572
1305 206176
1306 20766572
1307 c3aa
1308 6f6e6579
1309 207468616e6b
1310 206d61796265
1311 7563
1312 696d65
1313 eab3a0
1314 2061776179
1315 206e616d65
1316 6f757365
1317 20616363
1318 206d75736963
1319 206368616e6765
1320 2070617373
1321 676572
1322 206275696c64
1323 2076616c
1324 696e657373
1325 616e79
1326 20666577
1327 b4eb
1328 7461
1329 206c697374
1330 c3a5
1331 206f6c64
1332 20ec9e
1333 20736f7274
1334 206d656d
1335 206361
1336 63657074
1337 2067656e6572
1338 2079656168
1339 207768696c65
1340 20616e797468696e67
1341 726963
1342 6772616d
1343 2065696e
1344 6379
1345 7572696e67
1346 204465
1347 20706f776572
1348 20636f6d696e67
1349 20776f7264
1350 202d2d
1351 2062656c6965
1352 20666f756e64
1353 746f
1354 d0bf
1355 206d65616e73
1356 20696e666f726d
1357 20d8
1358 20d187
1359 20736d616c6c
1360 303030
1361 2063616d65
1362 20ed95
1363 7768
1364 20776f726b696e67
1365 206578616d706c65
1366 20706f73
1367 20646570
1368 eab2
1369 e4ba
1370 6f7465
1371 2064656d
1372 eca7
1373 7473
1374 20766172
1375 617574
1376 20747269
1377 63686e
1378 2068656164
1379 2077686f6c65
1380 d799
1381 7a65
1382 20747279696e67
1383 2074656d
1384 20636f75
1385 657473
1386 2036
1387 2066696c
1388 76656c6f70
1389 2063617365
1390 e0af
1391 2070726f6261626c79
1392 206f6b6179
1393 20706c616e
1394 20736974
1395 207363686f6f6c
1396 205468656e
1397 b8eb
1398 6d65
1399 2070726f63657373
1400 20666172
1401 2072656164
1402 20706f7373
1403 20627265
1404 20736f6c
1405 69636874
1406 20737570706f7274
1407 20546f
1408 65727461696e
1409 2073746172746564
1410 20636170
1411 206c656674
1412 2064617461
1413 2074696d6573
1414 d0b5d0bb
1415 2077616e746564
1416 d0b0d0bd
1417 2074616c6b696e67
1418 20697374
1419 20686176696e67
1420 756d70
1421 20636f6e74696e
1422 20737562
1423 20d0b7
1424 7072
1425 eb8b88
1426 696e61
1427 c5bc
1428 206372656174
1429 6f6465
1430 d795
1431 e698
1432 2121
1433 207465726d
1434 69736d
1435 d0bed0b4
1436 2042656361757365
1437 2077656e74
1438 69646572
1439 2070726f76
1440 206368696c64
1441 2064656e
1442 206c69676874
1443 6272
1444 b3d0be
1445 6f68
1446 20626f6f6b
1447 20d9
1448 7574696f6e
1449 204a757374
1450 656e65
1451 20666f7572
1452 20766973
1453 eab080
1454 20686f7065
1455 206d616b696e67
1456 204c65
1457 ec95
1458 206f7070
1459 6175
1460 206d6f6e6579
1461 2070726f6772616d
1462 c3a8
1463 207374616e64
1464 494e
1465 207369676e
1466 206c6561726e
1467 c3a0
1468 20446f6e
1469 207465616d
1470 20d0bdd0b0
1471 6c7564
1472 2072657374
1473 69636573
1474 e69c
1475 20d180
1476 20617574
1477 206c656164
1478 6174696f6e616c
1479 6465
1480 6779
1481 206e696365
1482 20646173
1483 2064697374
1484 2068756d
1485 204f6e65
1486 e688
1487 20636f6d6573
1488 206a6f
1489 2063656e74
1490 206578706c
1491 206d61726b
1492 7265656e
1493 6c6564
1494 67696e
1495 ec9a94
1496 206c6576656c
1497 20636f6e66
1498 757368
1499 20646576656c6f70
1500 2074657374
1501 656e67
1502 76696f7573
1503 6174757265
1504 d0b5d0bc
1505 726574
1506 206a65
1507 207374756666
1508 20636c617373
1509 6f7773
1510 20eab7
1511 207369
1512 206c6573
1513 726f70
1514 e79a
1515 20706f72
1516 20776172
1517 ec9790
1518 2065766572796f6e65
1519 206765
1520 20636865636b
1521 6f7474
1522 2073696e67
1523 20617274
1524 20666f6c6c6f77
1525 20323031
1526 204672
1527 616973
1528 ec96
1529 ceb1
1530 e5b0
1531 20c3a0
1532 696d6573
1533 20726574
1534 206368616e67
1535 20707562
1536 20696e66
1537 20746563686e
1538 616461
1539 69766573
1540 20626568
1541 e698af
1542 206c6f6f6b73
1543 e38082
1544 d0b7
1545 20576879
1546 e79a84
1547 20656e6f756768
1548 20627261
1549 69746368
1550 e4bb
1551 20616476
1552 d0b1
1553 20776974686f7574
1554 776572
1555 6d65726963
1556 64656e
1557 20636f6d706c6574
1558 2069646561
1559 74657273
1560 6f636b
1561 20646566696e
1562 2065766572
1563 20676c
1564 206f6e6365
1565 206272696e67
1566 20736179696e67
1567 20616e73
1568 2068656172
1569 6e656374
1570 206c657373
1571 676f
1572 7265616d
1573 61646f
1574 ec9e
1575 206d696e64
1576 656e7465
1577 2066756c6c
1578 20626164
1579 20776f6d
1580 20736f6d656f6e65
1581 206475
1582 20776f6e
1583 20636f6e74726f
1584 6f7274756e
1585 206865616c7468
1586 2063686f
1587 204172
1588 20636f6e63
1589 20696e666f726d6174696f6e
1590 2073746f70
1591 617474
1592 6174656c79
1593 e4bd
1594 2067726f7570
1595 20d183
1596 207175697465
1597 2072657370
1598 4552
1599 75676874
1600 eab8
1601 6d616e
1602 697a6564
1603 204272
1604 2072656d656d626572
1605 2066616d696c79
1606 20627573696e657373
1607 6177
1608 2073706563
1609 206175
1610 204f72
1611 c485
1612 207365656e
1613 206c6172
1614 2037
1615 6767
1616 62657273
1617 20647261
1618 206d6f6e7468
1619 2073617973
1620 20697373
1621 206c697665
1622 206c696e65
1623 206d6f6d656e74
1624 20657863
1625 656c73
1626 20736f756e64
1627 20636f6f6c
1628 206c6f63
1629 206365727461696e
1630 20647269
1631 d0bed182
1632 616d6573
1633 206d757374
1634 6e79
1635 d0b8d182
1636 206b6964
1637 20696e636c7564
1638 ec9d84
1639 61746f72
1640 c49f
1641 6861
1642 61726564
1643 207365656d
1644 d0b9
1645 ec84
1646 20656c7365
1647 20eca0
1648 69726c
1649 2038
1650 20766f
1651 207175657374696f6e73
1652 696e6573
1653 6565
1654 e68891
1655 c3bc72
1656 20416d65726963
1657 2073746f7279
1658 2073657276
1659 7665726e
1660 61676573
1661 6c616e64
1662 20e28093
1663 657261
1664 2043616e
1665 20706f70
1666 6574686572
1667 206e61
1668 206f72646572
1669 206d616b6573
1670 2073696e6365
1671 636f6e
1672 63746f72
1673 2074686f756768
1674 2070726f64756374
1675 d0bbd0b8
1676 206c6567
1677 206d656574
1678 616c66
1679 d181d18f
1680 756e6368
1681 69746572
1682 6f7665
1683 d795d7
1684 696574
1685 d0b0d0bc
1686 6974616c
1687 207375706572
1688 6c696e67
1689 20706179
1690 2070617261
1691 206a6f62
1692 2048657265
1693 207377
1694 6b73
1695 7074696f6e
1696 6d61
1697 2062656c69657665
1698 aceb
1699 2077616974
1700 d0bed0b9
1701 20756e74
1702 20717569636b
1703 6872
1704 20d18d
1705 2050726f
1706 206d656e
1707 e0b9
1708 2064617973
1709 20676f6573
1710 20737065616b
1711 204174
1712 656d656e74
1713 206d697373
1714 206177
1715 2064657369676e
1716 2070726f6a656374
1717 d0bed180
1718 696a
1719 616e7473
1720 617473
1721 20436872
1722 2039
1723 20637574
1724 2072657175
1725 20d0bdd0b5
1726 204e6f74
1727 6173746572
1728 206d696c6c
1729 20706172746963756c6172
1730 20706965
1731 2073747564656e7473
1732 2066697665
1733 6f756e
1734 204e65
1735 206769
1736 20706173
1737 2066726565
1738 205370
1739 6c696368
1740 2070726f66
1741 20656e67
1742 2070726f74
1743 204c696b65
1744 6f736564
1745 20636f6e6e656374
1746 617070
1747 20eba7
1748 6974696e67
1749 20626c6f
1750 206c6f73
1751 69737473
1752 20657870657269656e6365
1753 72656e74
1754 2073746179
1755 20666f6f64
1756 746f6e
1757 72756374
1758 2068697374
1759 76696577
1760 696e696e67
1761 6d6f7374
1762 6976657273
1763 626f
1764 e38184
1765 205472
1766 67656e
1767 20706c65617365
1768 20636f6d6d756e697479
1769 206365
1770 414e
1771 6e6f
1772 20626f6479
1773 20686f7572
1774 2076657273
1775 e1ba
1776 636572
1777 20eab0
1778 20726561736f6e
1779 205269676874
1780 206c61746572
1781 cf84
1782 20686f757365
1783 2058
1784 d0bed0bd
1785 207374617465
1786 666963
1787 e5a4
1788 c59b
1789 69656c64
1790 20707269
1791 2070617374
1792 2077616c6b
1793 6f6c6f6779
1794 6572696e67
1795 616e6e61
1796 20746572
1797 20686f6c64
1798 206f7267616e
1799 62656e
1800 cebf
1801 c3b36e
1802 20656666656374
1803 20796f757273656c66
1804 20706c7573
1805 616a
1806 616e646f
1807 7572616c
1808 20726f6f6d
1809 6c656374
1810 eab28c
1811 3f22
1812 73696465
1813 206265636f6d65
1814 d186
1815 20c2
1816 6f6f64
1817 20636f6e7374
1818 206e69676874
1819 75746573
1820 d0b6
1821 20627265616b
1822 207061696e
1823 2073746570
1824 69726564
1825 206e6f7468696e67
1826 20756e74696c
1827 d196
1828 d0b0d0b2
1829 d98a
1830 20647572696e67
1831 eca780
1832 6c657373
1833 6f6c6c
1834 d0bdd18b
1835 ceb9
1836 66656374
1837 69766572
1838 8f84
1839 6974686572
1840 79696e67
1841 20626567696e
1842 d799d7
1843 69766964
1844 20c3a7
1845 2073616c
1846 207461
1847 20706f74
1848 2024
1849 206d6172
1850 20636c656172
1851 2066616365
1852 2067726f77
1853 202a
1854 20696e73696465
1855 20667269656e6473
1856 206c65617665
1857 656e6e
1858 2065617379
1859 2061726561
1860 616c697479
1861 6f7564
1862 20656174
1863 d986
1864 20707572
1865 6f726e
1866 20736177
1867 20616e73776572
1868 2066726f6e74
1869 206265617574
1870 bceb
1871 206d6174746572
1872 20736f6e
1873 204e6577
1874 20726573756c74
1875 69646573
1876 636865
1877 20667574
1878 7073
1879 20666f637573
1880 20696e746572657374696e67
1881 e5a5
1882 206170
1883 222e
1884 20637265617465
1885 d0bed181
1886 207072657373
1887 726f7373
1888 207069636b
1889 6c696e65
1890 20746f6f6b
1891 204d6179
1892 726f77
1893 20696368
1894 98eb
1895 20726566
1896 206d6f72
1897 72616374
1898 6172656e74
1899 4152
1900 206578616374
1901 207370616365
1902 776f726b
1903 d0bdd0b8
1904 20626972
1905 20646576
1906 d0b3
1907 20746f6c64
1908 207075626c6963
1909 6369616c6c79
1910 2076696577
1911 20486579
1912 6d6564
1913 6c6c6f
1914 6363
1915 20666163
1916 20636f75706c65
1917 206865617274
1918 6c6572
1919 207265616479
1920 20616c6d6f7374
1921 6172696e67
1922 2068616c66
1923 204d65
1924 61766f72
1925 69717565
1926 20636861726163
1927 207072616374
1928 4f4e
1929 616e65
1930 20696c
1931 d0bdd0b0
1932 207669
1933 6c697368
1934 68656164
1935 206c65617374
1936 206261736963616c6c79
1937 61736564
1938 7269676874
1939 20796574
1940 2074616b696e67
1941 20636f756e747279
1942 2077696e
1943 2069736e
1944 20706f737369626c65
1945 2063616d
1946 20696e637265
1947 20706174
1948 2077616e6e61
1949 20636f6e7369646572
1950 20616273
1951 2077697468696e
1952 2068756d616e
1953 207468696e6b696e67
1954 206f68
1955 a19c
1956 20717569
1957 61736573
1958 2030
1959 6974656c79
1960 e4b88d
1961 206b696c6c
1962 206d696c
1963 20696e76657374
1964 6973746572
1965 20737563
1966 696f6e616c
1967 656c66
1968 2077686574686572
1969 20636f6e74726f6c
1970 20616761696e7374
1971 6f7473
1972 eb8b88eb8ba4
1973 696f72
1974 2070726573656e74
1975 20d8a7
1976 207761746368696e67
1977 756265
1978 657276
1979 206e69636874
1980 20676f7665726e
1981 205468657365
1982 203a
1983 756974
1984 756768
1985 20776f726b73
1986 6f6f
1987 20776972
1988 20616972
1989 205465
1990 d0b0d0b7
1991 6973696f6e
1992 7768657265
1993 20746f74
1994 6a6f79
1995 ec8b
1996 20766f6c
1997 20d0b5
1998 20636c6f7365
1999 204164
2000 d189
2001 696e6564
2002 20756e61
2003 20eab7b8eb
2004 b0eb
2005 6f727279
2006 2062726f
2007 2066696c6d
2008 696674
2009 3230
2010 2074797065
2011 2068617070656e6564
2012 20416d
2013 206769726c
2014 20417265
2015 7761726473
2016 20706f7572
2017 20636f6c6f72
2018 656c74
2019 d0b0d181
2020 2073656e7365
2021 6c6578
2022 2057697468
2023 757373
2024 726962
2025 2072657365
2026 206e6f726d
2027 20667574757265
2028 206465616c
2029 656e64696e67
2030 6579
2031 2078
2032 65726f
2033 20436c
2034 756b
2035 207768617465766572
2036 73656c766573
2037 20796f756e67
2038 ec8a
2039 204d6172
2040 20436872697374
2041 206775657373
2042 20706572666f726d
2043 20656e6572
2044 726f6e
2045 20686974
2046 20776f6e64
2047 20646972656374
2048 204576657279
2049 206f6674656e
2050 206661
2051 20616c6f6e67
2052 20636c69636b
2053 204c6f6f6b
2054 2073697475
2055 206861707079
2056 656164
2057 2061676f
2058 20656e63
2059 206d7973656c66
2060 20636f766572
2061 d0bed0b1
2062 206d6964
2063 20636f7374
2064 2074656e
2065 20536368
2066 20657870656374
2067 207761736e
2068 207374726f6e67
2069 6966756c
2070 206f70706f7274756e
2071 696e616c
2072 796c65
2073 207368617265
2074 2074727565
2075 20617070726f
2076 206368616c6c
2077 206d696e75746573
2078 206368616e6e
2079 20eb82
2080 ceb5
2081 6c69
2082 206d657373
2083 6f72696573
2084 70656369616c6c79
2085 2077726f6e67
2086 20796573
2087 20ec97
2088 69726f6e
2089 20616c6c6f77
2090 2073756273
2091 20666f7265
2092 206669676874
2093 20736f6369616c
2094 20637261
2095 616e61
2096 20616666
2097 20657373
2098 2077617973
2099 2073686f7274
2100 2066616c6c
2101 206c6177
2102 2057686f
2103 20656e6a6f79
2104 2063616c
2105 20616363657373
2106 6665
2107 206e6f6e
2108 206163726f7373
2109 657279
2110 76696f75736c79
2111 204578
2112 69646564
2113 206c696e6b
2114 205072
2115 207465726d73
2116 61636573
2117 206c616e64
2118 617a696e67
2119 203135
2120 206d756c74
2121 207370656369616c
2122 e580
2123 6976696e67
2124 ec9d80
2125 20747970
2126 20737465
2127 20c4
2128 20666f7277617264
2129 e58f
2130 20667265
2131 e5a5bd
2132 207265736561726368
2133 e0af8d
2134 d0b0d182
2135 206d61696e
2136 207265636f7264
2137 206875
2138 20646566696e6974656c79
2139 20656974686572
2140 206c697374656e
2141 206b6579
2142 206d61726b6574
2143 20d187d182d0be
2144 697a6174696f6e
2145 20766964656f73
2146 20677579
2147 20666967
2148 2073747261
2149 20506c
2150 756c6c79
2151 616d6f73
2152 206d656e74696f6e
2153 20736f6e67
2154 20696e7465726e
2155 72616c
2156 757273
2157 20686f6e
2158 2076616c7565
2159 20626172
2160 636c65
2161 d0bed0b6
2162 c487
2163 9ceb
2164 207a75
2165 d0b8d0bc
2166 e4bda0
2167 2073696e676c65
2168 2061756368
2169 63757373
2170 2067657473
2171 20736f6d6574696d6573
2172 e5be
2173 616d62
2174 6d6d
2175 63696e67
2176 2070657266656374
2177 20426c
2178 6f757468
2179 eca0
2180 20736369
2181 706172
2182 20726564
2183 20706f7374
2184 206d6f74
2185 20656c656374
2186 204575
2187 6974697665
2188 20536f6d65
2189 20646573637269
2190 2063757272656e74
2191 c3a973
2192 20747265
2193 20456e
2194 206d6974
2195 454e
2196 88eb
2197 69756d
2198 206865617264
2199 2073696d706c65
2200 6c6172
2201 206576657279626f6479
2202 696c6172
2203 206e65656473
2204 20646966666963
2205 20476f6f64
2206 756d656e74
2207 63656e74
2208 206f706572
2209 d0b0d182d18c
2210 657479
2211 20626c61636b
2212 20676976656e
2213 6f6e6573
2214 2077656c
2215 e980
2216 20ec9584
2217 203330
2218 4154
2219 2073746174
2220 6f756368
2221 204d72
2222 d0b0d180
2223 2073686f
2224 20636f6e64
2225 d794
2226 6d79
2227 206368696c6472656e
2228 206575
2229 d0b5d0b4
2230 ec9584
2231 7465726e
2232 207568
2233 20686172
2234 2070726f6d
2235 2070756c6c
2236 726577
2237 20636f6d70616e79
2238 2062656175746966756c
2239 7573746f6d
2240 ed9598
2241 d0bad0b8
2242 2073747265
2243 20616d617a696e67
2244 72696573
2245 2073756363657373
2246 206d616368
2247 6e6f74
2248 2064697363757373
2249 206e6174
2250 a6ac
2251 20756e65
2252 20646966666963756c74
2253 20726973
2254 cebd
2255 2063616d70
2256 20627579
2257 e4b880
2258 206d6167
2259 706f
2260 20596f7572
2261 20626568696e64
2262 696361
2263 c4b16e
2264 204f4b
2265 206c616e67
2266 20776f6d656e
2267 20656e76
2268 2072656365
2269 206368616e6e656c
2270 69616c6c79
2271 756c65
2272 203132
2273 7468657273
2274 20626f7474
2275 207265706f7274
2276 656e746c79
2277 66756c6c79
2278 546865
2279 2073656e74
2280 206576656e74
2281 20656e65726779
2282 6c74
2283 20776f726473
2284 617272
2285 646c65
2286 206168656164
2287 61726473
2288 d8b1
2289 e4ba86
2290 20746f6f6c
2291 636f6e6f6d
2292 d0b5d181
2293 2065786163746c79
2294 206661766f72
2295 206c6f77
2296 2070726f706572
2297 20ec9e88
2298 2021
2299 2072656c6174696f6e73
2300 206d6173
2301 206b696473
2302 20656e74697265
2303 756465
2304 d985
2305 205768657265
2306 206f6e6573
2307 2063697479
2308 6f6c7574
2309 20736978
2310 6162696c697479
2311 c3b672
2312 696c69
2313 204573
2314 2068617070656e73
2315 61696e73
2316 206d6f64656c
2317 2070696374
2318 20657370656369616c6c79
2319 20313030
2320 6b74
2321 20736f6f6e
2322 6279
2323 726f6475
2324 20616e6e
2325 2073756273637269
2326 205175
2327 20617661696c
2328 696d656e74
2329 20766f63
2330 6b61
2331 20323030
2332 61706572
2333 20496e64
2334 20eca7
2335 686f72
2336 8db0
2337 6a6f72
2338 d0b8d0bb
2339 20737175
2340 4155
2341 61726e696e67
2342 20d0b3
2343 4953
2344 20d0bb
2345 d0b5d0b9
2346 796573
2347 e585
2348 20d092
2349 206f726967
2350 d0bed0b3d0be
2351 2061736b6564
2352 696c74
2353 d0bed0b3
2354 20636f6e74696e7565
2355 20ec98
2356 72616d
2357 206f7468657273
2358 4553
2359 6f686e
2360 206c6179
2361 206261736564
2362 207075
2363 2061707065
2364 206c696d
2365 2070726f70
2366 80eb
2367 6d696e
2368 20686f74
2369 204c61
2370 2066617374
2371 2070726f74656374
2372 20616d6f756e74
2373 20617175
2374 2066756e64
2375 20637573746f6d
2376 2063756c74
2377 2068616e6473
2378 20686176656e
2379 20617564
2380 206f757473696465
2381 204166746572
2382 617073
2383 20616e696d
2384 706c6f79
2385 20686174
2386 204669727374
2387 207472656174
2388 206570
2389 206d61746572
2390 206275696c64696e67
2391 20ebb0
2392 e590
2393 ec849c
2394 7a61
2395 756768746572
2396 205065
2397 6e6579
2398 65746572
2399 61746963
2400 2065647563
2401 eab8b0
2402 206d6f76
2403 93a4
2404 616d61
2405 726174696f6e
2406 20736e
2407 d988
2408 2073756d
2409 2070686f74
2410 20d09d
2411 202e
2412 e69c89
2413 2066696e697368
2414 697474696e67
2415 e5ae
2416 206c61726765
2417 20ec96
2418 207768697465
2419 617261
2420 206d616973
2421 204869
2422 2064616d
2423 20d8a7d984
2424 20626f78
2425 2048656c6c6f
2426 20736c65
2427 206f7074
2428 72696564
2429 a5bc
2430 206163746976
2431 206ec3a36f
2432 20436f6d
2433 20706c6179696e67
2434 5468
2435 20617661696c61626c65
2436 20706f7274
2437 e588
2438 204168
2439 206c6173
2440 206561726c79
2441 20776f6e646572
2442 b1b0
2443 203138
2444 63756c
2445 2066756e6374696f6e
2446 206d6f726e696e67
2447 6c6c65
2448 69656e7473
2449 7578
2450 20636972
2451 6974696f6e73
2452 2064656570
2453 20706f6c6974
2454 796f72
2455 6d70
2456 616b696e67
2457 8ceb
2458 204d616e
2459 206d696c6c696f6e
2460 202f
2461 20696e6469766964
2462 2070616e
2463 20676f7665726e6d656e74
2464 207772697465
2465 20546f64
2466 616d656e74
2467 20cf
2468 2077696e64
2469 20456e67
2470 6368656e
2471 5768
2472 ec9c
2473 206964656e74
2474 e381a7
2475 76656e74
2476 75726368
2477 206879
2478 207961
2479 2074726164
2480 2072656c6174696f6e73686970
2481 c3ba
2482 20646f75
2483 4f52
2484 20737765
2485 206e6567
2486 696e6174696f6e
2487 2074657874
2488 697070
2489 2066696e65
2490 c3a173
2491 204472
2492 20436f6d65
2493 206d6f6e746873
2494 2c22
2495 d0b5d0bdd0b8
2496 20686f757273
2497 20706f64
2498 697274
2499 20696e766f6c
2500 20636f6c6c656374
2501 20617566
2502 207061
2503 20686973746f7279
2504 6d62
2505 696679
2506 203f
2507 2062656c6f77
2508 6173757265
2509 616279
2510 206c616e6775
2511 20616e74
2512 20636f6d62
2513 61746f
2514 206578697374
2515 20eb8b
2516 2074616b6573
2517 20636861726163746572
2518 616666
2519 206669656c64
2520 2065636f6e6f6d
2521 696566
2522 207069656365
2523 e59c
2524 207265616368
2525 20eab2
2526 6f6e79
2527 206d6174657269616c
2528 20646967
2529 2070687973
2530 20696d70726f
2531 2073696d696c6172
2532 4943
2533 206e6574
2534 796e
2535 20706f736974696f6e
2536 c39f
2537 2062656e65
2538 72656164
2539 206c6561726e696e67
2540 756d65
2541 20636c65616e
2542 d182d0bed180
2543 20636f6f6b
2544 207365656d73
2545 206f6c
2546 205553
2547 204a6573
2548 20e0ae
2549 656e7469616c
2550 6976657273697479
2551 616379
2552 20d18f
2553 6f6c7574656c79
2554 72656374
2555 20506c65617365
2556 20726570726573
2557 20746f756368
2558 6d656e
2559 20d0b0
2560 69c3b36e
2561 205468616e6b73
2562 20616e67
2563 206d616a6f72
2564 20697473656c66
2565 696c6c73
2566 222c
2567 69616e73
2568 2073637265656e
2569 20686f72
2570 206b6e6f776e
2571 20656e7669726f6e
2572 2066696e616c
2573 20666967757265
2574 205477
2575 2065796573
2576 20696d6167
2577 20736565696e67
2578 2068616972
2579 72656d
2580 206170706c6963
2581 656e6473
2582 707574
2583 206e657773
2584 20636f6d706c6574656c79
2585 75676873
2586 206b6e6577
2587 6966696564
2588 204a65
2589 20446964
2590 20736974756174696f6e
2591 20666c6f
2592 6d73
2593 2070686f6e65
2594 2062616c6c
2595 646f
2596 20706172656e74
2597 20736f727279
2598 757279
2599 d0b8d0bd
2600 697073
2601 d0b0d0b4
2602 20696e7374656164
2603 2068756765
2604 207475
2605 20e381
2606 204772
2607 2064657461696c
2608 20d09f
2609 20696e646976696475616c
2610 2066697265
2611 20636c6f73
2612 20776572
2613 756e65
2614 2072756e6e696e67
2615 20636f6e76657273
2616 207265636f6d6d
2617 20636f6d6f
2618 20736f6d65626f6479
2619 204a6f686e
2620 20ec9db4
2621 204f7572
2622 706c6573
2623 205068
2624 20616e616c
2625 203530
2626 206f66666572
2627 203c
2628 6974696f6e616c
2629 67657374
2630 20766f7573
2631 6c6574
2632 696379
2633 206665656c696e67
2634 4c45
2635 726f73
2636 207468697264
2637 d0bed0ba
2638 20736572696573
2639 20416e79
2640 69736564
2641 6f6c64
2642 2064726177
2643 2073657276696365
2644 2063616e6e6f74
2645 62616c
2646 e38186
2647 206c6976696e67
2648 c4b16d
2649 20646966666572656e6365
2650 206f70706f7274756e697479
2651 206e656172
2652 6f727468
2653 6b656e
2654 206c6f63616c
2655 d8aa
2656 20436f6e
2657 206f626a656374
2658 2064617373
2659 e38199
2660 90d7
2661 20717569636b6c79
2662 72617068
2663 20697373756573
2664 e98099
2665 20416d65726963616e
2666 2070726570
2667 656e636573
2668 2070726f66657373
2669 6c6c696e67
2670 6f66
2671 20666f6f74
2672 627265
2673 20757375616c6c79
2674 2067656e6572616c
2675 6461
2676 616e636573
2677 2064657374
2678 206f6363
2679 206d656d62657273
2680 2064616e73
2681 20657175616c
2682 7a74
2683 206265636f6d
2684 206d6f76696e67
2685 207370656369666963
2686 c3ad61
2687 20667572
2688 206e6563657373
2689 20636f6d6d6f6e
2690 2061747461636b
2691 20d18dd182d0be
2692 20546f646179
2693 20756e73
2694 204775
2695 696f64
2696 206163636f756e74
2697 206772616e64
2698 2073656c66
2699 20456c
2700 2074617374
2701 20636f6e74656e74
2702 206375
2703 84eb
2704 204d61796265
2705 204a65737573
2706 6f726573
2707 706f7274
2708 a9b4
2709 206769766573
2710 206e6f726d616c
2711 d180d183
2712 20696d70616374
2713 c3a472
2714 2064696573
2715 206c6162
2716 7368
2717 696f73
2718 2050726573
2719 20556e64
2720 204f66
2721 2066696e616c6c79
2722 20646f6c6c
2723 20766f63c3aa
2724 706c79
2725 204167
2726 2074616b656e
2727 2067726f756e64
2728 666f7274
2729 2067617665
2730 20496e7374
2731 206c6f7374
2732 20776f726b6564
2733 206c69746572
2734 206973737565
2735 20696e64757374
2736 2072657475726e
2737 2068617070656e696e67
2738 2077616e7473
2739 d0b8d0b2
2740 2070726f626c656d73
2741 20436172
2742 9dbc
2743 20416c736f
2744 2073697a65
2745 206f6276696f75736c79
2746 205375
2747 205363
2748 207265636f6d6d656e64
2749 6f7572636573
2750 6173746963
2751 2e2e2e2e
2752 206d69
2753 6c696572
2754 204576656e
2755 636961
2756 20687572
2757 7661
2758 206d617373
2759 20776f756c646e
2760 756e74
2761 636b73
2762 2066656c74
2763 6f7370
2764 6c69676874
2765 d0bed0bbd18c
2766 6e6965
2767 20626f74746f6d
2768 20d0b1d18b
2769 6f726564
2770 69736f6e
2771 2067726164
2772 20756d61
2773 207661
2774 20ec82
2775 72657373696f6e
2776 756c6174696f6e
2777 4944
2778 6964656e6365
2779 20627572
2780 20676f6e65
2781 6c75
2782 ec96b4ec
2783 2072656475
2784 206a61
2785 ec9d98
2786 697461
2787 20736f6674
2788 20c3a761
2789 69636f
2790 6572616c
2791 c3b1
2792 6166
2793 20706f696e7473
2794 6775
2795 2064c3a9
2796 617074
2797 6178
2798 20416c7269676874
2799 2063616d657261
2800 20616368
2801 20d0bfd0be
2802 207365766572
2803 3530
2804 20736965
2805 cf81
2806 206d616c
2807 20636f6d707574
2808 206d6964646c65
2809 20636f756c646e
2810 6d696e67
2811 20ec8b
2812 20486973
2813 2067616d6573
2814 20696e74726f6475
2815 2063656c6c
2816 706f72
2817 20736c656570
2818 20ebb3
2819 6964696e67
2820 206f75
2821 20646567
2822 206472696e6b
2823 20656e7669726f6e6d656e74
2824 20556e69746564
2825 2074616c6b6564
2826 2063686f6f7365
2827 206a6f7572
2828 656765
2829 204d696e
2830 20696e7465
2831 20726174686572
2832 206f66666963
2833 d0bad0b0
2834 616368696e67
2835 206d656e74696f6e6564
2836 2066696c6c
2837 20747261636b
2838 206e6965
2839 207574
2840 20d0b2d18b
2841 6962696c697479
2842 20766163
2843 20726164
2844 207061636b
2845 2073656e64
2846 20446173
2847 204162
2848 20656e67696e65
2849 e38197
2850 20636f6d706574
2851 c3b4
2852 20d0b2d181
2853 20646f6f72
2854 206c6f6e676572
2855 e5b08d
2856 206c616e6775616765
2857 206578747261
2858 706c6179
2859 2077656273
2860 756d62
2861 726f6f6d
2862 e79c
2863 20626567696e6e696e67
2864 207265666572
2865 414d
2866 6e656e
2867 6967686572
2868 66616365
2869 657263
2870 20666f72676574
2871 20636f6d6d656e74
2872 d0b5d0ba
2873 d0bbd18f
2874 726f72
2875 c5bc65
2876 204765
2877 206461726b
2878 20616e796f6e65
2879 616e7465
2880 676573
2881 ec8ab5
2882 d191
2883 626564
2884 6a65
2885 72756374757265
2886 207072696d
2887 696461
2888 e8a6
2889 e381be
2890 206d6978
2891 207374617274696e67
2892 20ec9db4eb
2893 2070726f76696465
2894 616374696f6e
2895 206d6f74686572
2896 20706572696f64
2897 20737469636b
2898 20596f7554
2899 20746563686e6f6c6f6779
2900 eab9
2901 20626564
2902 20676976696e67
2903 206578706c61696e
2904 7a656e
2905 696d617465
2906 20726570726573656e74
2907 6c6f6164
2908 20486f7765766572
2909 206c69766573
2910 757468
2911 69726974
2912 6f676e
2913 206c696b
2914 20726573706f6e73
2915 2070726976
2916 20746f6d
2917 c3a7c3a36f
2918 69616d
2919 2065786369746564
2920 2063617264
2921 67726f756e64
2922 20d794
2923 2073656e73
2924 207465616368
2925 69646f
2926 686f64
2927 2065706973
2928 2077656c636f6d65
2929 2077616c6c
2930 e4b9
2931 206368616e6365
2932 68656e
2933 20d0a1
2934 20c491
2935 2073696d706c79
2936 20d182d0b0d0ba
2937 72696e67
2938 6a61
2939 626f6f6b
2940 207365766572616c
2941 737465
2942 2063726561746564
2943 20d0bed182
2944 2070757368
2945 3d3d
2946 20686967686572
2947 7566
2948 6f75726365
2949 6f6b65
2950 206f6e6c696e65
2951 2072656c65
2952 20746f6e
2953 656e73697665
2954 206661766f72697465
2955 d183d0b4
2956 206c6f6f6b6564
2957 20766f6e
2958 e28094
2959 2066c3bc72
2960 20627574746f6e
2961 2062696c6c
2962 206368616e676573
2963 2122
2964 20736c6f77
2965 61626c6573
2966 206465617468
2967 616e6473
2968 61746567
2969 207468656d73656c766573
2970 e381a3
2971 20636f70
2972 e381ae
2973 20706572736f6e616c
2974 756768696e67
2975 203131
2976 676172
2977 61646573
2978 206e6565646564
2979 207374756479
2980 61676564
2981 d181d182d0b2
2982 696e6f
2983 2064697363
2984 6b69
2985 2061646472657373
2986 d7a8
2987 697474656e
2988 65736f6d65
2989 20d0b6
2990 a4eb
2991 757261
2992 206d75
2993 20636f6e74696e75
2994 666f72
2995 206d61746368
2996 e381a6
2997 207374726169676874
2998 90eb
2999 6e657273
3000 20646f67
3001 20646562
3002 20434f
3003 206f73
3004 676564
3005 63616d65
3006 20636f7272656374
3007 65747465
3008 20536565
3009 20696e636c7564696e67
3010 204575726f
3011 6573746572
3012 206a756d70
3013 205768696368
3014 20d0bad0b0d0ba
3015 736f6e
3016 7961
3017 494e47
3018 2065696e65
3019 6f7368
3020 656e6379
3021 206d65646961
3022 20737562736372696265
3023 e982
3024 207072696e
3025 20686162
3026 20506572
3027 20576173
3028 2070616765
3029 69746f72
3030 20746f7761726473
3031 207472696564
3032 656e6765
3033 6172746d656e74
3034 2076617269
3035 207061706572
3036 2070696374757265
3037 2076657273696f6e
3038 2062726f75676874
3039 77617265
3040 20537461746573
3041 2073696368
3042 6c65646765
3043 2070657263656e74
3044 20676f64
3045 6563
3046 20436f6d6d
3047 2064656369646564
3048 2073656c656374
3049 ed959c
3050 292e
3051 7572697479
3052 2066757274686572
3053 20636f6d6d656e7473
3054 6c656d656e74
3055 20647265616d
3056 2063656e746572
3057 6d69
3058 20636173
3059 20776f6d616e
3060 20726f6164
3061 206661696c
3062 20626563616d65
3063 6c7573
3064 696c6974696573
3065 e381af
3066 20436f
3067 206d616e616765
3068 207265636f676e
3069 20616374696f6e
3070 2062656e6566
3071 206561726c696572
3072 d79c
3073 207370656564
3074 206d656e74
3075 20736f6369
3076 2073686f6f74
3077 7569
3078 20c3a4
3079 206170706c79
3080 766f
3081 78696d
3082 206361757365
3083 207375727072
3084 20686162656e
3085 4449
3086 20666174686572
3087 204e657874
3088 20596f7554756265
3089 20636f6465
3090 20726f6c65
3091 6772657373
3092 20677265656e
3093 657474
3094 206275696c74
3095 20666c6f77
3096 2062617365
3097 20747261696e696e67
3098 20726f756e64
3099 2057696c6c
3100 2070617468
3101 20526f
3102 20696e7465726573746564
3103 ec96b4
3104 2072657370656374
3105 206368616e676564
3106 697373696f6e
3107 2073747564656e74
3108 6f6772617068
3109 20617070726f616368
3110 2073686f7773
3111 e5b0b1
3112 20746172
3113 2063726974
3114 20676c6f
3115 ec8ab5eb8b88eb8ba4
3116 2064656164
3117 20507265736964656e74
3118 2074686f7573
3119 2062616c
3120 73746572
3121 6578
3122 206162736f6c7574656c79
3123 206d6963
3124 207072616374696365
3125 207175616c697479
3126 206c6f776572
3127 6f676c65
3128 207365706172
3129 62616c6c
3130 6d656469
3131 20726576696577
3132 20417070
3133 206f6b
3134 e2808b
3135 20657870657269656e
3136 20636f6e6365726e
3137 656e7469616c6c79
3138 6d6f7265
3139 204a6f
3140 6170616e
3141 20496368
3142 6973746963
3143 2066616972
3144 2077656273697465
3145 69726573
3146 204279
3147 2074726176656c
3148 207269736b
3149 206d6972
3150 20626f617264
3151 2073656e
3152 20706172656e7473
3153 20576f77
3154 2066656564
3155 2073617665
3156 20736572696f7573
3157 20696e6974
3158 454c
3159 756e64726564
3160 4153
3161 2076616e
3162 6f72726f77
3163 20776f727468
3164 20736561726368
3165 203136
3166 207061727473
3167 d181d182d18c
3168 20636f6d70616e
3169 206d6f766965
3170 206d6574686f64
3171 20696c6c
3172 2077697368
3173 6479
3174 206974656d
3175 206d696e7573
3176 616e676572
3177 20766f696365
3178 20736b696e
3179 206172656173
3180 206569676874
3181 206f6273
3182 202c
3183 d0b0d0b9
3184 206f696c
3185 206379
3186 2062616279
3187 7379
3188 20656d706c6f79
3189 204b65
3190 20706c61636573
3191 20666978
3192 20657374c3a1
3193 e381a8
3194 69766564
3195 206c6f7473
3196 20736561736f6e
3197 756e6b
3198 616c74
3199 207461626c65
3200 20d0a2
3201 c3a2
3202 20617474656e74696f6e
3203 e381aa
3204 20486572
3205 20616765
3206 20707261
3207 6261636b
3208 63696c
3209 206e6574776f726b
3210 726974
3211 20646f63
3212 206172656e
3213 6967656e
3214 20eb84
3215 d8af
3216 656e646572
3217 20746f74616c
3218 207072696365
3219 206372617a79
3220 ec9a
3221 697175
3222 74686f756768
3223 596f75
3224 d987
3225 e38293
3226 cf85
3227 20736174
3228 206269
3229 20446965
3230 20736861
3231 207468616e6b73
3232 7568
3233 207374616765
3234 d0b0d0b6
3235 20466c
3236 206c656176
3237 20626f79
3238 206166
3239 c3b66e
3240 20476574
3241 20616363657074
3242 20656e746572
3243 20747572
3244 207369c499
3245 20686f6e657374
3246 e3808c
3247 2073616d
3248 207265706c
3249 67696e67
3250 20646576656c6f706d656e74
3251 20416374
3252 6f7261
3253 e3808d
3254 e4be
3255 206b6e6f7773
3256 20696d616765
3257 204c6f7264
3258 d0b8d182d18c
3259 207765656b73
3260 20736578
3261 94eb
3262 2068756e64726564
3263 20736f756e6473
3264 206c6561726e6564
3265 20627564
3266 20d181d182
3267 20696e63726564
3268 e299
3269 206e6f73
3270 2064726f70
3271 2062656e
3272 20d098
3273 2073616665
3274 617461
3275 206675636b
3276 736f6369
3277 2064616e
3278 2063726f7373
3279 3130
3280 6d6f
3281 76657274
3282 203137
3283 7a6965
3284 e595
3285 20646f6d
3286 20426f
3287 2073657474696e67
3288 20696e766f6c766564
3289 6172696c79
3290 2073696e64
3291 20737573
3292 20776f727279
3293 657468
3294 eab98c
3295 2073756e
3296 2068696572
3297 206365727461696e6c79
3298 6f756c
3299 6f727473
3300 204572
3301 20556d
3302 2063617573
3303 206e61747572616c
3304 20c3bc
3305 20637279
3306 20536563
3307 20736f6d
3308 e6b2
3309 20656475636174696f6e
3310 d0b0d0b5d182
3311 206d756c746970
3312 20616c6f6e65
3313 20657965
3314 2072617465
3315 204575726f7065
3316 e8bf
3317 6d6f6e
3318 20666974
3319 697a696e67
3320 70706564
3321 207072657373757265
3322 746865
3323 d0b8d181
3324 69746573
3325 204166
3326 72656369
3327 6174746c65
3328 207365727669636573
3329 20476f6f676c65
3330 e981
3331 206361736573
3332 206472697665
3333 206368616c6c656e67
3334 757a
3335 204d6f
3336 ec9cbceb
3337 76616c
3338 e5808b
3339 20666f6c
3340 20eca2
3341 66666963
3342 207261
3343 2073696e
3344 20626c7565
3345 20616666656374
3346 206d6973
3347 2073686f74
3348 20d0bed0b1
3349 6173696e67
3350 207369676e69666963
3351 20436865
3352 20eab3
3353 20706f736974697665
3354 eca3
3355 20776965
3356 203430
3357 6f7264696e67
3358 2046726f6d
3359 eab5
3360 206272616e64
3361 207472757374
3362 20706c65
3363 20636f6d6d756e6963
3364 20776569676874
3365 2061736b696e67
3366 20746178
3367 204a6170616e
3368 e3819f
3369 20ed9598
3370 6f7073
3371 cf82
3372 2070757474696e67
3373 20726f6c6c
3374 20416d6572696361
3375 726567
3376 9ed7
3377 617475726573
3378 656e73696f6e
3379 20536f6d6574
3380 206f726967696e616c
3381 70696e67
3382 20c59f
3383 2070726f6475637473
3384 e383bc
3385 20636f6e74616374
3386 6f6c7574696f6e
3387 20676f616c
3388 20706f77
3389 20706572666f726d616e6365
3390 20626c6f6f64
3391 61746f7273
3392 204d696368
3393 2074656d706572
3394 2044616e
3395 2073756767
3396 d182d0b8
3397 20696d6d
3398 206f6666696365
3399 2061727269
3400 20636f6d666f7274
3401 20d094
3402 2073756767657374
3403 20706c6174
3404 8298
3405 3139
3406 206f6d
3407 20736576656e
3408 2043656e74
3409 696c6c65
3410 20636f6e63657074
3411 20626167
3412 c3bc6e
3413 6976656c79
3414 20646976
3415 6d6f73
3416 e689
3417 206665656c73
3418 206972
3419 616b6573
3420 6c6579
3421 207061727469636970
3422 20d09a
3423 666c
3424 6a757374
3425 2073696c
3426 205061
3427 414c
3428 20676f747461
3429 2066616e
3430 206368616c6c656e6765
3431 20636f6d70616e696573
3432 2050656f706c65
3433 3c2f
3434 d0bed0b7
3435 2070656e
3436 6973696e67
3437 20617573
3438 656d6963
3439 616d656e7465
3440 206d656574696e67
3441 207669736974
3442 20737570706f736564
3443 204f6e6365
3444 d0b4d0b0
3445 6f726c64
3446 3330
3447 5553
3448 2076696f6c
3449 206e6f74696365
3450 20d090
3451 68616e
3452 706564
3453 ec98
3454 6868
3455 2074726f75
3456 206d696e757465
3457 20506172
3458 726179
3459 20746974
3460 20757064
3461 20626c6f636b
3462 20647565
3463 617572
3464 20666f726365
3465 20636f756e
3466 20e28094
3467 207479706573
3468 eba7
3469 206c617465
3470 20696d70726f7665
3471 20ec88
3472 20617665
3473 756c6573
3474 636c
3475 616d6564
3476 20617765736f6d65
3477 204f6b
3478 20766f74
3479 206d616368696e65
3480 20666f6c6c6f77696e67
3481 206d656173757265
3482 616369c3b36e
3483 75656c
3484 6368616e
3485 206162696c697479
3486 20746f7574
3487 206964656173
3488 20696e637265617365
3489 20656e73
3490 20d185
3491 20ebaa
3492 206a657374
3493 20d09c
3494 207472757468
3495 6879
3496 207370656e64
3497 20736369656e6365
3498 657465
3499 203134
3500 20657069736f6465
3501 20616c67
3502 656e646564
3503 e38193
3504 617269
3505 6c6c61
3506 2066697368
3507 207468726f77
3508 6d6974
3509 e5b9
3510 2063697263
3511 2043616c
3512 20746f7572
3513 20646972656374696f6e
3514 206e6f6368
3515 d0b5d0b2
3516 c3a96e
3517 20636f756e7472696573
3518 20696e647573747279
3519 696e79
3520 69636c65
3521 2066656574
3522 4974
3523 206c656164657273
3524 65747a74
3525 207374616666
3526 e794
3527 2070757270
3528 69746f
3529 3f21
3530 204a61
3531 2073746f7265
3532 65746963
3533 204368696e61
3534 20eb90
3535 20556e6976657273697479
3536 2023
3537 206465636973696f6e
3538 206163686965
3539 2061637475616c
3540 756c79
3541 2073656374696f6e
3542 20726573756c7473
3543 2073746172
3544 206d697374
3545 69626c79
3546 20646164
3547 206e756d62657273
3548 6f6d62
3549 e8aa
3550 20537065
3551 206d6572
3552 203235
3553 206175746f6d
3554 20636f6c64
3555 d8a8
3556 849c
3557 61676572
3558 205456
3559 20536965
3560 2048617665
3561 20c5bc65
3562 756767
3563 61696e6564
3564 2075706f6e
3565 206c6f67
3566 20636f6d706c657465
3567 20627261696e
3568 6167696e67
3569 204d7573
3570 6f766572
3571 20656173696572
3572 20696e74656772
3573 206dc3a173
3574 207475726e6564
3575 2073747269
3576 6976616c
3577 2068656176
3578 205448
3579 2077726974696e67
3580 d180d0b0
3581 e59ca8
3582 e5a4a7
3583 20636c61
3584 64696e67
3585 2074656c6c696e67
3586 d0b8d0b4
3587 696361746564
3588 e4bba5
3589 61636874
3590 e38182
3591 68617073
3592 20537465
3593 207265736f7572636573
3594 2064616e6e
3595 207061727479
3596 20cf84
3597 20736166
3598 69736573
3599 747265
3600 6f696e74
3601 206b6e6f776c65646765
3602 20616e796d6f7265
3603 20666c79
3604 206d61696e74
3605 d0b8d0ba
3606 e591
3607 2073656c6c
3608 6c6175676873
3609 20596f726b
3610 206269656e
3611 206f64
3612 20656173696c79
3613 2072616e6765
3614 206f7074696f6e
3615 d8b9
3616 2061707072656369
3617 6f6372
3618 2064657465726d
3619 d184
3620 206d65616e696e67
3621 2073697465
3622 20646973636f
3623 766572616765
3624 206c6f7365
3625 20696e7374616c6c
3626 20656d6f74
3627 616e746c79
3628 c3a474
3629 2074616d62
3630 20576172
3631 20486f
3632 2047656e
3633 656d79
3634 d0b5d0b7
3635 20506f6c
3636 206d657373616765
3637 206e6f7465
3638 8c80
3639 20686574
3640 20696d6d656469
3641 2061766f
3642 20626f6f6b73
3643 206265636f6d6573
3644 72657368
3645 c3a873
3646 61736f6e73
3647 2068696d73656c66
3648 757473
3649 206a75
3650 206177617265
3651 2072657175697265
3652 2073797374656d73
3653 20486172
3654 20616d6f6e67
3655 20686f6d
3656 206272656174
3657 207765697264
3658 20ebb6
3659 cebb
3660 d8a9
3661 696666
3662 6f72696e67
3663 20706c6174666f726d
3664 2054616b65
3665 2068656c7073
3666 7574696f6e73
3667 20666f7267
3668 206c75636b
3669 20456e676c697368
3670 20776562
3671 206e65676174697665
3672 20747574
3673 2061626f7665
3674 6e677468
3675 20eab1b0
3676 2073746f72696573
3677 206c6f6164
3678 206261636b67726f756e64
3679 20737769746368
3680 6761
3681 207072696e6369
3682 2066696e616e
3683 20766172696f7573
3684 206cc3a0
3685 206b696e6473
3686 61696e696e67
3687 206e6174757265
3688 20d09e
3689 637a
3690 2070726179
3691 20676172
3692 69726d
3693 2026
3694 20ec83
3695 6e73
3696 20526570
3697 204665
3698 20726576
3699 72616e64
3700 206c696b656c79
3701 20756e6465727374616e64696e67
3702 c4b172
3703 e3818b
3704 2066616c
3705 203133
3706 d186d0b8
3707 20737564
3708 2062726f74686572
3709 20706c616e74
3710 207468726f7567686f7574
3711 77697365
3712 707265
3713 2063756c74757265
3714 20d985
3715 20776f6e64657266756c
3716 206168
3717 70706572
3718 20736f6c64
3719 20737461727473
3720 207772697474656e
3721 ceaf
3722 6e69
3723 20d794d7
3724 20446176
3725 20756c74
3726 2061726d
3727 20726f636b
3728 2077656172
3729 eb8db0
3730 616e6f
3731 726167
3732 20737175617265
3733 d0b0d0bdd0b8
3734 63617374
3735 6c656272
3736 206c69746572616c6c79
3737 20706c61796564
3738 2068656174
3739 6f6e7365
3740 72696374
3741 20696e7370
3742 696473
3743 20706f70756c6172
3744 eb8f84
3745 206361746368
3746 206d6f756e74
3747 206a7564
3748 57686174
3749 d0b5d0b1
3750 5241
3751 617564
3752 d0bad0be
3753 2073757266616365
3754 20636f6e76
3755 20706965636573
3756 4f68
3757 e680
3758 207374796c65
3759 7070696e67
3760 2072656164696e67
3761 20636f6e766572736174696f6e
3762 d0bed0bf
3763 e4be86
3764 20416761696e
3765 2062616e6b
3766 74696d65
3767 d183d182
3768 65727665
3769 204772656174
3770 2063617074
3771 d0b0d0b1
3772 617973
3773 2046696e
3774 696669636174696f6e
3775 20c3a472
3776 d0b0d18e
3777 20656767
3778 2057656c
3779 20746172676574
3780 756c61
3781 63686573
3782 616e69
3783 4f4f
3784 6963696f7573
3785 6e6f77
3786 cf83
3787 626f617264
3788 2067656e7465
3789 2064726f
3790 204574
3791 2064696e
3792 20636f73
3793 20617574686f72
3794 d8b3
3795 206f6368
3796 20656d61696c
3797 20737069726974
3798 2073697474696e67
3799 6d6173
3800 20737472656e677468
3801 20626967676572
3802 2057616974
3803 206d6174
3804 20706f6c696365
3805 726573736564
3806 2077616974696e67
3807 697368696e67
3808 20646f6c6c617273
3809 686f6f64
3810 7373
3811 20696d6167696e65
3812 696e69
3813 206d6573
3814 2064697365
3815 69646765
3816 61626f72
3817 20706574
3818 20686f70
3819 204b696e67
3820 20636f6d7075746572
3821 20676f6c64
3822 206e75
3823 2066696e67
3824 292c
3825 207365637572697479
3826 72756374696f6e
3827 20736f6c7574696f6e
3828 657874
3829 20706174746572
3830 69636b656e
3831 75726564
3832 207374616e64617264
3833 ec8b9c
3834 20646f75626c65
3835 ceb7
3836 2077696665
3837 697361
3838 206469726563746c79
3839 61636564
3840 2062756e6368
3841 20c2bf
3842 d0b0d0bbd18c
3843 20726567617264
3844 207377656574
3845 20756e69717565
3846 20e299ab
3847 20747261696e
3848 204765726d
3849 ceac
3850 5245
3851 206265686176
3852 2070726564
3853 ec83
3854 736574
3855 206465736372697074696f6e
3856 c3a965
3857 20636174
3858 e593
3859 20636f6c6c656765
3860 ec9b
3861 206170706c69636174696f6e
3862 2053656e
3863 61736b
3864 2063726564
3865 75626c6963
3866 206d756c7469706c65
3867 206e69
3868 20707265736964656e74
3869 206164646564
3870 20726f62
3871 2061717569
3872 20686f7370
3873 20746f6f6c73
3874 2067756e
3875 206261736963
3876 206c696e6573
3877 20737472756374757265
3878 2052757373
3879 20746f74616c6c79
3880 2062696767657374
3881 2065656e
3882 20617267
3883 20d79c
3884 207061726b
3885 20446573
3886 2063656c656272
3887 2066616974
3888 d0b5d0bdd18c
3889 2073756666
3890 20726567756c6172
3891 a8eb
3892 206d696e65
3893 204b6f7265
3894 2070726576696f7573
3895 207069
3896 20736567
3897 20706f6c696379
3898 20d0bad0be
3899 205472756d70
3900 2076616363
3901 c3b377
3902 205379
3903 d0b8d187
3904 6974746572
3905 20706f6c69746963616c
3906 726173
3907 20616c73
3908 d0b5d0bbd18c
3909 207368617065
3910 616e7a
3911 206f6e746f
3912 2061726368
3913 20616d62
3914 616772616d
3915 20536d
3916 6374696f6e73
3917 206a6f696e
3918 626f72
3919 e59b
3920 206672616d65
3921 a087
3922 2063686f696365
3923 e0af81
3924 d183d18e
3925 20436f72
3926 205377
3927 4954
3928 2074656e64
3929 20456172
3930 20746f72
3931 206576656e7473
3932 20636c61696d
3933 204461
3934 204d61726b
3935 2067726f757073
3936 20656174696e67
3937 20576f726c64
3938 20726563656e746c79
3939 207461737465
3940 2073757276
3941 e0a4
3942 20736b696c6c73
3943 20d0b8d0b7
3944 6974746564
3945 2073686f70
3946 ec9db4ec
3947 206573746162
3948 20eb8298
3949 207365636f6e6473
3950 2054686f7365
3951 20456e74
3952 20ec84
3953 6572736f6e
3954 20746f776e
3955 2063616e64
3956 206f7074696f6e73
3957 20696e67
3958 564944
3959 20656e636f7572
3960 2072c3a9
3961 e299aa
3962 20656e747265
3963 206d6f76656d656e74
3964 2042656e
3965 206269727468
3966 20776865
3967 2068616e67
3968 20456d
3969 696765
3970 726f6c6c
3971 20756e66
3972 ec82
3973 20726964
3974 20737072656164
3975 20686f7374
3976 616c64
3977 204564
3978 20636f6e73756d
3979 554e
3980 206f70696e
3981 69746172
3982 204d6564
3983 207375626a656374
3984 2070616c
3985 206361727279
3986 206167726565
3987 205768696c65
3988 20636172656572
3989 20736369656e74
3990 2073756464656e
3991 2066696c65
3992 7a69
3993 20657863657074
3994 e9ba
3995 20706f74656e7469616c
3996 20416e6f74686572
3997 20636f6d706c6578
3998 2053696d
3999 656e646f
4000 2072616973
4001 20706879736963616c
4002 2064617465
4003 616b6572
4004 20436f6c
4005 20706f77657266756c
4006 206d656d626572
4007 726170
4008 2073706f74
4009 20736f75726365
4010 2066656d
4011 c3a96d
4012 20656d70
4013 6a69
4014 69657479
4015 20696e666c75
4016 20647279
4017 206c6f636b
4018 207a65726f
4019 205568
4020 20726f7574
4021 20706f72717565
4022 203234
4023 2074616c
4024 20666f6c6b73
4025 206c61756e6368
4026 20636f6d706f6e
4027 2057656c636f6d65
4028 206b616e6e
4029 c3a46e
4030 20d18dd182
4031 656573
4032 20d988
4033 20616e79776179
4034 2061756469656e6365
4035 e4baba
4036 20736c69676874
4037 6f6e61
4038 207572
4039 2072656c6967
4040 2065787472656d
4041 c4b17a
4042 204d61
4043 cebc
4044 20c3b6
4045 20616c6c6f7773
4046 20666174
4047 2046616365
4048 206e6174696f6e616c
4049 20696e74657276696577
4050 204d63
4051 c3a974
4052 2063757465
4053 656c61
4054 20736563726574
4055 2057657374
4056 20446570
4057 206578657263
4058 20686973746f72
4059 207072696f72
4060 203630
4061 617661
4062 6163686572
4063 796f6e64
4064 204861
4065 2065737465
4066 696e617279
4067 204e6f727468
4068 6f6e7374
4069 20736d617274
4070 616d73
4071 d0b0d0bbd0b8
4072 20646172
4073 65726564
4074 2066756e6e79
4075 204f62
4076 20426c61636b
4077 2072656c61746564
4078 204275
4079 20736f6d657768657265
4080 2052656d
4081 6e6573
4082 6d656e7465
4083 205265616c6c79
4084 206372656174696e67
4085 2066616d696c
4086 20736f6369657479
4087 2067656c
4088 207472616e73666f726d
4089 c483
4090 20696e636c756465
4091 20686f6c
4092 6c696b65
4093 6b6f
4094 61697273
4095 20d0bfd0bed0b4
4096 207065727370656374
4097 20626573
4098 20706172746963756c61726c79
4099 2073686f77696e67
4100 2050617274
4101 207175616c
4102 6c6f636b
4103 207265616c697479
4104 686f6c64
4105 696374696f6e
4106 6f6f6e
4107 20766972
4108 e381ab
4109 6974617279
4110 2064727567
4111 2066656174757265
4112 20726561736f6e73
4113 20d7a9
4114 2077726f7465
4115 2066616e74
4116 2062616e64
4117 d983
4118 656e61
4119 6b6579
4120 206561727468
4121 646f6d
4122 206665617475726573
4123 20666c6f6f72
4124 20737065616b696e67
4125 20746970
4126 2041757374
4127 2073746f636b
4128 20636875726368
4129 20726163
4130 ec9cbceba19c
4131 e0b899
4132 e3828c
4133 6b79
4134 20726573706f6e7365
4135 db8c
4136 756c6174696f6e73
4137 20736c696465
4138 206772616475
4139 63696f7573
4140 206d65616e74
4141 203d3d
4142 20d790d7
4143 e385
4144 206b696e6461
4145 207363656e65
4146 206d756974
4147 20eab080
4148 72617374
4149 72657374
4150 20706c6179657273
4151 7761
4152 2062726f6164
4153 20746f6d6f72726f77
4154 6f636f6c
4155 20d181d0b2
4156 20426172
4157 c4b16b
4158 20736561
4159 2072656d6f7665
4160 2072656d696e64
4161 d0bed0bcd183
4162 2053696e6365
4163 2061766563
4164 63656c6c
4165 d0b8d185
4166 20646f63756d656e74
4167 20eab7b8eb9f
4168 206e65696768
4169 62656174
4170 2070c3a5
4171 20617370656374
4172 20646564
4173 6c6973686564
4174 696c73
4175 206f757273656c766573
4176 756365
4177 20686579
4178 20d0bfd180d0be
4179 656e7479
4180 206173736f6369
4181 61646f73
4182 756d626572
4183 205d
4184 e982a3
4185 6e6f76
4186 20ec99
4187 d183d187
4188 20636f6e646974696f6e
4189 eb8a94eb8db0
4190 2076616c756573
4191 207363656e
4192 6d696e697374
4193 2063617374
4194 2067726f77696e67
4195 2075736572
4196 20726573706f6e64
4197 6c696d
4198 c3a972
4199 796d
4200 e79c8b
4201 6f736573
4202 73796368
4203 20d180d0b0d0b7
4204 20617070656172
4205 2070726f6772657373
4206 656e677468
4207 206a616b
4208 20446973
4209 2070617469656e7473
4210 20536572
4211 20676173
4212 c3a87265
4213 ec96b4ec9a94
4214 2072656369
4215 ec9db8
4216 20736361
4217 6570656e64
4218 d181d0ba
4219 d0b0d0bf
4220 20626174746572
4221 20766568
4222 f09f
4223 206163636f6d
4224 2062656174
4225 207061696e74
4226 20636f6e74726962
4227 20736164
4228 c6b0
4229 616c6573
4230 2074726565
4231 6261
4232 20626f726e
4233 69636564
4234 e0ae95
4235 62616e64
4236 206d656368616e
4237 20446574
4238 206361706974616c
4239 2064656c69766572
4240 2066656172
4241 9e98
4242 20536f757468
4243 20626f75676874
4244 20737472657373
4245 20766f72
4246 3f3f
4247 6968
4248 ec95bc
4249 20657261
4250 ec9db4eb
4251 d0b0d18f
4252 6973696f6e73
4253 6976697479
4254 2068656c706564
4255 20617373697374
4256 20706c61796572
4257 72616e
4258 20696d6d6564696174656c79
4259 206d6f766564
4260 636965
4261 eab1
4262 20616e6e6f756e
4263 e5bf
4264 ec9e90
4265 2070726f64756374696f6e
4266 2073756d6d6572
4267 2074756e
4268 2070726f6772616d73
4269 4748
4270 616c696e67
4271 697261
4272 656c657373
4273 2e29
4274 2061766572616765
4275 e8a681
4276 20676c617373
4277 6f6d616e
4278 69666963616c6c79
4279 20eb8ba4
4280 20436f6e67
4281 20566572
4282 20747269636b
4283 20626567616e
4284 2076696c6c
4285 eab1b0
4286 686f77
4287 e6ad
4288 2074696c6c
4289 203930
4290 62657274
4291 20eab8
4292 2074656d7065726174757265
4293 c3b2
4294 e0b988
4295 206772617068
4296 20eab7b8
4297 20726f74
4298 206d6f62
4299 4159
4300 61656c
4301 2072657065
4302 20646576696365
4303 20313939
4304 2074656c65
4305 206b657074
4306 7061
4307 e696
4308 7665727365
4309 2073747265616d
4310 d0b5d187
4311 657373696f6e
4312 20737472756767
4313 7a7a
4314 20646567726565
4315 2068656c70696e67
4316 20736d656c6c
4317 2070657268617073
4318 70726f
4319 20636f6e74657874
4320 20696b
4321 20d0bfd0b5d180
4322 2063616c63756c
4323 e9babc
4324 62696e67
4325 207265616c697a65
4326 6c616d
4327 2043686172
4328 7974
4329 20ec9db4ec
4330 2064616e676572
4331 20496d
4332 6161
4333 206c6f766564
4334 20707572706f7365
4335 2066696e6973686564
4336 207065616365
4337 206f74
4338 20676c6f62616c
4339 cf80
4340 2061626572
4341 9688
4342 2063686172616374657273
4343 206e7572
4344 2064616d616765
4345 20656d6572
4346 2070726563
4347 20576972
4348 20696e73746974
4349 91d7
4350 20616c6c6f776564
4351 626f6e
4352 20746f64
4353 d0b5d0b3d0be
4354 206a65747a74
4355 206d65646963
4356 20736d616c6c6572
4357 63656564
4358 206c6576656c73
4359 20696e74656c6c
4360 5765
4361 2073656d
4362 2063757272656e746c79
4363 206d6f6465726e
4364 20636f6e7472616374
4365 2064657461696c73
4366 6f7274756e6174656c79
4367 4f53
4368 20737461746573
4369 2061646a757374
4370 616e74616765
4371 657a
4372 2056657279
4373 207363616c65
4374 2072656c65617365
4375 2066617a
4376 206963
4377 6974756465
4378 4143
4379 20506174
4380 6964656e
4381 ad90
4382 20707265666572
4383 6f6c6f676963616c
4384 2046616365626f6f6b
4385 20eab099
4386 202e2e
4387 204d616b65
4388 20d0bad0bed182d0bed180
4389 204461766964
4390 204166726963
4391 206d6f6465
4392 2043697479
4393 207368616c6c
4394 20d184
4395 696d696e
4396 20d0b7d0b0
4397 726f6d
4398 7561
4399 206265796f6e64
4400 2064697374726962
4401 d0bad183
4402 20446f6573
4403 2076696374
4404 72617465
4405 20766169
4406 207375636365737366756c
4407 20686f7573
4408 616861
4409 65737473
4410 20457374
4411 20646973636f766572
4412 207468657265666f7265
4413 636861
4414 20637570
4415 20706f70756c6174696f6e
4416 20496c
4417 7363
4418 207370656e74
4419 72656c
4420 2075736566756c
4421 20746162
4422 e69d
4423 20c5
4424 20eca09c
4425 20636f6e7365
4426 207175616e74
4427 617961
4428 20626f6e
4429 e58faf
4430 204368696e
4431 20eab283
4432 6f756e6473
4433 d0b5d188
4434 656c6c65
4435 20696365
4436 3231
4437 206b69636b
4438 e4b88b
4439 207374657073
4440 20746f6e69676874
4441 d0bdd18bd0b9
4442 72656e6368
4443 2e27
4444 2067726162
4445 20696d706c656d656e74
4446 20ec8898
4447 206d697373696f6e
4448 20636c6561726c79
4449 2061707072656369617465
4450 e880
4451 206672657368
4452 61726d
4453 2054776f
4454 2065786563
4455 2070726f6a65637473
4456 20636f6d6d756e6974696573
4457 7269626c65
4458 20726567696f6e
4459 206672657175
4460 726f79
4461 20686f7765766572
4462 20706172746e657273
4463 616e63
4464 206d696e696d
4465 206c6174
4466 2066616d696c696573
4467 2065766964656e6365
4468 2070756e
4469 72616674
4470 206c6f7373
4471 206d6170
4472 20616e79626f6479
4473 206368616e67696e67
4474 2072756c6573
4475 206f7267616e697a6174696f6e
4476 20657373656e7469616c6c79
4477 20526564
4478 20656c656d656e74
4479 e697
4480 2076697274
4481 726174
4482 207072696e74
4483 616e646572
4484 6172656e
4485 656d6f73
4486 cebfcf85
4487 20636f6e646974696f6e73
4488 616265
4489 2064616e6365
4490 d0b8d180
4491 20646f73
4492 d0bed187
4493 20517565
4494 2077616c6b696e67
4495 2074726f
4496 206964
4497 206164646974696f6e616c
4498 2066756c6c79
4499 2066616e73
4500 206164646974696f6e
4501 206c696b6564
4502 20c3bc626572
4503 20626f77
4504 6469
4505 206d6173746572
4506 6f6666
4507 293a
4508 6d626572
4509 20ebac
4510 e5af
4511 e588b0
4512 6c61757365
4513 206f646572
4514 20736166657479
4515 207265616374
4516 e0aebf
4517 6274
4518 20646973617070
4519 206769726c73
4520 5374
4521 20416e67
4522 206661697468
4523 207475726e73
4524 207469676874
4525 206d6f757468
4526 616d69
4527 7a6572
4528 2077656170
4529 20d0b1d183d0b4
4530 20686f73706974616c
4531 72616964
4532 206d6963726f
4533 205374617465
4534 204d6f7374
4535 61676e
4536 20646563696465
4537 2070617469656e74
4538 20636f726e6572
4539 2064696564
4540 4e6f
4541 2053747564
4542 72656e64
4543 656d7074
4544 206c6965
4545 206c6966
4546 204265666f7265
4547 74c3b3
4548 205375706572
4549 2062656c6c
4550 3630
4551 2070726976617465
4552 205061756c
4553 20676962
4554 2061677265
4555 b4ec849c
4556 20736967
4557 20696e766573746967
4558 d18fd182
4559 656e696e67
4560 2064697374616e6365
4561 207761726d
4562 206469676974616c
4563 e5be88
4564 696e6572
4565 2070616e64
4566 20434f564944
4567 d0b3d0be
4568 676e
4569 2072616365
4570 2070726f7564
4571 207465616368696e67
4572 20d182d0be
4573 ec9ea5
4574 20416c6c6168
4575 496e
4576 20776f6f64
4577 20636f6c6f7273
4578 2077697264
4579 756a
4580 69646164
4581 20637573746f6d657273
4582 20636f6e6e6563746564
4583 206c61796572
4584 2061636869657665
4585 207065727370656374697665
4586 20436f6c6c
4587 d982
4588 20636c6f7564
4589 212121
4590 20656e646564
4591 a087eab28c
4592 206d616e6167656d656e74
4593 2072696368
4594 207375627374
4595 2072656d6f
4596 207365727665
4597 20726573697374
4598 2074686f7567687473
4599 2067726f777468
4600 696c696172
4601 20726967687473
4602 20636861726765
4603 20636f6e73697374
4604 2077657264656e
4605 20656d62
4606 616e646f6d
4607 2068757274
4608 206b616e
4609 696173
4610 d0bbd0be
4611 2073686974
4612 20626567
4613 207265636569766564
4614 69746174696f6e
4615 206d656174
4616 206973736f
4617 66666565
4618 2066616d6f7573
4619 20636f6d666f727461626c65
4620 494c
4621 20427965
4622 e8aaaa
4623 e58091
4624 6f74686573
4625 206d65646963616c
4626 20656e6a6f796564
4627 206865616c746879
4628 207779
4629 63696573
4630 206566666f7274
4631 20646f63746f72
4632 206d696c6974617279
4633 4c4155
4634 2067726f
4635 20626174746c65
4636 20666564
4637 206361706163
4638 20616672616964
4639 6976696c
4640 20d0b2d181d0b5
4641 206c656e677468
4642 79736973
4643 20626569
4644 a4ed
4645 206f7267616e697a
4646 6f7267
4647 696e63
4648 20696e746572616374
4649 204368696e657365
4650 206163636f7264696e67
4651 20696e6372656469626c65
4652 206b696c6c6564
4653 206461756768746572
4654 20cf80
4655 d18bd0b2
4656 207363686f6f6c73
4657 20c2ab
4658 6c6c6572
4659 2073686f756c646e
4660 6e616c
4661 2063726973
4662 20636869636b656e
4663 20666173746572
4664 2065787472656d656c79
4665 206f70706f73
4666 206e6f7573
4667 202b
4668 726961
4669 2066696e616e6369616c
4670 206578636974696e67
4671 206a6f75726e6579
4672 d799d79d
4673 a0eb
4674 20646973706c6179
4675 206d656d6f7279
4676 206865617679
4677 d0bdd0b5
4678 20706173736564
4679 d180d0b8
4680 696c6573
4681 207073796368
4682 207370656369666963616c6c79
4683 20656e67616765
4684 206c6564
4685 6f726765
4686 2044656d
4687 6f72646572
4688 203830
4689 20637265616d
4690 6573746572646179
4691 2065646765
4692 20d0bfd0bed0bb
4693 2062756c6c
4694 20696e646963
4695 206b74c3b3
4696 20686f706566756c6c79
4697 756d656e7473
4698 6167656e
4699 d0bdd0bed0b3d0be
4700 2068617465
4701 636874
4702 3830
4703 206566666963
4704 20eca780
4705 20696e7465726e6574
4706 20627564676574
4707 2070726f7065727479
4708 69646179
4709 20ec9a
4710 20d0bcd0bed0b6
4711 6f6c61
4712 2073686f776564
4713 204d6f6e
4714 2074686f7573616e64
4715 4150
4716 20706f6f72
4717 75736564
4718 204a61636b
4719 2073c3a5
4720 83bd
4721 20657363
4722 20736f667477617265
4723 2071756172
4724 20d8a8
4725 206e65636573736172696c79
4726 6f6d656e
4727 6979
4728 206576656e7475616c6c79
4729 6973686564
4730 20627269676874
4731 4544
4732 2073706c
4733 2064656d616e64
4734 20746872656174
4735 20736972
4736 2072656c6561736564
4737 636b6574
4738 20e280ab
4739 207265717569726564
4740 20766f7465
4741 ecb9
4742 e0aea4
4743 20646576656c6f706564
4744 20ec82ac
4745 61746f7279
4746 20646972
4747 63617065
4748 20736c696768746c79
4749 c3ac
4750 e0b989
4751 72656574
4752 2064697365617365
4753 20636f757274
4754 206974656d73
4755 204561727468
4756 d181d182d0b8
4757 d0b6d0b5
4758 ecb2
4759 206368616c6c656e676573
4760 2042726974
4761 2064657369676e6564
4762 3132
4763 2068656172696e67
4764 206c697374656e696e67
4765 7a6f
4766 20d181d0bb
4767 e381a7e38199
4768 207065726f
4769 2077656172696e67
4770 706c6963
4771 206368656d
4772 2062616c616e6365
4773 206261
4774 2072656365697665
4775 696d61
4776 207369676e69666963616e74
4777 20d0bcd18b
4778 616e6368
4779 204372
4780 20436f756e
4781 eab888
4782 206a6f6273
4783 206f6666696369616c
4784 207065726d
4785 6f6d73
4786 206f70706f7274756e6974696573
4787 206f766572616c6c
4788 20687573
4789 6f646573
4790 206e6174696f6e
4791 20526567
4792 206f7264
4793 2072657374617572
4794 20ec86
4795 206d656c
4796 76696e
4797 2077656e6e
4798 206bc3b66e
4799 e683
4800 206f70696e696f6e
4801 e38282
4802 e8ac
4803 20536f6d6574696d6573
4804 e782
4805 d189d0b5
4806 617363
4807 4f55
4808 2032303230
4809 2064656c6963696f7573
4810 69676572
4811 20ec9588
4812 6f6c65
4813 2068616e646c65
4814 20636974
4815 20ed959c
4816 2066c3b672
4817 6f6f7468
4818 206e6563657373617279
4819 20696e646570656e64
4820 e684
4821 697374656e
4822 68616d
4823 20c3a974
4824 e383b3
4825 206d756c7469
4826 cf8c
4827 3f29
4828 2063616d707573
4829 20746f706963
4830 207261696e
4831 2070616e656c
4832 2053616d
4833 206c6172676572
4834 61756469656e6365
4835 2070616964
4836 2065636f6e6f6d6963
4837 6f6c74
4838 20737472656574
4839 20436f6e74
4840 2064726976696e67
4841 20eca080
4842 20686179
4843 2070726f66657373696f6e616c
4844 20496e7465726e
4845 e5b8
4846 20696e707574
4847 206361746567
4848 2063726f
4849 206c6c
4850 4554
4851 d18bd0b9
4852 2a2a
4853 205a65
4854 424c45
4855 20eca4
4856 72656573
4857 20d0af
4858 656465
4859 69657274
4860 20666f6c64
4861 20647572
4862 204e6174696f6e616c
4863 20ec96b4eb
4864 616e636564
4865 206661697265
4866 75746564
4867 206b696e67
4868 2077696c64
4869 6f69
4870 757062656174
4871 2070726576656e74
4872 697573
4873 20c3a8
4874 2077696465
4875 2072696e67
4876 207469746c65
4877 207374616e64696e67
4878 20616c74686f756768
4879 206869
4880 207361756365
4881 207369646573
4882 20616e696d616c73
4883 696c696e67
4884 617469766573
4885 ec9790ec849c
4886 204f766572
4887 2064657370
4888 20636f6e73696465726564
4889 6172696573
4890 69657273
4891 2065696e656e
4892 20736973746572
4893 20eb95
4894 2053757265
4895 e3828b
4896 7269656e64
4897 6169676e
4898 2073686f776e
4899 20736163
4900 20736f6e74
4901 2063656e74757279
4902 207469656e
4903 20ceba
4904 205354
4905 e5958a
4906 206f6c646572
4907 69656d
4908 207472756c79
4909 205369
4910 2077696e646f77
4911 6971756573
4912 6172696f
4913 e6b292
4914 206c6f636174696f6e
4915 ceba
4916 20ec9c
4917 7669
4918 61677565
4919 20536f727279
4920 2064697370
4921 2068656c6c
4922 20c389
4923 207472616465
4924 20637269746963616c
4925 20eab1
4926 206e616d6564
4927 207072657061726564
4928 20486f757365
4929 616c75
4930 20746f756768
4931 2074726970
4932 2073616e64
4933 63656c
4934 c3bc7a
4935 20507574
4936 206170617274
4937 697366
4938 766973
4939 206c696272
4940 6176656e
4941 20766965
4942 20656666656374697665
4943 e0b8b2
4944 206d61676e
4945 206d7569746f
4946 20eab5
4947 68616c
4948 206c696d6974
4949 206e696e65
4950 2077696c6c696e67
4951 c4b1c59f
4952 7370
4953 d0b5d0b3
4954 6869
4955 20616c74
4956 204a616e
4957 206f726967696e
4958 205573
4959 20656c656d656e7473
4960 2075736573
4961 2068656c7066756c
4962 20666c6174
4963 2066616d696c696172
4964 205061726b
4965 20636f7265
4966 20636c6f736572
4967 20616374697665
4968 2061646d696e697374
4969 4345
4970 d0bdd18bd0b5
4971 e784
4972 2072656c6174697665
4973 206d656e74616c
4974 2072616e646f6d
4975 20706172746e6572
4976 207574696c
4977 70686f6e65
4978 2072756c65
4979 7777
4980 20eca095
4981 207363686f6e
4982 20636f66666565
4983 4841
4984 20636f6e6e656374696f6e
4985 20756e6974
4986 6c61756768696e67
4987 6c6f67
4988 206170706c
4989 d0bbd0b0
4990 75736963
4991 20427261
4992 20616e797768657265
4993 41554449
4994 207365706172617465
4995 626f78
4996 206469766964
4997 2074657374696e67
4998 207369636b
4999 20776572656e
5000 e4bb96
5001 20d79cd7
5002 20616476616e74616765
5003 207472616e73666572
5004 272e
5005 20ebb9
5006 2066696e64696e67
5007 d0bdd0bed0b9
5008 20eca28b
5009 20666f7274
5010 2065636f6e6f6d79
5011 206c61636b
5012 206c656176696e67
5013 2064696d
5014 e58e
5015 20526573
5016 d8ad
5017 2064697363757373696f6e
5018 d0b5d0bf
5019 20676573
5020 64756374
5021 20636861696e
5022 207573657273
5023 656368
5024 c58261
5025 2064697368
5026 206361726566756c
5027 2074656163686572
5028 206f7074696d
5029 20666c75
5030 61746963616c6c79
5031 207265666c656374
5032 2074726561746d656e74
5033 656564
5034 69c499
5035 c3b9
5036 e0aebe
5037 206571756970
5038 20706c616e6e696e67
5039 20736f6c7665
5040 e3819d
5041 20546f6d
5042 2061766f6964
5043 20706f75
5044 2067726561746572
5045 6c696e
5046 4f4c
5047 204c75
5048 204d6f7265
5049 2061747472616374
5050 c3aa6e
5051 756e61
5052 2070686f746f
5053 65726174696f6e
5054 20706c616e6574
5055 20636f7079
5056 2076697375616c
5057 6972696e67
5058 20696e7465726e6174696f6e616c
5059 206c61756768696e67
5060 20746869636b
5061 20686f6c64696e67
5062 206272696e67696e67
5063 206c6574746572
5064 206275726e
5065 2065666665637473
5066 6974c3a9
5067 6f757273
5068 4f54
5069 c3aa6d65
5070 205363686f6f6c
5071 d795d7aa
5072 726f707269
5073 6c6967
5074 ceb1ceb9
5075 206164756c74
5076 207375676172
5077 2072696465
5078 20686967686c69676874
5079 206e6f626f6479
5080 203231
5081 2063686174
5082 20d0bfd180d0b8
5083 20696e6e6f76
5084 756e67656e
5085 20617474616368
5086 65646f6d
5087 e58a
5088 796c
5089 206c6567616c
5090 2072696365
5091 20636f6c6c61626f72
5092 6b696e67
5093 646f776e
5094 e699
5095 e3828a
5096 206968
5097 204163
5098 6f75736c79
5099 20726170
5100 20736f6c6964
5101 2067656e6572616c6c79
5102 207061747465726e
5103 616c69
5104 e0b8ad
5105 207472616e736c
5106 696e746572
5107 61756c74
5108 20eba8
5109 2065787072657373
5110 206578616d706c6573
5111 2063686f7365
5112 2074656c6c73
5113 c3ad73
5114 61696e74
5115 2054656c6c
5116 204d69636861656c
5117 e6a8
5118 204e756d626572
5119 20746170
5120 206578706572696d656e74
5121 2062656e65666974
5122 20ecb0
5123 2073657175
5124 20657870656e73697665
5125 2067656e65726174696f6e
5126 204d616e79
5127 20616464696e67
5128 206b696c
5129 2063616d706169676e
5130 20416e74
5131 726177
5132 6f6d6d656e
5133 20736f756c
5134 6a6f
5135 2041637475616c6c79
5136 616d6d
5137 eab2a0
5138 206d6178696d
5139 2073616c74
5140 20637275
5141 2063616c6c696e67
5142 e3818c
5143 206261736973
5144 62616e
5145 206b656570696e67
5146 204d6f72
5147 656473
5148 ec86
5149 20746f646f
5150 d0b0d0bcd0b8
5151 d0bdd18f
5152 206c69766564
5153 204475
5154 e38289
5155 e5aeb6
5156 666f726365
5157 e5b9b4
5158 666572656e6365
5159 616c61
5160 206f63637572
5161 736b
5162 20726563656e74
5163 2063617273
5164 20747261646974696f6e616c
5165 656e746c65
5166 b288
5167 2068656c64
5168 206e616368
5169 2043656e746572
5170 6572656e
5171 2062696e
5172 d981
5173 20636f6d6d65
5174 2072657665
5175 20ec98a4
5176 206578706563746564
5177 6162696c
5178 20666f6375736564
5179 6f76
5180 206950
5181 6f7269616c
5182 69726f
5183 20657463
5184 616d696e67
5185 20536f6e
5186 20796573746572646179
5187 20737472617465
5188 20d186
5189 20eb8f
5190 706573
5191 206163746976697479
5192 20616476696365
5193 206f70656e696e67
5194 66696e
5195 2072656c61
5196 e996
5197 20696e7374616e6365
5198 2045766572796f6e65
5199 626c
5200 70656e
5201 20766973696f6e
5202 20416c6578
5203 69666f726e
5204 207469636b
5205 4865
5206 207374726174656779
5207 206b6f6d
5208 5045
5209 20476c
5210 20656c656374726963
5211 3135
5212 206461696c79
5213 2068757362616e64
5214 2073746174696f6e
5215 20616e616c79736973
5216 796e616d
5217 20617474656d7074
5218 2062696c6c696f6e
5219 76616e74
5220 20666f727468
5221 206d617468
5222 616c79
5223 206265686176696f72
5224 204d6173
5225 6b616e
5226 20446179
5227 20626c657373
5228 20677574
5229 2048696768
5230 6f78
5231 206472657373
5232 206a6564
5233 e8af
5234 e596
5235 20657870657269656e636573
5236 69737461
5237 206669676874696e67
5238 e5b7
5239 20d181d0ba
5240 206d6f73746c79
5241 61757365
5242 207069637475726573
5243 d0b5d0bdd182
5244 206d6164
5245 206d6f64656c73
5246 d188d0b5
5247 20436f756e74
5248 c584
5249 c5826f
5250 657074
5251 4f4d
5252 20414e
5253 2074726f75626c65
5254 3430
5255 2062697264
5256 756c617465
5257 206d7572
5258 2070726f64756365
5259 206d617272696564
5260 626974
5261 207468656f7279
5262 ed98
5263 206c6561646572
5264 204c617374
5265 4141
5266 e8b5
5267 20696d61676573
5268 20657870616e64
5269 20506f72
5270 207075726368
5271 2053616e
5272 204368726973746d6173
5273 204175737472616c
5274 20776964
5275 204d697373
5276 206b6e6f77696e67
5277 207a65
5278 73686970
5279 6b75
5280 d185d0bed0b4
5281 20496e7374616772616d
5282 20496e646961
5283 2065737461
5284 2043616c69666f726e
5285 203730
5286 2064726167
5287 206272757368
5288 206e616d6573
5289 416e64
5290 20796f
5291 696c6c61
5292 207363686564
5293 2064657374726f79
5294 79656172
5295 2076616d6f73
5296 20d984
5297 c3a761
5298 20666f72676f74
5299 d0b8d0b5
5300 207261697365
5301 72656d65
5302 ed95b4
5303 2047697665
5304 20636f6e7461696e
5305 726162
5306 2067696674
5307 20d181d0bf
5308 2072657175657374
5309 2073687574
5310 2064656772656573
5311 2062656e6566697473
5312 d18bd0b5
5313 2073747564696573
5314 20656e6473
5315 2065766572797768657265
5316 206865726f
5317 6f7068
5318 65727279
5319 206d6174657269616c73
5320 656e6564
5321 4e41
5322 e58d
5323 206d7579
5324 20776f727365
5325 e4bb80
5326 204d6164
5327 206465636973696f6e73
5328 696f6e65
5329 20666f726569676e
5330 6c61756768746572
5331 69626572
5332 d0b5d0bdd0b8d18f
5333 e3858b
5334 207265616c697a6564
5335 2069676e
5336 207765616b
5337 20cebc
5338 20736361726564
5339 20617373756d
5340 414b
5341 efbf
5342 efbfbd
5343 20636f7665726564
5344 20536174
5345 20d0bed0bd
5346 20696e646976696475616c73
5347 20636f6d7061726564
5348 3131
5349 20416464
5350 69636c6573
5351 2063657274
5352 726172
5353 206272696566
5354 2061637469766974696573
5355 20666162
5356 626172
5357 20617374
5358 204f74686572
5359 20636c6173736573
5360 206f67
5361 206d697373696e67
5362 e381a0
5363 e99d
5364 77657273
5365 d7a9
5366 20696e74726f64756365
5367 206571756174696f6e
5368 e381bee38199
5369 206e6f6d
5370 207061696e74696e67
5371 757368696e67
5372 204150
5373 20656e636f7572616765
5374 2073686970
5375 6974746565
5376 697665727365
5377 6f7461
5378 6e616d
5379 e383bb
5380 206578657263697365
5381 20d0ad
5382 206e6173
5383 2074686f7573616e6473
5384 2043616c69666f726e6961
5385 20736573
5386 20726f77
5387 9e88
5388 2070616e64656d6963
5389 20736b696c6c
5390 62656c
5391 206469726563746f72
5392 206d696c6b
5393 206e7574
5394 206d6f74696f6e
5395 20636c6f736564
5396 e8a8
5397 20637265646974
5398 616872
5399 20636865657365
5400 20616c7465726e
5401 696d6174656c79
5402 2073757374
5403 20547261
5404 20676c6164
5405 20686967686c79
5406 207761
5407 20726564756365
5408 20626c65
5409 61646f72
5410 696e61746564
5411 696f6e6573
5412 6369656e74
5413 20646570656e64696e67
5414 2073686172696e67
5415 20636175676874
5416 7261656c
5417 206d656872
5418 2070617373696f6e
5419 e79b
5420 207275
5421 206661726d
5422 5449
5423 61766573
5424 20526f62
5425 2042726f
5426 206d6f746976
5427 7265746368
5428 72757074
5429 20426967
5430 20616c6c65
5431 20657474
5432 756273
5433 204a6170616e657365
5434 2048616c6c
5435 d0b8d0bbd0b8
5436 41554449424c45
5437 e7ac
5438 2063656c6c73
5439 696b61
5440 656c696e65
5441 696c6572
5442 20eca3
5443 20736b79
5444 494e41554449424c45
5445 656e6465
5446 6170746572
5447 2070696e
5448 20676174686572
5449 686f6c
5450 6c656374696f6e
5451 2073796e
5452 20706c7567
5453 726f756e64
5454 20756e6976657273697479
5455 686962
5456 2066616e746173746963
5457 6b6e
5458 20686f6c65
5459 2052656d656d626572
5460 696e6374
5461 616b73
5462 4348
5463 2062726f6b656e
5464 2073747261746567
5465 20616c697665
5466 2074616e6b
5467 2063617274
5468 7261746564
5469 726965
5470 2053746570
5471 2045766572797468696e67
5472 20626f756e64
5473 20736f627265
5474 20637573746f6d6572
5475 a18c
5476 757267
5477 2042696c6c
5478 4c61
5479 77686174
5480 207265616374696f6e
5481 2073657373696f6e
5482 20706c616e73
5483 20ec9db4eba087eab28c
5484 20646f776e6c6f6164
5485 ec99
5486 756572
5487 20636162
5488 20696e737472
5489 696679696e67
5490 204e696365
5491 207465616d73
5492 c4b16c
5493 20676f616c73
5494 69736368
5495 207472616e73706f7274
5496 20616e696d616c
5497 20636f737473
5498 2063616c6c73
5499 2073656872
5500 ec88
5501 7269616e
5502 206469616c
5503 2077656174686572
5504 e0b980
5505 20d0b2d0bed182
5506 20506c6179
5507 20736861726564
5508 20736d6f6f7468
5509 616261
5510 206c6561766573
5511 e0aea9
5512 20636f6e63656e74
5513 207368696674
5514 20eb9098
5515 20476f7665726e
5516 2064656d6f6e7374
5517 20627574746572
5518 20ec97ac
5519 20736174697366
5520 88ebac
5521 207265636f676e697a65
5522 204672656e6368
5523 20766f6c756d65
5524 c3a46e64
5525 d183d0bc
5526 20eca784
5527 204b656570
5528 6f7761
5529 6970706564
5530 d181d182d180
5531 20646574656374
5532 20cf83
5533 206c696674
5534 20636c6f74686573
5535 2053746f70
5536 c3b5
5537 6d6574
5538 20636c696e
5539 20617272
5540 667269656e64
5541 20737475636b
5542 5965
5543 68616e64
5544 756d61
5545 2073637269
5546 206675636b696e67
5547 63746f7273
5548 d7aa
5549 206a6f696e696e67
5550 206365747465
5551 20d8a3
5552 205768697465
5553 20696872
5554 cead
5555 e381ad
5556 20696e636c75646564
5557 6573736f
5558 2061636164
5559 62756d
5560 20736162
5561 20d0b4d0bbd18f
5562 e8bf99
5563 7566616374
5564 2052657075626c6963
5565 72696d
5566 2079656c6c6f77
5567 206c696d69746564
5568 544552
5569 205479
5570 206e6f746573
5571 76657374
5572 d0b8d0b7
5573 616c6564
5574 207068617365
5575 616e6461
5576 204d6f6d
5577 5249
5578 20696d6d6572
5579 6d616c
5580 20696e6a
5581 2079616e67
5582 756469626c65
5583 d0b0d0b3
5584 2073657474
5585 206d61676963
5586 20656e73757265
5587 20737072696e67
5588 2073686f636b
5589 20776865656c
5590 d0bed0b3d0b4d0b0
5591 e38288
5592 2063616e636572
5593 20726f6f74
5594 d090
5595 67656e6379
5596 20eb8d
5597 6969
5598 206f7574707574
5599 20636f6d6d6974
5600 20776f726b657273
5601 ec9584ec9a94
5602 20d181d0b0d0bc
5603 766579
5604 20706575
5605 20636976696c
5606 697363
5607 206272696e6773
5608 d180d0b0d0b2
5609 616e6961
5610 c481
5611 6372616674
5612 6d626f6c
5613 20696e74656c6c6967
5614 6269
5615 6163696e67
5616 796f75
5617 206265636f6d696e67
5618 20446572
5619 656d61
5620 e5b0b1e698af
5621 20696e67726564
5622 20636f6d6d616e64
5623 20757064617465
5624 207072656d
5625 206f70656e6564
5626 84a4
5627 d0b5d0bdd0b8d0b5
5628 2067617264
5629 2073746174656d656e74
5630 207363726577
5631 2070726f7465
5632 206361726473
5633 207461736b
5634 206576656e696e67
5635 20737469746368
5636 696e656e
5637 20426572
5638 6d61726b
5639 20446164
5640 20d0b5d181d182d18c
5641 20d79ed7
5642 ec9788
5643 2062616e
5644 20636c696d
5645 2066726565646f6d
5646 206e6f726d616c6c79
5647 d0b5d181d18c
5648 e5a6
5649 2070726f7669646564
5650 20ec9e90
5651 20ec9584eb8b88
5652 204b696d
5653 6965646572
5654 ec9d8c
5655 20636974697a
5656 2062696b65
5657 2062616b
5658 206e6f697365
5659 20636c696d617465
5660 697a6573
5661 e5be8c
5662 20696e6372656173696e67
5663 20544845
5664 206c697175
5665 20706572736f6e616c6c79
5666 6566
5667 72657370
5668 206c656773
5669 696e646572
5670 20706564
5671 20eba78e
5672 20646570656e64
5673 2076617269657479
5674 2049737261656c
5675 2077617368
5676 e586
5677 207175696574
5678 204a616d6573
5679 204a6577
5680 20666f7265766572
5681 20496e74
5682 20636f756e746572
5683 7572616e6365
5684 20416e79776179
5685 63617265
5686 204f6e6c79
5687 6369c3b36e
5688 616469
5689 204576
5690 eb8b88eab98c
5691 20ceb1
5692 20736c6f776c79
5693 20d0bed0b4
5694 206e6f7469636564
5695 696572656e
5696 2066656c6c
5697 20d091
5698 206dc3aa6d65
5699 207768656e65766572
5700 2129
5701 204879
5702 e5bc
5703 6f726473
5704 7573696f6e
5705 2053746172
5706 20ed98
5707 204d6163
5708 e4b88a
5709 6976656e
5710 20ec8b9c
5711 20ec9786
5712 20547572
5713 20676572
5714 726973
5715 2076657a
5716 20d0bbd18e
5717 20766572737573
5718 d8a7d8
5719 6f636f6c617465
5720 20706c616e65
5721 207a6f
5722 2073756974
5723 54686973
5724 206e657276
5725 20416363
5726 d183d0b6
5727 ec82ac
5728 6e68
5729 656d65
5730 2061757373
5731 206d656173
5732 207472c3a873
5733 cf89
5734 d181d0bbd0b8
5735 20417274
5736 205365636f6e64
5737 d0bed0bbd18cd0bad0be
5738 63686f
5739 6974656374
5740 d0b5d181d182
5741 20626f7373
5742 20696e636f6d65
5743 a0a4
5744 2073686164
5745 20617070726f707269
5746 204d616c
5747 6f7074
5748 20617274697374
5749 20706c617973
5750 6f7468657273
5751 20496e746572
5752 207669727573
5753 2068756e67
5754 20636f6e7374616e74
5755 20736372697074
5756 20736e6f77
5757 756c66
5758 6b6574
5759 2064657669636573
5760 206d6574616c
5761 6967687473
5762 ec84b8
5763 2073616c6573
5764 207665676574
5765 20636f6c6c656374696f6e
5766 20766961
5767 6b6572
5768 20676f7474656e
5769 4f57
5770 69c3a96e
5771 206163637572
5772 2077617665
5773 756c7479
5774 20416972
5775 206c656164696e67
5776 6963696e67
5777 2063656e7472616c
5778 2043687269737469616e
5779 6672
5780 20416c74686f756768
5781 20736f6e6773
5782 20666966
5783 d0bdd18bd185
5784 2062656c6f6e67
5785 6f737369626c65
5786 ecb0
5787 2070686f746f73
5788 69736c
5789 2072656c6178
5790 7361
5791 55534943
5792 eab7
5793 206d616e7566616374
5794 2054776974746572
5795 2064616e6765726f7573
5796 20687964
5797 6c656172
5798 69616e74
5799 20e280a6
5800 2073756464656e6c79
5801 206c61756768
5802 20616e676c65
5803 20476f74
5804 20776f7272696564
5805 d0bed0b5
5806 20706170
5807 204d617274
5808 656e6f
5809 2062617474657279
5810 20d0bfd0bed181
5811 206c6967687473
5812 2061726d73
5813 20416273
5814 6d6573
5815 e28093
5816 757365756d
5817 20746561
5818 204d6963
5819 20666f726d6572
5820 6f677261706879
5821 206170706c69636174696f6e73
5822 2044697265
5823 e784b6
5824 20666565646261636b
5825 69746368656e
5826 796f72756d
5827 756564
5828 696774
5829 c6b0e1bb
5830 6f736974696f6e
5831 2044656c
5832 20ed9598eb
5833 204261636b
5834 616473
5835 207072696d65
5836 eca3bc
5837 eca3a0
5838 d791
5839 206d7574
5840 5d2e
5841 20d097
5842 6c6f63
5843 6b696e
5844 20657870657274
5845 20616c7269676874
5846 756e6773
5847 20737570706c79
5848 206c656164657273686970
5849 20467261
5850 207479706963616c6c79
5851 2073656c
5852 207472656573
5853 203232
5854 686172
5855 20776f727374
5856 2062757379
5857 616e746f
5858 205570
5859 20426173
5860 2070726573656e746174696f6e
5861 20737472616e6765
5862 207468696e
5863 d182d0b5
5864 2076656869636c65
5865 20d0b4d0be
5866 63656c6c656e74
5867 3730
5868 207469726564
5869 20637269736973
5870 2074696e79
5871 617379
5872 2072616e
5873 e987
5874 20666f72636573
5875 20d0bed187
5876 206964656e74696679
5877 20617373657373
5878 d0b8d182d0b5
5879 5345
5880 206372656174697665
5881 e79f
5882 206465706172746d656e74
5883 20696e697469616c
5884 e68891e58091
5885 2044616d
5886 616b74
5887 76657265
5888 20696e66656374
5889 2070756d70
5890 e1baa1
5891 207669656c
5892 2072617265
5893 20646f74
5894 617368696f6e
5895 656d706c
5896 20666c6578
5897 206b6f6e
5898 20747275636b
5899 206c656374
5900 20706c6173746963
5901 6c6177
5902 206c696b6573
5903 20726f756768
5904 204d4154
5905 ed9e88
5906 20636f6d6d6572
5907 2061737365
5908 2063616b65
5909 20616374696f6e73
5910 2061646d
5911 206f7468657277697365
5912 204865616c7468
5913 20636f6c6c65
5914 e0b980e0b8
5915 20727562
5916 e5be97
5917 e694
5918 20736372
5919 207a756d
5920 2048696d
5921 206368616d70
5922 20636f6e6365726e6564
5923 20353030
5924 20706c617465
5925 204f7574
5926 20646f6e63
5927 2065717569706d656e74
5928 20746175676874
5929 6c6c6564
5930 20ed99
5931 697661
5932 206d6f746f72
5933 c2bb
5934 206775696465
5935 e589
5936 2073746f70706564
5937 20726174
5938 206c61626f72
5939 2061696d
5940 2070726570617265
5941 20d188
5942 2073686f6f74696e67
5943 616e6e6564
5944 6372697074
5945 20656e656d79
5946 20646570656e6473
5947 206e6176
5948 20626572
5949 206c616e6473
5950 20756e6976657273
5951 6975
5952 20666163746f72
5953 6f6b696e67
5954 20636172626f6e
5955 627574
5956 204c6f7665
5957 656c64
5958 20ceb5
5959 206761
5960 20c3a973
5961 206272656164
5962 20766f6c74
5963 ed8a
5964 207761737465
5965 206b65657073
5966 e68980
5967 2073746f72
5968 20686f6e6f72
5969 20756e6c657373
5970 20636f6c756d
5971 20eb8c80
5972 20706c616e7473
5973 59656168
5974 20696e636c75646573
5975 e4b8ad
5976 206f78
5977 2070657574
5978 eba78c
5979 ec8381
5980 6973747279
5981 e0b8b1
5982 204465706172746d656e74
5983 616e7461
5984 2066696e676572
5985 2073747265746368
5986 2073796d626f6c
5987 206e65696768626f72
5988 e6ac
5989 eab084
5990 7e7e
5991 20d182d18b
5992 2041626572
5993 6b6573
5994 206d617373697665
5995 204348
5996 2053616c
5997 d7a0
5998 e38292
5999 2064796e616d
6000 61636865
6001 20507265
6002 206d6f6e69746f72
6003 656e746564
6004 454f
6005 20726169736564
6006 697374696373
6007 daa9
6008 20766f75
6009 6974656e
6010 a1b0
6011 20627573696e6573736573
6012 206561726e
6013 206d6f62696c65
6014 6964616465
6015 2068616265
6016 7972
6017 6c696374
6018 20636f6e64756374
6019 206665646572616c
6020 20776f
6021 6275
6022 206e6f6e65
6023 207465616368657273
6024 20d8a7d984d8
6025 e98193
6026 6964656e7473
6027 d8a7d984
6028 207472656e64
6029 d0b5d0b6
6030 20616c62756d
6031 206d696368
6032 6261736564
6033 e0b8b5
6034 207472616e736974696f6e
6035 20d0bdd0be
6036 c3b56573
6037 686f7374
6038 656479
6039 2050726f66
6040 70616e
6041 696a6e
6042 206361706163697479
6043 756e646f
6044 20d791d7
6045 20627265617468
6046 20d0bcd0b5d0bd
6047 206dc3bc
6048 ed99
6049 20417574
6050 68696e67746f6e
6051 206e6f72
6052 206761696e
6053 706f696e74
6054 596573
6055 20d8aa
6056 204e61
6057 c3a572
6058 2069c3a7
6059 204d617279
6060 207370696e
6061 20616e7469
6062 e590a7
6063 20736f6d65686f77
6064 206c617773
6065 206d6f6d656e7473
6066 20677265
6067 206d6f766573
6068 20576f756c64
6069 2070726564696374
6070 20767261
6071 2032303139
6072 b684
6073 2066756e64616d656e74
6074 3235
6075 2070757265
6076 20776f77
6077 2069736c616e64
6078 20696e766573746d656e74
6079 2062617468
6080 205961
6081 20686172646572
6082 2074697073
6083 e597
6084 20656c656374726f6e
6085 20426f62
6086 20626f6e64
6087 6f64696573
6088 20417567
6089 2067696274
6090 206368616972
6091 207477696365
6092 776f6f64
6093 20636c6172
6094 206d61736b
6095 20686f6e6573746c79
6096 2032303138
6097 74696573
6098 272c
6099 2070656e73
6100 20737572707269736564
6101 20636f6d6d756e69636174696f6e
6102 e381a3e381a6
6103 20737072
6104 2077686f7365
6105 207374617273
6106 d790d7
6107 20e2808b
6108 2070726f7065726c79
6109 2067726577
6110 6f73696e67
6111 20646976657273
6112 4144
6113 20656d7074
6114 2065787072657373696f6e
6115 e1babf
6116 2050616c
6117 e3818a
6118 206a757374696365
6119 2070616972
6120 776f
6121 2073656174
6122 6f72746572
6123 206c696e6b73
6124 204d6572
6125 2072656e64
6126 d0bdd0bed0b5
6127 75706964
6128 2048656c
6129 204d61726368
6130 204c6f
6131 d181d18c
6132 206861736e
6133 206576616c75
6134 e3818f
6135 e5a4a9
6136 696c6f73
6137 2066756e64696e67
6138 2076656e
6139 75616e
6140 204d6173746572
6141 204f6c
6142 20467265
6143 20796170
6144 20536972
6145 736368
6146 206d697374616b65
6147 616d616e
6148 2064696e6e6572
6149 2057617368696e67746f6e
6150 206f7267616e697a6174696f6e73
6151 20d0b6d0b5
6152 6176696e67
6153 2076c3ad
6154 206269727468646179
6155 2062656172
6156 20d981
6157 206166666f7264
6158 20726576656e
6159 2072656c6174696f6e7368697073
6160 726f756768
6161 2054696d65
6162 20746167
6163 2053756e
6164 75617279
6165 20506f
6166 636172
6167 6162696c6974696573
6168 20707269736f6e
6169 206c6963
6170 eca095
6171 696464656e
6172 2073706563696573
6173 e9bb
6174 206669726d
6175 2073636f7265
6176 20646974
6177 207370656374
6178 2070656c
6179 20636f6d706c696361746564
6180 e6a8a3
6181 2072616e6b
6182 206f70706f73697465
6183 207069636b6564
6184 20d0bad0bed0bd
6185 656c6572
6186 206d6967
6187 20536c
6188 204e6574
6189 206e65636b
6190 204672616e6365
6191 20746563686e6963616c
6192 e0b8a1
6193 206d696c6573
6194 207072696d617279
6195 207365696e
6196 736573
6197 206c6175676873
6198 627261
6199 c59b6369
6200 7269616765
6201 206e6963
6202 6574657273
6203 20c3aa
6204 6f6c6f67696573
6205 204953
6206 726164
6207 75646f
6208 c4b16e64
6209 6d6172
6210 2065786368
6211 20636f6d7065746974696f6e
6212 206175737369
6213 2053657276
6214 2072656e74
6215 2063686f636f6c617465
6216 20776965646572
6217 206e6561726c79
6218 20737065656368
6219 20756e63
6220 20706172616d
6221 2042726974697368
6222 2072656d61696e
6223 e0b881
6224 757274
6225 20d8b9
6226 20637261636b
6227 61696c73
6228 2070726f6d697365
6229 20706179696e67
6230 69c39f
6231 206164617074
6232 d0b0d0bbd0b0
6233 206d6f76696573
6234 2077697265
6235 9fac
6236 e69c83
6237 207465727269626c65
6238 2073c3b3
6239 20706572666563746c79
6240 e591a2
6241 6f7264696e
6242 206ac3a1
6243 20696d706f737369626c65
6244 205468726565
6245 206e68
6246 207475726e696e67
6247 72756d
6248 2042656c
6249 696767
6250 20726573706f6e7369626c65
6251 d0b8d0b9
6252 20696e6372656469626c79
6253 7769
6254 69616e6f
6255 2068756d616e73
6256 20c387
6257 2073657474696e6773
6258 206a6f79
6259 6f6f74
6260 206465616c696e67
6261 696c6c6564
6262 20737572726f756e64
6263 20666f6c6c6f776564
6264 20706f737369626c79
6265 20696e697469
6266 7374656e
6267 2070726f73
6268 2063616e646964
6269 2061737369676e
6270 2076696f6c656e6365
6271 57656c6c
6272 2072697365
6273 5053
6274 2074616d62c3a96d
6275 20eb93a4
6276 69616e6365
6277 79616e
6278 20617564696f
6279 20426574
6280 20416d65726963616e73
6281 20417373
6282 69736368656e
6283 ec9e85
6284 20756c74696d6174656c79
6285 20706f6c6963
6286 206d616a6f72697479
6287 e98099e5808b
6288 2046696e616c6c79
6289 65726170
6290 206775617264
6291 204d415454
6292 2062726f776e
6293 d0bcd0b8
6294 20636861
6295 20486f6c79
6296 206e6572766f7573
6297 697070696e67
6298 c49964
6299 205361
6300 939ceb
6301 b680
6302 6c6965
6303 e79c9f
6304 206e7563
6305 20417072
6306 e99b
6307 204b6f726561
6308 65676f
6309 2043616e616461
6310 206bc3b66e6e656e
6311 20636f6d706172
6312 2067616e7a
6313 204d616973
6314 207468656d65
6315 206b69
6316 2064726177696e67
6317 617a6f6e
6318 204f6666
6319 7474
6320 2057696e64
6321 20746f646f73
6322 206f6276696f7573
6323 d0bdd0b0d18f
6324 494d
6325 20d0a0
6326 77656c6c
6327 20626c6f77
6328 20686f6f6b
6329 20636972636c65
6330 20ebb3b4
6331 20617263686974656374
6332 204b72
6333 2063c3b3
6334 2070726f74656374696f6e
6335 656761
6336 e587
6337 2077617463686564
6338 20616e7377657273
6339 2064696574
6340 69766f
6341 20706f77646572
6342 20796f757273
6343 2068696768657374
6344 e782ba
6345 4646
6346 e5ba
6347 20626f7973
6348 c3b6796c65
6349 206c756e6368
6350 e8ac9d
6351 204949
6352 2073657473
6353 206d6f6c65
6354 db81
6355 2077696e746572
6356 206c75636b79
6357 20726573706f6e736962696c697479
6358 207369676e616c
6359 20776f6e646572696e67
6360 206178
6361 20636f6f6b696e67
6362 d0bed0b2d0bed180
6363 6c6567
6364 20d0bfd0bed182
6365 207375727072697365
6366 2064656d6f6372
6367 206c6f6f70
6368 206a6167
6369 20637572696f7573
6370 206d61726b6574696e67
6371 d09d
6372 61726f6e
6373 204170706c65
6374 207669727475616c
6375 20313938
6376 6e6f6f6e
6377 204d6574
6378 d0bed181d182d0be
6379 d0bed0b1d18b
6380 697475
6381 204177
6382 20627579696e67
6383 2072657374617572616e74
6384 20427564
6385 20646f756274
6386 206772616e74
6387 2076657264
6388 2063617368
6389 20666163756c7479
6390 54686174
6391 2045696e
6392 e5a49a
6393 20776564
6394 69746e657373
6395 204d6167
6396 6e656c
6397 206e617272
6398 206163636964656e74
6399 206d656469756d
6400 656d656e7473
6401 2063726f77
6402 6e69676874
6403 ec9dbc
6404 e4b99f
6405 206c696272617279
6406 d0b0d18ed182
6407 2074616d6269c3a96e
6408 207265666572656e6365
6409 20666f75727468
6410 686f757365
6411 76656e74696f6e
6412 2066696c6c6564
6413 20436f7572
6414 696272
6415 206e67
6416 20646576656c6f70696e67
6417 2070726f7669646573
6418 20706f6c6c
6419 2074726166666963
6420 6172656e746c79
6421 e0ae9f
6422 20666f726d73
6423 20636c69656e74
6424 2067656e746c65
6425 206d757373
6426 20436f6e6772657373
6427 20496e6469616e
6428 6365616e
6429 2070696c
6430 20637a79
6431 73746f6f64
6432 757479
6433 206ec3a4
6434 207370656e64696e67
6435 20636f6e737472756374696f6e
6436 696e61756469626c65
6437 20eba788
6438 88ebacb4
6439 20ec839d
6440 6f6d61
6441 6f73656e
6442 61676f
6443 206c617267657374
6444 e3858be3858b
6445 20756e697665727365
6446 626573
6447 6f7361
6448 20d0b5d0b3d0be
6449 2064756465
6450 204d4152
6451 20696e64656564
6452 ceb5ceb9
6453 206d616e61676564
6454 2053686f756c64
6455 536f
6456 206170706c696564
6457 20666169726c79
6458 2044656e
6459 20616e616c79
6460 20636f6e7374616e746c79
6461 d181d0bf
6462 486f77
6463 20536179
6464 656e63696573
6465 205043
6466 2065676773
6467 e0aeb0
6468 20657468
6469 20456e74c3a36f
6470 696e6172
6471 696f74
6472 20637a
6473 204575726f7065616e
6474 e38188
6475 20414d
6476 2063c3a1
6477 20726164696f
6478 a78c
6479 2068696465
6480 e4bb8a
6481 205374617274
6482 20636c7562
6483 20486f7065
6484 206566666f727473
6485 6c7573696f6e
6486 20636974696573
6487 686f6e65
6488 2072656163686564
6489 2067756964
6490 726f6964
6491 206861726d
6492 2063757474696e67
6493 2062756c
6494 3138
6495 69657374
6496 204d6578
6497 2069726f6e
6498 e79fa5
6499 2061667465726e6f6f6e
6500 2068616c6c
6501 2070727a79
6502 20676f7368
6503 20696e666c75656e6365
6504 20d0b2d0b8d0b4
6505 20696e63726561736564
6506 204d696e6973746572
6507 206469736369
6508 205065746572
6509 2076657274
6510 206d656e75
6511 2073656c6c696e67
6512 7572616c6c79
6513 2071756f7465
6514 20c2a1
6515 20636f6e74696e756573
6516 6d707265
6517 20c59f6579
6518 69747574696f6e
6519 20d0bdd0b0d181
6520 636c6573
6521 204765726d616e
6522 637a79
6523 20d0a3
6524 4265
6525 206b69746368656e
6526 20547279
6527 697065
6528 2069636f6e
6529 617270
6530 2070726f766964696e67
6531 205472616e73
6532 20746563686e69717565
6533 2068c3a472
6534 20696e6672617374
6535 2073757370
6536 c3bc636b
6537 69636970
6538 20d095
6539 2063696e
6540 ec96b4eb
6541 2070727a
6542 20636f6d706f6e656e74
6543 20627965
6544 204269626c65
6545 697a6572
6546 4368
6547 20736f6c7574696f6e73
6548 206163636f6d706c
6549 2032303136
6550 4945
6551 205461
6552 20617373756d65
6553 206c6971756964
6554 20eba8b9
6555 2071756172746572
6556 2066656d616c65
6557 205468696e6b
6558 20737461747573
6559 6974757465
6560 20636f616368
6561 207265696e
6562 20636f6d62696e6174696f6e
6563 e8b7
6564 20546572
6565 206f626a65637473
6566 206469737472696374
6567 206d616b657570
6568 206d7572646572
6569 776173
6570 66656e
6571 20626f776c
6572 207075626c6973686564
6573 2073706f727473
6574 e381a1
6575 206964656e74697479
6576 207365656d6564
6577 20616374696e67
6578 d0bbd18e
6579 726978
6580 2075706c6f6164
6581 2068617374
6582 20626f6174
6583 204d6f64
6584 72696f
6585 203d
6586 206379636c65
6587 afb8
6588 206c6f7564
6589 7573746564
6590 636f6d696e67
6591 2032303137
6592 206f6e74
6593 206c656769736c
6594 20737472756374
6595 20536f6d657468696e67
6596 20636f6e666c696374
6597 207570706572
6598 206d616e61676572
6599 206d6f7274
6600 20667261
6601 20c4b0
6602 204d696b65
6603 20576f726b
6604 206ec3b3
6605 7068657265
6606 20ec82aceb
6607 204c616e64
6608 2066696c746572
6609 2070726f6d6f74
6610 e6b0
6611 e69982
6612 95bc
6613 207265636f7264696e67
6614 d79d
6615 206173736f636961746564
6616 206675656c
6617 756e646572
6618 20656c656374696f6e
6619 20656d706c6f79656573
6620 20436f6d70
6621 d180d183d0b3
6622 20576f
6623 726f6c
6624 207361766564
6625 20486f6e
6626 205669
6627 e58886
6628 616361
6629 70726574
6630 20776574
6631 20737475706964
6632 206c6164
6633 2066657374
6634 2077616b65
6635 20d0b8d0bd
6636 206772656174657374
6637 204a696d
6638 20736572696f75736c79
6639 20ecb9
6640 206665656c696e6773
6641 20333030
6642 696174696f6e
6643 20626561757479
6644 20ec9e98
6645 2073616e
6646 93a0
6647 202d28
6648 20636f6e7363696f7573
6649 20d0b4d0b5d0bb
6650 627965
6651 e799
6652 4d616e
6653 206c657473
6654 2073686f6573
6655 7964
6656 e4b988
6657 2064697361707065
6658 20436f756e7479
6659 2053636f7474
6660 2062757474
6661 20617175c3ad
6662 20636f6e666967
6663 726573706f6e64
6664 4c41554748
6665 a9eb8b88eb8ba4
6666 2064697669646564
6667 2061637175
6668 207a6f6e65
6669 206b6f6d6d
6670 61c3a7c3a36f
6671 eca79c
6672 637574
6673 203233
6674 206d6178696d756d
6675 726f67
6676 2072756e73
6677 20636f6d706f6e656e7473
6678 2061727269766564
6679 20636f6e666964656e74
6680 d180d0bed0b2
6681 20686569676874
6682 2070726f636564
6683 454d
6684 20d0add182d0be
6685 204d656e
6686 2074616c6b73
6687 20636f6e666964656e6365
6688 204368726973
6689 206c65616473
6690 206e6f7365
6691 66616c6c
6692 6262
6693 204e6f7468696e67
6694 69736572
6695 20696e646570656e64656e74
6696 206d696e6f72
6697 2073796d
6698 6c656e
6699 6369656e6365
6700 2066617368696f6e
6701 2073657875616c
6702 2062756e
6703 68657265
6704 20736f696c
6705 206469657365
6706 2073686170
6707 20656d707479
6708 206a6f75726e616c
6709 61676f6e
6710 205468656972
6711 207765656b656e64
6712 c3ad74
6713 206572726f72
6714 206e6172
6715 c3b8
6716 e8a9
6717 616e6379
6718 20ec958a
6719 20666f72657374
6720 206861636572
6721 206d6973736564
6722 e38195
6723 e58fafe4bba5
6724 206576696c
6725 2073746f72616765
6726 2073696e67696e67
6727 696e6861
6728 206b6e6f636b
6729 20696d7072657373
6730 20d0bed187d0b5d0bdd18c
6731 20476f6c64
6732 20537572
6733 20506f7274
6734 e58ebb
6735 204c6f6e64
6736 2066617a6572
6737 6f7479
6738 6f746f
6739 20616e78
6740 2057696c6c69616d
6741 206578697374696e67
6742 706c616365
6743 204344
6744 ceb3
6745 20436f6c6c656765
6746 6c6f72
6747 2045617374
6748 73656e
6749 66616368
6750 6f6674
6751 20657870657269656e636564
6752 206c6f766573
6753 696d6d
6754 20706f6c79
6755 2065737365
6756 eca4
6757 204772616e64
6758 e8a7
6759 63686572
6760 2076696374696d
6761 20476573
6762 d0bbd18c
6763 766973696f6e
6764 2074616c6c
6765 206c656e73
6766 20d0b7d0bdd0b0
6767 20426f7468
6768 20ecb2
6769 207375737461696e
6770 20617267756d656e74
6771 20666163746f7273
6772 206175746f6d61746963616c6c79
6773 206672756974
6774 206c69626572
6775 20616c65
6776 205072657373
6777 204261
6778 20d0b3d0be
6779 2068756e6472656473
6780 74686174
6781 2052696368
6782 20726563697065
6783 204954
6784 e887
6785 e1baa5
6786 206465736372696265
6787 20647269766572
6788 204f6374
6789 204d6174
6790 d0b4d0b5
6791 206d65616c
6792 206c6174657374
6793 20746865726170
6794 20636f6d70617265
6795 20416d617a6f6e
6796 20eca280
6797 20527573736961
6798 20737472696e67
6799 206b61
6800 20436f6d6d756e
6801 20646961
6802 4973
6803 206d696c6c696f6e73
6804 20636f72706f72
6805 20636f72726573706f6e64
6806 206669786564
6807 204a6f65
6808 d98e
6809 207669657773
6810 207269766572
6811 2073747564696f
6812 6967676572
6813 20666c61766f72
6814 2070726573656e6365
6815 20756e697473
6816 20736176696e67
6817 61766f7572
6818 20706573736f
6819 6f72697468
6820 2068657273
6821 204e6174
6822 6173696f6e
6823 204672616e6b
6824 d0bed188
6825 c58279
6826 ed84
6827 2065696e656d
6828 2066756e6374696f6e73
6829 756d616e
6830 206e6f727468
6831 20eca084
6832 20686f727365
6833 766964
6834 20706c656173757265
6835 d0b0d188
6836 c3a96573
6837 696e6461
6838 207461696c
6839 206578706c6f7265
6840 5354
6841 20636f6d6d65726369616c
6842 20447572696e67
6843 61726c
6844 5d3a
6845 666974
6846 207261746573
6847 e6b3
6848 4d55534943
6849 20686f7573696e67
6850 2065696e6572
6851 20736974756174696f6e73
6852 e68b
6853 206465637265
6854 20617070726f707269617465
6855 d0b5d0bdd0bdd0be
6856 252e
6857 20626163
6858 20776174
6859 656e73697479
6860 c3a468
6861 6b6e6f776e
6862 69747a
6863 20656d6f74696f6e616c
6864 6572766174696f6e
6865 20626c696e64
6866 3136
6867 ed83
6868 e5a4a7e5aeb6
6869 206a6f696e6564
6870 206c6f6361746564
6871 20d181d0bc
6872 61646173
6873 62657267
6874 2064657373
6875 2064656172
6876 6564656e
6877 636f73
6878 2061646f7074
6879 313030
6880 6f7765
6881 20436865636b
6882 69736d6f
6883 2073696d706c
6884 20616e677279
6885 20d0bcd0b5d0bdd18f
6886 2043616d
6887 20706164
6888 20617474656e64
6889 2073616d706c65
6890 e697a5
6891 20ec9b
6892 20494e
6893 756c6f7573
6894 20536172
6895 2053686f77
6896 20696e667261737472756374757265
6897 20417567757374
6898 206c6573736f6e
6899 206e696574
6900 e68e
6901 20666f69
6902 2062726f6b65
6903 7472
6904 e795
6905 203435
6906 20676577
6907 d183d0bf
6908 617469
6909 206d61696e7461696e
6910 2061727469737473
6911 696e676572
6912 e69da5
6913 6572766564
6914 4941
6915 20657175616c73
6916 206f7065726174696f6e
6917 696c6c79
6918 20eb82b4
6919 2063726f7764
6920 20696e7465726e616c
6921 207465737473
6922 20526f636b
6923 20436f6e73
6924 20eb8488ebacb4
6925 776172
6926 20736f75
6927 206368617274
6928 204a756e65
6929 20417072696c
6930 67656e74
6931 2076656e74
6932 207175616e64
6933 204b6f7265616e
6934 696d6f
6935 e789
6936 6964657273
6937 206d6f756e7461696e
6938 d181d182d0b0d0b2
6939 e69c88
6940 696a6b
6941 20646973636f7665726564
6942 2053756e64
6943 2053696c
6944 20736f6c6f
6945 c2b4
6946 207363686f6c
6947 2045616368
6948 e7b5
6949 2062617265
6950 20ed8c
6951 2076c3ad6465
6952 20696e6772656469656e7473
6953 20497473
6954 9dbceab3a0
6955 20ec8a
6956 cf8d
6957 204c6565
6958 207363617279
6959 207072696e636970
6960 2073706972697475616c
6961 ec85
6962 20486f6c64
6963 e6b292e69c89
6964 20646566696e65
6965 204c6573
6966 204e6f72
6967 20456e64
6968 20626c6f67
6969 20477265656e
6970 d0b0d0b5d182d181d18f
6971 70617274
6972 656c6573
6973 e4ba8b
6974 20556e646572
6975 207061727465
6976 203335
6977 20736563746f72
6978 2053657074
6979 2061757468
6980 e0aeae
6981 6f6d696e
6982 20636c69656e7473
6983 206369
6984 20467269646179
6985 65726173
6986 20747765
6987 756c61746564
6988 2063756c747572616c
6989 20d181d0b2d0be
6990 20eb8d94
6991 20c3ba
6992 207061726365
6993 e0aeb2
6994 20747261646974696f6e
6995 206a75646765
6996 2047656e6572616c
6997 2064657465726d696e65
6998 2049736e
6999 20504c
7000 6e65617468
7001 206d617474657273
7002 ed95b4ec
7003 215d
7004 d0b0d185
7005 20706f6f6c
7006 207661726961626c65
7007 2076616363696e65
7008 20636175736564
7009 2077657374
7010 20596570
7011 66617374
7012 207068696c6f73
7013 686f7261
7014 20636f6e74696e756564
7015 20756e666f7274756e6174656c79
7016 e3818d
7017 e695
7018 20666c69676874
7019 2077726170
7020 20687568
7021 204162736f6c7574656c79
7022 2070696e6b
7023 2072656d61696e73
7024 206ec3a9
7025 20666c65
7026 20536f6c
7027 206c6f73696e67
7028 20616c676f72697468
7029 207265717569726573
7030 20666f756e646174696f6e
7031 20427572
7032 2070726f66657373696f6e
7033 204d6964
7034 20ebad90
7035 63616e
7036 204d696c
7037 20796f756e676572
7038 2061707065617273
7039 7465726d
7040 ed9598eab3a0
7041 61636c65
7042 204c6f6e646f6e
7043 20656e67696e656572696e67
7044 e0b8a2
7045 20616476656e74
7046 ec84b8ec9a94
7047 20eab8b0
7048 204d616a
7049 d180d0b5d0bc
7050 696e6775
7051 20554b
7052 75726f
7053 737065
7054 2074656e74
7055 207265706f72746564
7056 20414c
7057 486579
7058 20eba790
7059 2064656e74
7060 204175737472616c6961
7061 204a616e75617279
7062 b3b4
7063 6167756573
7064 61727368
7065 726967
7066 207469656e65
7067 e0b8a3
7068 ceae
7069 206d616368656e
7070 756e7465
7071 d183d181
7072 20656c65637472
7073 207475746f7269616c
7074 20706c61636564
7075 20ec9db4eab1b0
7076 20436f756e63696c
7077 ed9688
7078 b0eba6ac
7079 616872656e
7080 20eab7b8eb9e98
7081 2070726f7665
7082 666f6c
7083 2071756572
7084 206368656170
7085 20466174686572
7086 20506f776572
7087 939c
7088 2070757273
7089 20657370
7090 20427265
7091 eab8b0eb
7092 6f6d6173
7093 e683b3
7094 d0b8d0bbd18c
7095 2067656874
7096 6f73746572
7097 eab3bc
7098 2066696c6573
7099 20d0a7
7100 62656c6c
7101 2077686f6d
7102 20eb98
7103 20657863656c6c656e74
7104 206461746162
7105 2067c3b6
7106 20eca784eca79c
7107 2062656c696566
7108 6a6574
7109 206a61636b
7110 207377696d
7111 7269616c
7112 756d696e
7113 617563
7114 20736f6c6c
7115 20657373656e7469616c
7116 ed9598eb8a94
7117 2065766f6c
7118 6368616674
7119 61696e65
7120 74686c6574
7121 20696e636f72
7122 207265706f727473
7123 20646566696e6974696f6e
7124 6b656c
7125 2063697263756d
7126 2070726f6475636564
7127 20d79b
7128 616e746963
7129 6e6574
7130 206177617264
7131 206475726368
7132 207472616e7370
7133 206d616c65
7134 a6aceb
7135 206d6f6f6e
7136 2047656f726765
7137 20666c79696e67
7138 69c3b3
7139 20736f7572636573
7140 20706c656e7479
7141 2044656d6f6372
7142 524f
7143 203030
7144 20736563757265
7145 20426972
7146 7261696e
7147 207a7572
7148 20656666696369656e74
7149 20726570656174
7150 206d6574686f6473
7151 2063616c6d
7152 20646973637573736564
7153 20ec9e88eb8a94
7154 20736572766572
7155 616e6965
7156 20496e7374656164
7157 20696465616c
7158 20636f6e76656e
7159 20686f70696e67
7160 20546f72
7161 206465707468
7162 2068656176656e
7163 454e4345
7164 206861626974
7165 67726164
7166 20666c6167
7167 20696e65
7168 206b68
7169 204c49
7170 20666163696e67
7171 204155
7172 2054696d
7173 2067656d
7174 204a756c
7175 20656c61
7176 697a7a61
7177 2066656c6c6f77
7178 207175656c
7179 2073706f6b65
7180 20636974697a656e73
7181 756765
7182 e983bd
7183 207061676573
7184 2066617363
7185 2072656c6967696f7573
7186 6174656e
7187 2063686170746572
7188 2056616c
7189 20636f6e73756c74
7190 204d696c6c
7191 676c
7192 6f706572
7193 20696e66696e
7194 206d61727269616765
7195 206d65646963696e65
7196 20d0b4d0b2
7197 20646f6773
7198 20696e737472756d656e74
7199 204578616374
7200 c3a16e
7201 2032303231
7202 20666572
7203 207765616c7468
7204 206772616465
7205 d18bd185
7206 206372696d65
7207 20746872656164
7208 2065737361
7209 2077696e65
7210 636f686f6c
7211 706861
7212 e0b887
7213 6f677565
7214 20696e737572616e6365
7215 61727261746f72
7216 2053657074656d626572
7217 20766964
7218 20537069726974
7219 2067657374
7220 205275737369616e
7221 2070726f70657274696573
7222 2061727469636c65
7223 20756e6465726e65617468
7224 796572
7225 206a6f696e74
7226 2072656c61746976656c79
7227 20696e6368
7228 2064657370697465
7229 2047726565
7230 20636c6173736963
7231 20737570706f7274696e67
7232 20696e737472756374
7233 6c7573697665
7234 20646961676e
7235 e68a
7236 2061646d696e697374726174696f6e
7237 d0b0d0b1d0bed182
7238 204f70656e
7239 e68980e4bba5
7240 20d0bfd0bed0ba
7241 20646f6c6c6172
7242 20636f6e73657175
7243 6f626572
7244 204765726d616e79
7245 2074657272
7246 205155
7247 20d093
7248 e7be
7249 207374726f6e676572
7250 c999
7251 20d98a
7252 206950686f6e65
7253 20666162726963
7254 c3bc68
7255 20656e656d
7256 e6af
7257 2073756274
7258 4545
7259 6f6e6465
7260 2063726577
7261 2072656d6f766564
7262 206c616479
7263 20706f74656e7469616c6c79
7264 20d09dd0be
7265 79616c
7266 2073796d7074
7267 2061726d79
7268 20696e74726f6475636564
7269 746573
7270 2061737065637473
7271 3134
7272 204c6f75
7273 2029
7274 206465706c6f79
7275 706574
7276 2068616e
7277 205761746368
7278 20776561706f6e73
7279 207068656e
7280 207265676973746572
7281 2065696e66616368
7282 2073706f7274
7283 20627269646765
7284 20696e6e6572
7285 206d696e696d756d
7286 207769746e657373
7287 2065736f
7288 2076696c6c616765
7289 206f776e6572
7290 a6aceab3a0
7291 2073637265616d
7292 696c6564
7293 207069746368
7294 627275
7295 20616476616e6365
7296 e4b88de698af
7297 20737570706f7365
7298 20417474
7299 d0b5d182d181d18f
7300 20646966666572656e636573
7301 616b6564
7302 20696e74657270726574
7303 c3a6
7304 69656e646f
7305 206162736f6c
7306 20d0b1d183d0b4d0b5d182
7307 20ebb2
7308 20747269616c
7309 207468696e6b73
7310 6c79696e67
7311 63657074696f6e
7312 204166726963616e
7313 206368656d6963616c
7314 2074617065
7315 20636f6e766572736174696f6e73
7316 20646973747269627574696f6e
7317 7469
7318 204149
7319 20666c617368
7320 20756e64657273746f6f64
7321 20476f7665726e6d656e74
7322 e5b08f
7323 213f
7324 20536b
7325 eab1b0eb
7326 72696572
7327 5453
7328 204163636f7264696e67
7329 d18ed182
7330 2073706f6e73
7331 d182d0bed0b1d18b
7332 2076616c75
7333 6572656d
7334 696368746967
7335 20726573697374616e6365
7336 2047616c
7337 67657279
7338 20626567696e73
7339 20616476616e636564
7340 2072656c6576616e74
7341 20706f6c6974696373
7342 2046616d
7343 20c3a76f6b
7344 204e65766572
7345 696c6c696e67
7346 20666f6f7462616c6c
7347 d0b8d0b8
7348 204944
7349 20416672696361
7350 2066696e67657273
7351 20d0b1d0bed0bbd18c
7352 20c3a1
7353 20636c6970
7354 204c6174
7355 e38284
7356 20eca780eab888
7357 65737365
7358 20766f6f72
7359 206173696465
7360 e69e
7361 20746f77617264
7362 20626174
7363 2076616c6964
7364 204d656e73
7365 20636f6d706c65746564
7366 c4b1c49f
7367 20706f6463617374
7368 20426f6e
7369 db92
7370 204a756c79
7371 696c61
7372 207061636b616765
7373 2070756c6c6564
7374 63686172
7375 204d656c
7376 6f6973
7377 20736f757468
7378 20eb94
7379 20696d706f7274616e6365
7380 2070757368696e67
7381 2069736f6c
7382 207374616e6473
7383 63696c6c
7384 e4bc
7385 20f09f
7386 6f7269
7387 eab081
7388 20686f6d6573
7389 20636f6e6365726e73
7390 2062697a
7391 e5bd
7392 626965
7393 20626973
7394 2067656172
7395 204d53
7396 2068756e
7397 204d617474
7398 e1baa3
7399 736579
7400 20536563726574
7401 206f6464
7402 204d6178
7403 6f6c6c79
7404 666f7264
7405 205348
7406 207265706c616365
7407 206e61766967
7408 20696e69
7409 d0b8d18f
7410 206769616e74
7411 206d616e64
7412 2048617070
7413 54494f4e
7414 67756e
7415 69616d6f
7416 ec9e85eb8b88eb8ba4
7417 20676170
7418 20c3aa747265
7419 20636c617373726f6f6d
7420 20687970
7421 616b69
7422 e8ae
7423 697374657273
7424 61636b73
7425 20d181d0be
7426 20627567
7427 2067726176
7428 616d696e
7429 206576657279646179
7430 20eca1b0
7431 2067617264656e
7432 63656d626572
7433 206573746f
7434 e5978e
7435 d8ac
7436 9fb0
7437 e581
7438 20726f6d
7439 20eca09ceab080
7440 2066616c6c696e67
7441 206661756c74
7442 656c6c79
7443 206368657374
7444 20d0bbd0b8
7445 20706f7461746f
7446 206275696c64696e6773
7447 206f7065726174696e67
7448 2070617265
7449 7772
7450 446f6e
7451 20466f7572
7452 2076756c
7453 206cc3a1
7454 206672757374
7455 2044616e6e
7456 6f6c6573
7457 6e7961
7458 20ecb6
7459 20d180d0b0d181
7460 d79b
7461 2061c3ad
7462 776f7264
7463 20776561706f6e
7464 206f6274
7465 2046616c6c
7466 205374657665
7467 206d69786564
7468 20706f6465
7469 204153
7470 204c6567
7471 2064657363
7472 2073706c6974
7473 20656d657267656e6379
7474 2053696e67
7475 2070726f666974
7476 207479706963616c
7477 20446f6e63
7478 20616e6e6f756e6365
7479 20546578
7480 2073616372
7481 7465726e616c
7482 20636f6d6d6974746565
7483 69676f
7484 206469616d
7485 70686173
7486 2064656665
7487 2050726f66657373
7488 206465636c
7489 d183d180
7490 3232
7491 6f6c66
7492 204d6f6e64
7493 7579
7494 206179
7495 206c656d
7496 206c6f76656c79
7497 20436f756c64
7498 2067756172
7499 4848
7500 206361726566756c6c79
7501 204c697374656e
7502 20d0bad180
7503 20796f757468
7504 205468657265666f7265
7505 20647265616d73
7506 204a656666
7507 3f5d
7508 20eb88
7509 4441
7510 20626f64696573
7511 617578
7512 20746563686e6971756573
7513 206d656368616e69736d
7514 d793
7515 20d0bed0bdd0b8
7516 20646573697265
7517 c3ae
7518 20566f
7519 71756573
7520 20d183d0b6d0b5
7521 2057686f61
7522 2047616d65
7523 2068616c
7524 616e697368
7525 20707261637469636573
7526 353030
7527 20736f727473
7528 757073
7529 61746566756c
7530 2068657273656c66
7531 20677569746172
7532 2070726f706f73
7533 207369746573
7534 206265616368
7535 20d7a2
7536 e7acac
7537 d0bdd183
7538 206472616d
7539 204e6f7665
7540 5645
7541 72616e74
7542 20706c6f74
7543 20ec97aceab8b0
7544 204361
7545 2065737461626c6973686564
7546 2032303135
7547 20696e737069726564
7548 20616e6e6f756e636564
7549 e4b8aa
7550 20d182d180
7551 203236
7552 20766f79
7553 2074656368
7554 eca081
7555 2070726f636573736573
7556 6f6e746f
7557 2050616e
7558 207261706964
7559 697374616e
7560 20313937
7561 2072656c6967696f6e
7562 203238
7563 20736d696c65
7564 20626162
7565 20daa9
7566 20566972
7567 207363686564756c65
7568 20657865637574
7569 2070726f6e
7570 d18d
7571 20d09dd183
7572 6d75736963
7573 ec9b90
7574 2067616e
7575 ec8ba0
7576 2064656661756c74
7577 2062656d
7578 d989
7579 20666f72636564
7580 204f6276696f75736c79
7581 2073746f6e65
7582 20746965
7583 206472696e6b696e67
7584 20736572766564
7585 4361757365
7586 20636f6e666572656e6365
7587 2045786163746c79
7588 e38388
7589 a09c
7590 ec9980
7591 205261
7592 2066616b65
7593 2064696666
7594 e381a9
7595 206368616c6c656e67696e67
7596 20eca491
7597 cf87
7598 e4bb80e9babc
7599 20696e74656c6c6967656e6365
7600 72657465
7601 207374756479696e67
7602 206170706f696e74
7603 2074616e
7604 20d0b8d0bc
7605 206375727665
7606 205465616d
7607 20417a
7608 20d0b7d0b4
7609 204d75736963
7610 6669656c64
7611 69726174696f6e
7612 206661696c6564
7613 206e6f76656c
7614 20646966666572656e746c79
7615 20657363617065
7616 20596f
7617 204f63746f626572
7618 c4b1796f72
7619 20646573637269626564
7620 20636f6e76657274
7621 6163656d656e74
7622 20686f74656c
7623 69736174696f6e
7624 2073756973
7625 e38191
7626 e5ad90
7627 e6808e
7628 2077616c6b6564
7629 323030
7630 206e65696768626f72686f6f64
7631 697370
7632 204c6f73
7633 2068696464656e
7634 203237
7635 d0bbd0b5
7636 20706872
7637 2049736c616e64
7638 20537472656574
7639 656e6461
7640 68697073
7641 6f73757265
7642 20646566696e6564
7643 e0b8a7
7644 2076696461
7645 206c6162656c
7646 204576657279626f6479
7647 206a6f6b65
7648 69616f
7649 d8a7d986
7650 206174686c6574
7651 2e2e2e22
7652 2046697265
7653 446f
7654 20646566656e7365
7655 20656e7465727461696e
7656 c3a174
7657 20706f6c6963696573
7658 20616c636f686f6c
7659 20456e67696e65
7660 2067616c
7661 204a7564
7662 20766f6c756e7465
7663 69636b73
7664 657461
7665 616774
7666 20d795
7667 206dc3b6
7668 3133
7669 20656e636f756e
7670 206568
7671 206f72616e6765
7672 206162736f72
7673 20737061636573
7674 204e6f76656d626572
7675 eab5ac
7676 696174
7677 2074616d
7678 636b6e6f77
7679 2073746f726d
7680 204469726563746f72
7681 20707265676e
7682 20ec9dbc
7683 20d0bed0bf
7684 207265736f75726365
7685 2062617264
7686 6e6577
7687 20446563656d626572
7688 75697473
7689 207765696c
7690 20636f6e737472756374
7691 7369
7692 6e6963
7693 20666c6f7572
7694 207265737472696374
7695 c3bc74
7696 20656e746972656c79
7697 20627265616b696e67
7698 656e746c696368
7699 207477656e7479
7700 20636175736573
7701 20656c6576
7702 20537072
7703 20496e7465726e6574
7704 206b697373
7705 206f7065726174696f6e73
7706 737a79
7707 20eb8a
7708 20736369656e7469737473
7709 2067726f776e
7710 206f776e657273
7711 6f757473
7712 20636f7572736573
7713 20757375616c
7714 20696e6e
7715 207472616e736d
7716 c3b16f
7717 206e75657374
7718 d0bad0bed0b2
7719 2063617465676f7279
7720 204c696665
7721 20506c7573
7722 2061746d6f73
7723 7768696c65
7724 207265636f726473
7725 206465c49f
7726 eb8ba4eab3a0
7727 20ec82aceb9e
7728 20726571756972656d656e7473
7729 696e6e
7730 20696d6d6967
7731 20646565706572
7732 e7b4
7733 2061707073
7734 20636f6c6c656167756573
7735 c5bc79
7736 206f6666657273
7737 2074c3a1
7738 20636f6c756d6e
7739 6c617564
7740 4952
7741 204d73
7742 2065786368616e6765
7743 6c6173
7744 204c6177
7745 204a6f6e
7746 69737365
7747 726f67656e
7748 206d6f69
7749 d797
7750 2073656e64696e67
7751 2068656c6c6f
7752 d0b5d0b5
7753 c59bc487
7754 2073756363656564
7755 20737566666572696e67
7756 20616476657274
7757 20eca3bc
7758 e79fa5e98193
7759 207265636f
7760 c4b16ec4b1
7761 20d0bad0bed0bc
7762 616c6c6579
7763 206661696c757265
7764 69656a
7765 20eb958c
7766 206472756773
7767 206375616e646f
7768 20ec96b4eb96
7769 2041626f7574
7770 207175616e646f
7771 3930
7772 20466564
7773 3137
7774 5368
7775 696e686f
7776 2053756e646179
7777 205068696c
7778 2061636164656d6963
7779 20496e63
7780 206d61696e74656e
7781 e587ba
7782 20726577617264
7783 657264
7784 20636f6d6d6974746564
7785 ec8aa4
7786 d0b3d180
7787 207374616e6461726473
7788 206b616c
7789 20696e74656e74696f6e
7790 205a68
7791 2061636b6e6f77
7792 e4bf
7793 203d3d3d
7794 6f6779
7795 e5a7
7796 2066696c6d73
7797 69736b
7798 207465657468
7799 207374727567676c65
7800 7264
7801 75656e
7802 2064697373
7803 20446172
7804 616d79
7805 20656e656d696573
7806 2076656c6f63
7807 2043616c6c
7808 756d6273
7809 d0b8d182d0b5d0bbd18c
7810 206f6365616e
7811 c3a964
7812 ec9ab0
7813 207472656d
7814 69656e746f
7815 d0b5d188d18c
7816 6666696369656e74
7817 20626f74746c65
7818 20696e737469747574696f6e
7819 65737479
7820 2048616e
7821 686162
7822 eb8a98
7823 20617272657374
7824 e98284
7825 206c657474657273
7826 6f756e6365
7827 ed8c
7828 416e
7829 2063726561746573
7830 20636c6f636b
7831 2064656274
7832 20616e6369656e74
7833 696669636174696f6e73
7834 6769
7835 427574
7836 205475
7837 6b6c
7838 20626f72646572
7839 206f6f6b
7840 20426179
7841 65737461
7842 20ebb3b4ec
7843 20777261
7844 7072656e65
7845 20eab28c
7846 616e676c65
7847 2062656c6965766564
7848 69656e6379
7849 616b61
7850 20637269746963
7851 20626f6d62
7852 2068616d
7853 20d09b
7854 eab5ad
7855 2047757973
7856 726f736f6674
7857 206372696d
7858 65746368
7859 415252
7860 207369676874
7861 d0b8d0bdd0b0
7862 2061696e
7863 e1bb91
7864 6973636865
7865 20617578
7866 206e756d6572
7867 2073757276697665
7868 416c6c
7869 4243
7870 20737a
7871 9faceb
7872 206a616d
7873 20436f757274
7874 20616c6c6573
7875 2074726967676572
7876 d09e
7877 20666f726d6174
7878 2064656361646573
7879 20636573
7880 207369676e73
7881 20726f626f74
7882 20436875726368
7883 20617a
7884 20736f7570
7885 205465786173
7886 7574656e
7887 20d187d182d0bed0b1d18b
7888 206e6569676862
7889 96d794
7890 20636f6d6d756e6963617465
7891 c5a1
7892 20656c696d696e
7893 206672657175656e6379
7894 6865726e
7895 69646f73
7896 20656d70686173
7897 206d65737361676573
7898 2067656e646572
7899 2057656e6e
7900 20d0b2d0be
7901 20707269636573
7902 6f6c6f
7903 20d0bfd0bed0bd
7904 77696e67
7905 2046696c
7906 d0b0d0b5d0bc
7907 20437572
7908 2066616c7365
7909 206669656c6473
7910 2073c3a9
7911 3234
7912 206d6163
7913 75c59f
7914 206c6179657273
7915 206164766f63
7916 77616e
7917 206b6172
7918 20c59e
7919 206465636f72
7920 2077616c6c73
7921 6f65
7922 697373696f6e73
7923 207265736f6c
7924 d7a2
7925 204361726f6c
7926 2056696465
7927 6c656570
7928 20594f55
7929 20666c6970
7930 2073757267657279
7931 2063686f70
7932 5552
7933 2e2c
7934 206167656e6379
7935 2077616e74696e67
7936 20736f6c6172
7937 20686f72697a
7938 204164616d
7939 2073746179696e67
7940 6f6c6963
7941 20677261746566756c
7942 2072656d61726b
7943 20746563686e6f6c6f67696573
7944 2070726f7465696e
7945 e5bf83
7946 d0b4d0b5d0bb
7947 204d6f6e74
7948 2073686f756c646572
7949 207a61
7950 726579
7951 204f6f68
7952 20737479
7953 69636172
7954 d0bed182d180
7955 20726f757465
7956 205475726e
7957 20626f6d
7958 20646562617465
7959 20706f73736962696c697479
7960 20ed95b4ec
7961 617061
7962 20696e76656e74
7963 c3bc726c696368
7964 2070726f66696c65
7965 2073656e696f72
7966 707079
7967 766173
7968 206d756e646f
7969 617465766572
7970 206170706172656e746c79
7971 656e6572
7972 d790
7973 e7ad
7974 20707265636973
7975 20616c69676e
7976 206b6e696665
7977 20526f62657274
7978 e58b
7979 20666f6f6c
7980 20696e76697465
7981 7573696e67
7982 2063697263756d7374
7983 2063617074757265
7984 20646f756768
7985 2053616e64
7986 20736575
7987 204e657773
7988 2062697465
7989 206e657574
7990 77696465
7991 206c656374757265
7992 20eb9890
7993 206f726967696e616c6c79
7994 2063686f69636573
7995 20476172
7996 207665727365
7997 206c6974
7998 20313936
7999 ed95a0
8000 206d65617375726573
8001 c3a7c3b56573
8002 7761746572
8003 72697665
8004 207a696a6e
8005 ed81
8006 20427573
8007 20686562
8008 d0b5d185
8009 204b6172
8010 204ec3a36f
8011 206b696c6c696e67
8012 e0aeaa
8013 206d6972726f72
8014 6d6f64
8015 206d6f6c
8016 206372656174696f6e
8017 20657374696d
8018 2061746d6f737068657265
8019 2067616d
8020 207461626c6573
8021 697369
8022 204c6974746c65
8023 20746173
8024 20456c65
8025 c3a96c
8026 207363656e6573
8027 20746f6e65
8028 206166666563746564
8029 2041554449
8030 2042726f776e
8031 4966
8032 20d987
8033 2044616e69656c
8034 e79c9fe79a84
8035 71756572
8036 636869
8037 ed9598eb
8038 206d697374616b6573
8039 20736c61
8040 e382a4
8041 20656e7472
8042 20d0b5d181d0bbd0b8
8043 2073686f7574
8044 20706f7274696f6e
8045 d197
8046 2070726576696f75736c79
8047 e1bb99
8048 20d0bfd180d0b5d0b4
8049 d0bed181d18c
8050 206865616473
8051 e78e
8052 e5ad
8053 e59c8b
8054 206772617373
8055 e0b8b0
8056 6372696265
8057 207175c3a9
8058 205370616e697368
8059 206f666665726564
8060 20d0b1d18bd0bbd0be
8061 20436c6f7564
8062 20766563746f72
8063 20487568
8064 206b6164
8065 69667473
8066 20cebd
8067 2068756e677279
8068 d0a1
8069 20706172616c6c
8070 414e44
8071 2076c3ad64656f
8072 697a7a
8073 206f63637570
8074 20ed94
8075 207365656b
8076 686573
8077 20646f6f7273
8078 20686f75736573
8079 20636f6e7369646572696e67
8080 206772616475617465
8081 2066756c66
8082 e8a18c
8083 e8a3
8084 2065787472656d65
8085 20666c6f77657273
8086 6974617465
8087 20507269
8088 2066756e64616d656e74616c
8089 d187d0b0d181
8090 e8afb4
8091 2074657874757265
8092 8d98
8093 20414e44
8094 e0aeb1
8095 2054656d
8096 206e616461
8097 eca784
8098 2063656c656272617465
8099 756d73
8100 2070696c6c
8101 20d0b8d0bbd0b8
8102 676f696e67
8103 20686970
8104 20737570706f72746564
8105 207065726d616e
8106 2061677265656d656e74
8107 2074796d
8108 20eb91
8109 93a4ec9db4
8110 207075726368617365
8111 ed94
8112 20506c616e
8113 6567656e
8114 207265636f766572
8115 5055
8116 204d6963726f736f6674
8117 647563
8118 20686f6c6573
8119 2064726f70706564
8120 20706967
8121 20656e64696e67
8122 2061747461636b73
8123 626563
8124 2072656e
8125 2072617070
8126 20ec9ab0eba6ac
8127 20746572726f72
8128 20d799
8129 2065646974
8130 20616f
8131 2e3c2f
8132 2032303030
8133 20556e696f6e
8134 20736369656e7469666963
8135 2070756e6368
8136 6f7274696f6e
8137 2070757473
8138 204d6f6e646179
8139 204a6572
8140 4543
8141 206d6174726978
8142 20696e737469747574696f6e73
8143 206d6f6e74
8144 206578686962
8145 20737065616b6572
8146 206d6574657273
8147 2e5d
8148 2073657276696e67
8149 206461746162617365
8150 204c4155
8151 2064616d6e
8152 20706f646572
8153 21212121
8154 20ed9688
8155 2041554449454e4345
8156 206a756e
8157 204143
8158 204974616c
8159 736563
8160 20596f756e67
8161 7275636b
8162 6f757665
8163 e0b884
8164 e788
8165 20eba78ceb
8166 6164696e67
8167 75726174696f6e
8168 205053
8169 d09a
8170 20556e66
8171 e881
8172 6f726961
8173 206d616e6966
8174 2073656e74656e6365
8175 207369676e6564
8176 4253
8177 2070726f6f66
8178 204d75736c696d
8179 206e75636c656172
8180 20d0b3d0bed0b2d0bed180
8181 20776f6c6c
8182 206661766f7572
8183 205748
8184 2076756c6e6572
8185 20636c6f73656c79
8186 20696e646578
8187 d182d0b5d180
8188 616368656c
8189 2063617061626c65
8190 20426573
8191 2063726f6368
8192 656b74
8193 207368656574
8194 2073656573
8195 206e61747572616c6c79
8196 20456e676c616e64
8197 207061727469636970617465
8198 20657869737473
8199 207368617270
8200 7079
8201 20627265616b66617374
8202 626f77
8203 207477697374
8204 e7a7
8205 696e6174696e67
8206 6f7469
8207 20466f756e64
8208 2064657578
8209 2073656c6563746564
8210 eca084
8211 6f736973
8212 2070726573656e746564
8213 206c696e656172
8214 20eab4
8215 206b756e
8216 e9bb9e
8217 c3b46e67
8218 2062c49964
8219 2074656d706f72
8220 206361626c65
8221 20d0bfd180d0bed181d182d0be
8222 d0bad0b5
8223 20d182d0b0d0bc
8224 2077696e6e696e67
8225 e883bd
8226 98eb8f84
8227 2032303134
8228 20ec97aceb
8229 20554e
8230 20436c69636b
8231 20707265706172
8232 20544f
8233 20737561
8234 2048616d
8235 206cc3a4
8236 206162736f6c757465
8237 20656e6761676564
8238 e5a682
8239 20486d6d
8240 2064617368
8241 5441
8242 c3b16f73
8243 2073706f
8244 e7949f
8245 295d
8246 20746573746564
8247 20626c616e6b
8248 2072656a656374
8249 20617373696d
8250 2072656172
8251 20537472
8252 206372617368
8253 20d0bdd0b0d188
8254 d0b8d182d181d18f
8255 20636f6c6f6e
8256 20556e74
8257 204365
8258 2061636964
8259 e997
8260 206b6974
8261 6962696c6974696573
8262 75746f
8263 2076616c7561626c65
8264 6c697374
8265 2070617274696573
8266 204d6d
8267 20636f6c6f7572
8268 206368616d
8269 20737465656c
8270 20496d70
8271 2066756e6473
8272 20444e41
8273 204b656e
8274 696e6465
8275 ed95b4ec849c
8276 e38383
8277 204861707079
8278 20557365
8279 204c69676874
8280 206c6970
8281 20617574686f72697479
8282 204c6f6e67
8283 204972616e
8284 20656c6c
8285 20636f6f7264696e
8286 207375626d
8287 207265636f72646564
8288 d183d188
8289 2064656c7461
8290 207265666f726d
8291 205374696c6c
8292 206f70706f6e
8293 20616c6c6f77696e67
8294 207061747465726e73
8295 206c657474696e67
8296 20736c656570696e67
8297 4f6b6179
8298 2070697a7a61
8299 20c59b
8300 20d0b4d0bed0bb
8301 2074616c656e74
8302 656e73696f6e73
8303 20656e7669726f6e6d656e74616c
8304 2070726f666573736f72
8305 2073686f7473
8306 20636f6e7461696e73
8307 75676172
8308 796f
8309 8f99
8310 2073657175656e6365
8311 ceb9ceb1
8312 61646572
8313 e9a0
8314 d0b0d187
8315 d986d8a7
8316 20496b
8317 20746f7573
8318 7572696573
8319 20706f756e6473
8320 2065787465726e616c
8321 696d656e7473
8322 20767261696d656e74
8323 ec8ba4
8324 2068617070696e657373
8325 2070727a65
8326 6573746963
8327 2065737461626c697368
8328 20466c6f72
8329 20726967
8330 20686f6e6579
8331 2070756c
8332 2073796d70746f6d73
8333 2062726f7773
8334 d0b5d0bbd0b8
8335 20cf84cebf
8336 207368697274
8337 20546563686e
8338 2050726f6772616d
8339 d0b5d0bcd183
8340 207570736574
8341 206775657374
8342 62757267
8343 20756e6c696b65
8344 20736f6d6577686174
8345 2068616e67696e67
8346 6165
8347 2072756d
8348 2070686f746f6772617068
8349 204c69
8350 e59b9e
8351 20737461626c65
8352 20766f6c74616765
8353 20456c6c
8354 20656e7472657072656e65
8355 75736573
8356 617373656e
8357 acb8
8358 20eba78eec9db4
8359 2067686f7374
8360 20736167656e
8361 20636f6d626174
8362 2067c3b672
8363 20436170
8364 2073c3a36f
8365 204b6174
8366 20666f726d61
8367 2073756d6d
8368 206d61726368
8369 2076617374
8370 c3bc6b
8371 20636f6d6d69746d656e74
8372 696d6f73
8373 4c6574
8374 20646564696361746564
8375 69737465
8376 6c6179
8377 e98099e6a8a3
8378 20746f70696373
8379 206d616368696e6573
8380 205061726973
8381 20ec9db4eb9fb0
8382 206d696e69
8383 206d61726b657473
8384 206b6f
8385 ceb4
8386 76696c6c65
8387 20676f6f646e657373
8388 206672616d65776f726b
8389 756c74757265
8390 206261736b6574
8391 65737361
8392 d0b0d186d0b8
8393 7573746572
8394 20eab9
8395 e4bd86
8396 20657874656e74
8397 204d656e736368656e
8398 20636f6e73697374656e74
8399 206175746f
8400 726970
8401 206d657265
8402 e0af88
8403 d194
8404 20656c6c65
8405 8c80eb
8406 6f6b656e
8407 2070756c6c696e67
8408 20636f77
8409 6f75746865726e
8410 206d656574696e6773
8411 2063616461
8412 d0bdd18bd0bc
8413 69656e7465
8414 2062617374
8415 616e696e67
8416 20666f637573696e67
8417 726f6164
8418 20726f6f66
8419 2050726f666573736f72
8420 205350
8421 d180d0b0d0b7
8422 206e6f6f64
8423 20343030
8424 20ec9db4eca09c
8425 ec9e88
8426 204d6f756e74
8427 d0b5d0b9d187d0b0d181
8428 20d790
8429 576879
8430 d79e
8431 c4b16e6461
8432 20706f736974696f6e73
8433 c3a86d65
8434 e78f
8435 20d0b4d180d183d0b3
8436 69796f72
8437 2070617373696e67
8438 20617373656d62
8439 20736d6f6b65
8440 2074696c
8441 206d757365756d
8442 d094
8443 20506572736f6e
8444 d0bdd0b8d0bc
8445 6c65696368
8446 20696e74656e74
8447 2073717565
8448 206372616674
8449 ec8898
8450 6f7273756e
8451 20313530
8452 2062726f7468657273
8453 766f72
8454 20537065616b6572
8455 696369616e73
8456 206f666669636572
8457 2069c3a7696e
8458 20d182d0b5d0b1
8459 2073637261746368
8460 2067656e6572617465
8461 7969
8462 20656d6f74696f6e73
8463 617573
8464 ecb998
8465 3435
8466 204c696e6b
8467 205265616c
8468 20617465
8469 20d0bdd0b0d0b4
8470 206e6174697665
8471 e1bb87
8472 c4b179
8473 20656e6f726d
8474 20626c6f636b73
8475 206661636573
8476 616363
8477 6976656e657373
8478 20696e63686573
8479 756973
8480 68656974
8481 2073747265657473
8482 2070726f626162696c697479
8483 617369
8484 20696d706c
8485 20e0a4
8486 7572646179
8487 2066617574
8488 6f6d79
8489 20706970
8490 20696c6c757374
8491 e0aeaf
8492 204a756e
8493 206c79696e67
8494 3939
8495 206d656d6f72696573
8496 2070726163746963616c
8497 69616e61
8498 6f6e636573
8499 2076696577657273
8500 2054686f6d6173
8501 e68c
8502 204769726c
8503 2057686574686572
8504 20696e6e6f766174696f6e
8505 206469736170706f696e74
8506 4d79
8507 2077696e6e6572
8508 206967
8509 20726174696f
8510 20426c7565
8511 20537562
8512 20646f63756d656e7473
8513 20666f726d756c61
8514 20eba9
8515 d18a
8516 206170706561726564
8517 766172
8518 616e646f6e
8519 207370726179
8520 6d616b
8521 2051554553
8522 4b45
8523 2077656464696e67
8524 5265
8525 d0b0d182d18cd181d18f
8526 20756e6f
8527 2067616c6c
8528 ed84b0
8529 63696f
8530 63657273
8531 20d0bcd0bdd0b5
8532 20706570706572
8533 e38197e3819f
8534 204665627275
8535 20616c7465726e6174697665
8536 206675
8537 204261736963616c6c79
8538 20536d697468
8539 2067617465
8540 2054616d
8541 205768617465766572
8542 20617070726f78696d
8543 20636f6e63657274
8544 206a75696365
8545 20457370656369616c6c79
8546 2064796e616d6963
8547 5175
8548 6f6e646572
8549 6976657279
8550 2062616e67
8551 2072756c
8552 205061727479
8553 207363686f6c617273
8554 20637279696e67
8555 6ac485
8556 d0a2
8557 205155455354494f4e
8558 726964
8559 206163637572617465
8560 c3a76f
8561 20436f6f6c
8562 636f696e
8563 20ec8381
8564 20466f
8565 207072c3b3
8566 20526f6d616e
8567 20d09fd180
8568 20636865636b696e67
8569 3f27
8570 206174746163686564
8571 2049736c616d
8572 2065787065727473
8573 d7a7
8574 20436f6e7374
8575 d180d0b0d0bd
8576 20736861646f77
8577 2064656c6179
8578 d092
8579 206f7269656e74
8580 eb82
8581 656c6c656e
8582 206173c3ad
8583 d0bad0b8d0b9
8584 20686973746f726963616c
8585 20756e636f6d
8586 6f6d70
8587 686d
8588 2062696c
8589 20706c616e6e6564
8590 20556e666f7274756e6174656c79
8591 2057696e646f7773
8592 d8b4
8593 20656e636f756e746572
8594 20ec839deab081
8595 20726567617264696e67
8596 617272617373
8597 207265636f76657279
8598 20487572
8599 20456d70
8600 2073c3ad
8601 ed9598eab28c
8602 20646566656e64
8603 20636574
8604 61737365
8605 eb8ba8
8606 6f6b6573
8607 2072656d6f7465
8608 20d8b3
8609 2061727473
8610 6973636f
8611 6175636f7570
8612 204d657869636f
8613 20d0bfd0bed0bc
8614 2063686f73656e
8615 656d6174
8616 6f64696e67
8617 20666c6f776572
8618 7374616e64696e67
8619 204173736f6369
8620 756d6d79
8621 494c4c
8622 2063616d65726173
8623 e5868d
8624 20e68891
8625 2041726162
8626 2053756d
8627 207465676f
8628 206372696d696e616c
8629 69666f726d
8630 20737461636b
8631 ec84b1
8632 20446f6e616c64
8633 204f6c64
8634 2064757374
8635 204a6f7365
8636 2068656d
8637 20696e63726561736573
8638 6f737461
8639 206479696e67
8640 205269766572
8641 206d6f697374
8642 d182d0bed0b2
8643 61726573
8644 206469736369706c
8645 72616974
8646 20486173
8647 7967656e
8648 20547265
8649 20ebb4
8650 206c616e677561676573
8651 2048656e
8652 203336
8653 204469736e6579
8654 696e7473
8655 20616c676f
8656 20666f6f6473
8657 207365747570
8658 6c616e
8659 206566666563746976656c79
8660 207768657265766572
8661 e69c80
8662 20756e746572
8663 666f726d6174696f6e
8664 2068697473
8665 207072696e6369706c65
8666 20746173746573
8667 a788
8668 2074726561746564
8669 207265736f6c7574696f6e
8670 2070726976696c65
8671 204950
8672 ebb0
8673 20746572726974
8674 20706f77657273
8675 20ed83
8676 2056696374
8677 20626f74686572
8678 204368616972
8679 206d7573636c65
8680 2073616c65
8681 20646563656e74
8682 20636f7570
8683 20537175
8684 20636f617374
8685 20726f64
8686 204672616e63
8687 2062617468726f6f6d
8688 2073686f7070696e67
8689 20d0bcd0bed0b6d0b5d182
8690 2069c59f
8691 2053746179
8692 6772616465
8693 20666f726d6564
8694 206261c59f
8695 206272696c6c
8696 6a6f7572
8697 ed96
8698 e59ba0
8699 776965
8700 6963617465
8701 20e2808be2808b
8702 204e6f726d
8703 e0a5
8704 206d61696e6c79
8705 205370616365
8706 207472656d656e64
8707 697469
8708 e0aeb5
8709 5554
8710 4d75736963
8711 204665627275617279
8712 20636f6e7472617374
8713 e5afb9
8714 657374696e67
8715 20ceb4
8716 696e67696e67
8717 20d986
8718 7373656e
8719 20486f6d65
8720 207368656c6c
8721 20486179
8722 20616c6c6572
8723 204170
8724 205765737465726e
8725 20576f7264
8726 20504c4159
8727 20eb85
8728 20417175
8729 20656e747279
8730 206c61756e63686564
8731 204d656d
8732 20506f7572
8733 207a7765
8734 20536f6d656f6e65
8735 696e6765
8736 2050726f62
8737 6d626c65
8738 2052656c
8739 757275
8740 20726879
8741 20676967
8742 20656e676167656d656e74
8743 c3bcc59f
8744 e38287
8745 206f66666572696e67
8746 7768656c
8747 206163746f72
8748 20e5b08d
8749 415050
8750 77657374
8751 20526f79
8752 2072657475726e6564
8753 2073696c766572
8754 726174696e67
8755 206573746172
8756 20736b65
8757 207469
8758 69636174696f6e
8759 20616e6e6f79
8760 20646565706c79
8761 ec9aa9
8762 206e6174c3bc726c696368
8763 454c4c
8764 2043617468
8765 207261696c
8766 d0bdd0bed0b2
8767 20707261796572
8768 636f6c
8769 4742
8770 20d0a2d0b0d0ba
8771 20676c61
8772 205761746572
8773 d18fd182d18c
8774 204e6f6e
8775 c3b474
8776 6167657273
8777 20687567
8778 20646f63746f7273
8779 616e63696e67
8780 2054616c6b
8781 7a696e67
8782 206861646e
8783 206c7569
8784 206174c3a9
8785 20eab7b8eba6aceab3a0
8786 eab98ceca780
8787 696369
8788 20696e636f72706f72
8789 204469
8790 7a696c
8791 616e7961
8792 aa85
8793 20c2bb
8794 3335
8795 2062656572
8796 2062656175636f7570
8797 204d43
8798 2065617273
8799 6f67656e
8800 205175657374
8801 656461
8802 e69cac
8803 205361747572646179
8804 2066616c6c73
8805 73746f6e
8806 626c6573
8807 2074687573
8808 20eb84a4
8809 e0b984
8810 20746865726d
8811 20646976657273697479
8812 20736f79
8813 617a75
8814 696d70
8815 2074656c65766973696f6e
8816 e9818e
8817 20d7a9d79c
8818 20777572
8819 206564676573
8820 206c6573736f6e73
8821 20417564
8822 e38197e381a6
8823 766f6972
8824 616d656e746f
8825 206578706c61696e6564
8826 20d0bed0bdd0b0
8827 2074656d7073
8828 cf8e
8829 54686579
8830 2073757270726973696e67
8831 d0b0d0bdd0b8d18f
8832 2044726167
8833 e99da2
8834 20436c65
8835 206e616d
8836 20d0bbd18ed0b4
8837 206861726477617265
8838 207468756d6273
8839 20cebaceb1ceb9
8840 20546f70
8841 20c3a5
8842 e999
8843 d795d7a8
8844 20eab7b8eb9e98ec849c
8845 2042756464
8846 746865726e
8847 20696e74657265737473
8848 d8b0
8849 20646576656c6f70657273
8850 2068697474696e67
8851 206f70706f736564
8852 20686561727473
8853 20416e64726f6964
8854 2048616e64
8855 20726570726573656e7473
8856 676c696368
8857 ed8ab8
8858 203332
8859 20646f6d696e
8860 20416e6e
8861 e4b880e4b88b
8862 20c3a974c3a9
8863 207a6f6f6d
8864 206b74c3b37265
8865 206164756c7473
8866 206f726465726564
8867 207069636b696e67
8868 20486f6e67
8869 2066696c6d696e67
8870 e6809d
8871 2073656564
8872 204154
8873 2063616c63756c617465
8874 20d0bad0bed0b3d0b4d0b0
8875 204f73
8876 69636974
8877 2072656d61696e696e67
8878 2073656775
8879 c3bb
8880 20ec98a4eb8a98
8881 20617272697665
8882 20636f6e6772
8883 206772616e6465
8884 206865616c746863617265
8885 20d0bcd0bed0b6d0bdd0be
8886 5341
8887 65737465
8888 2061776172656e657373
8889 2073717561726564
8890 7874757265
8891 204265696e67
8892 20736f6c6469657273
8893 d183d0b1
8894 207265766f6c7574696f6e
8895 20747261696e6564
8896 656e64656e
8897 e8b0
8898 2064616e63696e67
8899 20696e7374616c6c6564
8900 7072697365
8901 207665746572
8902 206d656e6f73
8903 6e656c6c
8904 2042726f74686572
8905 206e756e
8906 20696d706f7274616e746c79
8907 616c6c6564
8908 6961c582
8909 61626c6564
8910 2053797374656d
8911 20566f6c
8912 20656c64
8913 20656d6f74696f6e
8914 6963616e
8915 2042616e6b
8916 696b6573
8917 20766c6f67
8918 20d0b2d0bed0b7
8919 207075656465
8920 ec98a4
8921 207465656e
8922 20736576657265
8923 252c
8924 20636c65616e696e67
8925 7ac485
8926 9790
8927 205468726f756768
8928 20536574
8929 4550
8930 223f
8931 204d6f74686572
8932 2066696775726564
8933 206d7564
8934 20d196
8935 204f6666696365
8936 20726177
8937 2064657374726f796564
8938 656e7461
8939 2061676772657373
8940 20d0bed181
8941 20ebaaa8eb
8942 c3a4c3a4
8943 204152
8944 20636f72726563746c79
8945 e5898d
8946 2073746972
8947 2065787472616374
8948 2076656869636c6573
8949 e9968b
8950 2052756e
8951 20d0b2d180d0b5d0bc
8952 20706172616c6c656c
8953 206c6167
8954 6a75
8955 2064617265
8956 204d6f74
8957 6f6e6f
8958 206265696e6773
8959 207374726f
8960 20657863757365
8961 20616c706861
8962 2061736b73
8963 20706f636b6574
8964 2e2e2e3f
8965 206b697461
8966 c3bc6d
8967 20617070656172616e6365
8968 6f7264616e
8969 20696e73657274
8970 20d0bdd0b0d187
8971 9b69
8972 2074656d706f
8973 20666163696c697479
8974 2076697369626c65
8975 e592
8976 20536369656e6365
8977 75726f73
8978 20d981d98a
8979 2056616e
8980 2074656e73696f6e
8981 20ed95a0
8982 2064656c6976657279
8983 207374696d
8984 20737572766579
8985 20477261
8986 20626f6c
8987 e6a0
8988 20776569746572
8989 c39f656e
8990 e4b880e5808b
8991 2070726f63656564
8992 20696d7072657373697665
8993 20566f63
8994 696f75736c79
8995 20d0b4d0b0
8996 68616c65
8997 6f6368
8998 20676c7565
8999 70686574
9000 636f6e74
9001 2066697473
9002 20626f786573
9003 20636f6e74726f6c73
9004 204368696c64
9005 207363656e6172696f
9006 2074726f70
9007 2070726f63657373696e67
9008 20d182d0bed0bbd18cd0bad0be
9009 206269726473
9010 2043686963
9011 20d0bdd0b0d0bf
9012 2032303133
9013 206dc3bc7373656e
9014 204a6167
9015 2073c485
9016 207065726365
9017 726568
9018 20466f7265
9019 20636f6e6675736564
9020 61697265
9021 206163636f6d706c697368
9022 2063617361
9023 636c6f636b
9024 20696e666c75656e
9025 20524f
9026 20626f6e65
9027 696369616e
9028 205343
9029 2073747261746567696573
9030 6768
9031 d0b4d183
9032 20697475
9033 20706572736f6e616c697479
9034 20626172647a6f
9035 206163636570746564
9036 2073746f6d
9037 696576
9038 2048697374
9039 20417573
9040 20ebb094eb
9041 41544f52
9042 e6848f
9043 6f6972
9044 206d6167617a
9045 206578706c616e
9046 20636f726e
9047 20696c73
9048 2063697263756974
9049 20676179
9050 686f70
9051 e38283
9052 206571756976616c
9053 20646965736572
9054 6572766573
9055 636f6d6573
9056 6b6c696368
9057 20eb958ceb
9058 61626574
9059 2065786861
9060 206d616e6e6572
9061 20e299aae299aa
9062 c3a963
9063 c3a46c
9064 20636f6e6669726d
9065 20656e7465726564
9066 656d706c6f
9067 20466172
9068 206fc3b9
9069 657373696f6e73
9070 206e757273
9071 20656e74c3a36f
9072 206162616e646f6e
9073 6c696665
9074 20776973
9075 4e61727261746f72
9076 20ec96b4
9077 5468657265
9078 2052616d
9079 61737465
9080 20617474726962
9081 204179
9082 206d65736d6f
9083 20cebdceb1
9084 e9ab
9085 656e736573
9086 2063726f70
9087 20d0b7d0b4d0b5d181d18c
9088 20556e74696c
9089 737465696e
9090 206f76656e
9091 2073757370656374
9092 686574
9093 2070756973
9094 2063617272696564
9095 c3a967
9096 20446576
9097 656d73
9098 7265656e73
9099 6265727279
9100 2074656d706c
9101 20426974
9102 207661726961626c6573
9103 206f7665727768656c
9104 cebcceb5
9105 20696e697469616c6c79
9106 ec9598
9107 6f7468696e67
9108 d0b5d182d18c
9109 2048696c6c
9110 20646570617274
9111 206d797374
9112 617a7a
9113 20666c756964
9114 204443
9115 20636c696e6963616c
9116 205279616e
9117 20466c6f72696461
9118 2054616b
9119 20616e7869657479
9120 62726f
9121 2063697263756d7374616e636573
9122 20d983
9123 206578697374656e6365
9124 20746f6e67
9125 2032303132
9126 20536563726574617279
9127 207370696379
9128 205b28
9129 20576974686f7574
9130 206661637473
9131 20746f6e73
9132 417070
9133 205374616e64
9134 206c696573
9135 204144
9136 77696e
9137 cf84ceb5
9138 6170706c61757365
9139 4950
9140 737461
9141 20537570
9142 70686f6e6573
9143 9e91
9144 706965
9145 20506f74
9146 204e4f
9147 e8b5b7
9148 20d79e
9149 20d094d0b0
9150 69636173
9151 204972
9152 20707573686564
9153 20756e636c65
9154 20d985d986
9155 206c6f6e
9156 207072696e6369706c6573
9157 20496e7465726e6174696f6e616c
9158 20c396
9159 c5be
9160 2073617961
9161 20eab3a0
9162 20726962
9163 207061737465
9164 207761726e696e67
9165 206d75736963616c
9166 20616772656564
9167 d0bed180d0bc
9168 206761726c6963
9169 206f787967656e
9170 ec9888
9171 416c
9172 20eba79e
9173 656c696e6573
9174 4c41555345
9175 e7be8e
9176 67797074
9177 4745
9178 636b6572
9179 7475
9180 207368656c
9181 20737461796564
9182 20d0b3d0bed0b4
9183 206c617074
9184 204d617274696e
9185 20696e7669746564
9186 20636f6e666972
9187 20656d62617272617373
9188 6163696f6e6573
9189 2043616d70
9190 20686f6c6473
9191 617879
9192 2064697665
9193 75636b6c6573
9194 20626f6f7374
9195 2077c3bc72
9196 7374616c
9197 20d180d0b0d0b1d0bed182
9198 2064c3a963
9199 206f66666963657273
9200 20ec9584eb
9201 6f6c6f67697374
9202 d79ed7
9203 207365656473
9204 2062756666
9205 2075706461746573
9206 e3828f
9207 646564
9208 20667269656e646c79
9209 20636f756e63696c
9210 2050726f6261626c79
9211 207069616e6f
9212 2072656475636564
9213 cf84ceb1
9214 2061757468656e74
9215 206578706c6f73
9216 70617373
9217 20486974
9218 6a7564
9219 204e6176
9220 6f6d69
9221 20636f6d6d697373696f6e
9222 2067796d
9223 d09f
9224 20706f6e
9225 d180d0bed181
9226 20696e74657266616365
9227 2073747275637475726573
9228 204a656e
9229 20796f6b
9230 206d6575
9231 eca780eba78c
9232 6e6564
9233 20576965
9234 206964656e746966696564
9235 206368616e6e656c73
9236 c4b16e61
9237 207068696c6f736f70
9238 6b656974
9239 2062697473
9240 656e746573
9241 2066726167
9242 204b696e64
9243 20646f6368
9244 20736e65
9245 696e64696e67
9246 204a6577697368
9247 d0bed180d0bed188
9248 20667565
9249 e696b9
9250 20ed8f
9251 206dc4b1
9252 206b65696e65
9253 206c6f636174696f6e73
9254 e794a8
9255 206d65746572
9256 2062656566
9257 e38198
9258 206d616e6970
9259 20736f6e6f
9260 7a7a6c65
9261 e7b6
9262 20706573
9263 20686f727269626c65
9264 20536e
9265 20666163746f7279
9266 206669667468
9267 20636f6f6b6564
9268 206d6f6f64
9269 2076656c6f63697479
9270 206f626c6967
9271 20636f6e6e656374696f6e73
9272 c49f696d
9273 20eab3b5
9274 20646f6d61696e
9275 206170706c79696e67
9276 207269646963
9277 2063656c
9278 206368696c64686f6f64
9279 2054657374
9280 726174756c6174696f6e73
9281 2056697267696e
9282 2043454f
9283 20d0bfd0bb
9284 20616c676f726974686d
9285 20696e746572616374696f6e
9286 616761
9287 206b696464696e67
9288 20746f6d61746f
9289 20636f6e74696e75696e67
9290 6c6164
9291 73747265616d
9292 d0bed0b6d0b5
9293 20ec9881
9294 d0b5d0bbd0bed0b2
9295 4241
9296 206e6170
9297 204e6f626f6479
9298 207468756d62
9299 204f4e
9300 2072757368
9301 4452
9302 20737472696b65
9303 2065766f6c7574696f6e
9304 69636865
9305 20ecbb
9306 20eab7b8eb9fb0
9307 d8a7d8aa
9308 20616b
9309 2077696e646f7773
9310 20657863657373
9311 e381aae38184
9312 20636f6e636c7564
9313 20657069736f646573
9314 207374727567676c696e67
9315 20446174
9316 9dbceb
9317 206b657973
9318 206b6c65
9319 e69e9c
9320 20766567657461626c6573
9321 797374656d
9322 c3aa6e636961
9323 7269636b
9324 20726576656e7565
9325 20486177
9326 206c616e
9327 616e746573
9328 696e697a
9329 e38193e3828c
9330 d0b8d181d182
9331 20737570
9332 a9b4ec849c
9333 206d6f6d656e746f
9334 6973746f
9335 e381a4
9336 2045726963
9337 696f7273
9338 62616a
9339 20696e74726f64756374696f6e
9340 69727479
9341 206465636b
9342 7265616c
9343 204d6172696f
9344 206c6f76696e67
9345 e0b894
9346 20737570706f727473
9347 d0b8d187d0b5d181
9348 20696e636964656e74
9349 75746368
9350 7576
9351 20626f6f6d
9352 d0b5d180d18c
9353 20d0bdd183d0b6
9354 20636f6d62696e6564
9355 204c696e
9356 3233
9357 6f726174696f6e
9358 6e7465
9359 20736f72
9360 206469727479
9361 69666572
9362 20415049
9363 20636f6c6c61626f726174696f6e
9364 6961626c65
9365 207072696f72697479
9366 20416c65
9367 205072696e
9368 20457863
9369 2076616973
9370 206772616e
9371 2073746f6f64
9372 207265637275
9373 204d7572
9374 65736973
9375 617370
9376 206c6f636b6564
9377 205065726f
9378 204861727279
9379 207475646f
9380 2054656e
9381 d8b5
9382 666f7263656d656e74
9383 2929
9384 6f6c69
9385 20ec9db8
9386 20737570706c
9387 2063726f63686574
9388 207068656e6f6d656e
9389 6c6f73
9390 617468616e
9391 2053757070
9392 20656d6272
9393 2062656b
9394 205a656974
9395 67656e64
9396 20726f6f6d73
9397 aabd
9398 564552
9399 6e796368
9400 20646f6e74
9401 20636162696e
9402 206163636f756e7473
9403 20456173746572
9404 d795d79c
9405 e383ab
9406 20666163696c6974696573
9407 62656974
9408 206c696e6b6564
9409 20476572
9410 2070726f6772616d6d696e67
9411 6f746963
9412 206472616d61
9413 203239
9414 20ed81
9415 20696e737472756374696f6e73
9416 20696d706f7274616e7465
9417 207761766573
9418 20616964
9419 434b
9420 eab2a0ec8ab5eb8b88eb8ba4
9421 204d6972
9422 20746964
9423 20486f74
9424 20617272616e6765
9425 2042616279
9426 207461636b
9427 20d189
9428 ed9d
9429 20766572746963616c
9430 206865656c
9431 20437574
9432 206e6172726f77
9433 20417269
9434 206b6e6565
9435 204272617a696c
9436 2046697665
9437 20706f73746564
9438 5544
9439 20726f6c6c696e67
9440 ceb8
9441 20636c61696d73
9442 20496e73
9443 4f4b
9444 e38184e38186
9445 75696e
9446 20496e73746974757465
9447 20696e74656e7365
9448 696172
9449 204e69636b
9450 2073656c656374696f6e
9451 206c6567656e64
9452 20756e69666f726d
9453 c3ba6e
9454 2073747564696564
9455 e5a4aa
9456 20d0a5
9457 20ec958c
9458 67657273
9459 20646f77
9460 204353
9461 206167656e74
9462 20417566
9463 e8a6ba
9464 206a6f67
9465 206169726372616674
9466 eb8b98
9467 20766974
9468 756c73
9469 207365676d656e74
9470 206f7264657273
9471 20436c617373
9472 2061706f6c6f67
9473 20706c6174666f726d73
9474 206d797468
9475 d0b0d0b6d0b5
9476 20426f6f6b
9477 2073656e736974697665
9478 20d0bfd0bed0bbd183d187
9479 2064616d6974
9480 2043617074
9481 736f6c65
9482 20617263686974656374757265
9483 2057696c
9484 20696e686572
9485 636170
9486 20426f79
9487 e6aca1
9488 206275726e696e67
9489 205075626c6963
9490 20626568616c66
9491 20ec9c84
9492 2074686572617079
9493 7562736372696265
9494 20696e766f6c7665
9495 206578706f736564
9496 69c59f
9497 e4bbac
9498 c3aa747265
9499 20746f696c
9500 2073696e6b
9501 706972
9502 e583
9503 4949
9504 206167656e63696573
9505 2071
9506 20446f776e
9507 617566
9508 20eba79b
9509 e383bbe383bb
9510 2070726f63
9511 6f6b6564
9512 2073746f726573
9513 706f776572
9514 205468696e6773
9515 2061636365737369626c65
9516 207465c5bc
9517 2045647563
9518 20737065616b657273
9519 205361726168
9520 9494
9521 2064697665727365
9522 ec9e96
9523 20556c74
9524 c3a079
9525 204368696361676f
9526 536865
9527 61746879
9528 20656e61626c65
9529 2074726164696e67
9530 206d7573636c6573
9531 e69b
9532 2043617265
9533 205572
9534 2053636f74
9535 20706872617365
9536 454e54
9537 20eab2bd
9538 204a6163
9539 7061636b
9540 2064657465726d696e6564
9541 c3bc6e64
9542 206e65676f7469
9543 20766964c3a9
9544 20726f7a
9545 20537573
9546 20726964696e67
9547 686d656e
9548 20446566
9549 20437265
9550 e382b9
9551 2057616c6c
9552 6967616e
9553 2073656d707265
9554 d196d0b4
9555 2064726976656e
9556 20666f6f74616765
9557 20666f6e64
9558 20576179
9559 c3a46d
9560 204f62616d61
9561 2053657276696365
9562 203735
9563 204461726b
9564 20eab7bceb
9565 20436174
9566 d8b7
9567 e98c
9568 206a7567
9569 206574776173
9570 20627265617468696e67
9571 e1bb83
9572 e585b6
9573 20576562
9574 e4b98b
9575 e8b5b0
9576 20666f6973
9577 206c69676874696e67
9578 204441
9579 206f627374
9580 206c657572
9581 e78fbe
9582 204567797074
9583 2041726d79
9584 6963696465
9585 d0b0d182d0b8
9586 20eb8ba4eb
9587 2061706172746d656e74
9588 206368696566
9589 20576564
9590 206e6574776f726b73
9591 2062617474
9592 e6b8
9593 204c7563
9594 206e6963656c79
9595 2076657262
9596 e0b8b4
9597 ecb6
9598 6f736974
9599 2072657665616c6564
9600 20746174
9601 2074696564
9602 e1bb81
9603 20616e696d6174696f6e
9604 20726f6c6573
9605 ec8aa4ed
9606 2076657273696f6e73
9607 d187d0b8d182
9608 207461736b73
9609 afbc
9610 2072657363
9611 736865
9612 206c6f6f7365
9613 2063e1bb
9614 20636f697361
9615 20616c657274
9616 206e696e
9617 2053414d
9618 2074726162616a
9619 69727573
9620 5448
9621 c6a1
9622 6f676574686572
9623 20546169
9624 2066696775726573
9625 20d790d7aa
9626 206372656570
9627 20696e7665737469676174696f6e
9628 207265636f6d6d656e646564
9629 20416b
9630 207265736964656e7473
9631 d181d182d0b2d0be
9632 73656374
9633 d0b0d0bdd0b8d0b5
9634 206d696e6473
9635 75696e67
9636 e5b1
9637 6f77696e67
9638 206e6f67
9639 2072617a
9640 d8a7d8b1
9641 2071756f74
9642 20d0b8d185
9643 20736564
9644 206170706c617564
9645 20636f766572616765
9646 766f6c
9647 20526563
9648 c49b
9649 20d0b2d181d191
9650 20657870656374696e67
9651 206f706572617465
9652 20636f6e766572
9653 2053756368
9654 20526164
9655 205072696d65
9656 20707572706c65
9657 2032303130
9658 20ec9588eb
9659 206578656d
9660 20636f6d70617269736f6e
9661 206c616e647363617065
9662 206e656974686572
9663 204568
9664 eb85
9665 2073746f6d616368
9666 206361736f
9667 c3a26e
9668 2070657263656e74616765
9669 77696368
9670 6974616e
9671 206b6c
9672 20657870616e73
9673 20d8a7d984d985
9674 206f63636173696f6e
9675 72657473
9676 69676e696e67
9677 206b696c6f6d6574
9678 e8b79f
9679 2067757374
9680 637a65
9681 20757262616e
9682 206167726963
9683 20617373697374616e6365
9684 2073757266
9685 696d65746572
9686 207065746974
9687 206173736573736d656e74
9688 206d616e75616c
9689 20696d70726f766564
9690 627374
9691 2070696c6f74
9692 204d617273
9693 207669656c65
9694 20436f6e67726174756c6174696f6e73
9695 206172677565
9696 207769726b6c696368
9697 20636c69636b696e67
9698 524953
9699 206c6f676f
9700 206f7574636f6d65
9701 2043656e7472616c
9702 204a69
9703 2067616d696e67
9704 20636f6e73657276
9705 20756c74696d617465
9706 205665
9707 2057616c
9708 61726f
9709 e6849f
9710 73746172
9711 20636f6e73756d6572
9712 2074726176656c696e67
9713 696d6572
9714 2031303030
9715 d0bdd0b8d0ba
9716 207072696e636970616c
9717 2073616b65
9718 d196d0b2
9719 206d6f757365
9720 6172696f73
9721 2072656c6174696f6e
9722 e887aa
9723 206d6f72616c
9724 e595a6
9725 207468657461
9726 7779
9727 206b616d
9728 20656967
9729 20676f6c64656e
9730 d7a4
9731 20616d706c
9732 207675
9733 737472
9734 726f7273
9735 2077686572656173
9736 697a6172
9737 2061646d696e69737472
9738 206ec3b373
9739 2050726574
9740 2041636164
9741 616e67696e67
9742 62616765
9743 c3a974616974
9744 757269
9745 206865616c696e67
9746 207469706f
9747 206d61727279
9748 d183d0b2
9749 20657374617465
9750 7575
9751 ec94
9752 2042657374
9753 20737566666572
9754 20313934
9755 20626163746572
9756 20d092d0bed182
9757 204f6d
9758 20647a
9759 e8b6
9760 eca6
9761 206f6c6475
9762 20706879736963616c6c79
9763 204c6f756973
9764 6574696d65
9765 63617365
9766 2070696572
9767 eca09c
9768 76616e
9769 20617373657473
9770 20eb81
9771 766574
9772 d0b8d0b1
9773 2070726f6d6f7465
9774 20636f6e67726174
9775 756573646179
9776 2064757479
9777 20566964656f
9778 d8ae
9779 204a6f686e736f6e
9780 6b74696f6e
9781 20566f63c3aa
9782 e3808b
9783 206169
9784 20616e6e75616c
9785 204a6f7368
9786 69747465
9787 204a4f
9788 20736c69646573
9789 20616e63
9790 b984
9791 7465656e
9792 206361727279696e67
9793 6c796d70
9794 6564696e67
9795 2066726f
9796 2061646d6974
9797 726572
9798 206f6666696369616c73
9799 7074696f6e73
9800 67616c
9801 206865757465
9802 20766f69636573
9803 2062616c6c73
9804 20677565737473
9805 616e6e6572
9806 e3808a
9807 6973686572
9808 204d52
9809 2052696368617264
9810 20726f7567686c79
9811 6cc4b1
9812 20766963746f7279
9813 20616c67756e
9814 204d7273
9815 c59b636965
9816 20556b
9817 206579
9818 2057617273
9819 206272616e6368
9820 61737479
9821 205072696e6365
9822 d0b5d0bad182
9823 207265636f676e697a6564
9824 206d7563686f
9825 204c65617665
9826 636f6e6e656374
9827 207370656c6c
9828 20746f7563686564
9829 206167656e6461
9830 e8be
9831 61726961
9832 204b6f6e67
9833 6f6761
9834 20706172616d6574657273
9835 eb8ba4eb
9836 20696e7374616e74
9837 20726567756c
9838 436f6e
9839 20656469746f72
9840 2044697374
9841 20756e6b6e6f776e
9842 2070756e697368
9843 206578706563746174696f6e73
9844 206372797074
9845 20646976696465
9846 616b656e
9847 204d657373
9848 206879706572
9849 2050726f6a656374
9850 696b69
9851 2061676f7261
9852 206162757365
9853 2063617573696e67
9854 20636f6e76696e
9855 204c41
9856 20636f6e63656e74726174696f6e
9857 20627265616b73
9858 75726572
9859 20636f6e6372657465
9860 20666f726d616c
9861 2062657461
9862 69746f7273
9863 204368616d70
9864 2068656164696e67
9865 20426c6f
9866 207072656e64
9867 2053656e617465
9868 20616476656e74757265
9869 6f736f
9870 206f70656e73
9871 20504c4159494e47
9872 205355
9873 7572656e
9874 696b74
9875 20d0bbd18ed0b1
9876 20466f6c6c6f77
9877 20426964656e
9878 656c6e
9879 20536b79
9880 6574696e67
9881 20457874
9882 d0bdd183d18e
9883 20ec999c
9884 20736872
9885 656c6c61
9886 20446976
9887 207472616e73666f726d6174696f6e
9888 20686f757365686f6c64
9889 65747279
9890 e8a1
9891 2044657370
9892 20636f7572616765
9893 207061726b696e67
9894 20657474c3a4
9895 63616c
9896 6c796e
9897 206c616964
9898 207472696573
9899 69727473
9900 696761
9901 20726563616c6c
9902 6966696572
9903 cf81ceb1
9904 2061616e
9905 20627574746f6e73
9906 207265616368696e67
9907 20eab7bceb8db0
9908 20737061726b
9909 20536f6369616c
9910 20d0b5d189d0b5
9911 2063616e616c
9912 20637269746572
9913 206b74c3b37279
9914 2074656e656d6f73
9915 82ac
9916 20d0bdd0b5d182
9917 2074756265
9918 61636c6573
9919 d0b8d188
9920 206465c49f696c
9921 207374616d70
9922 20696e666c
9923 2061686f7261
9924 20747261696c
9925 206d697874757265
9926 20526f6c6c
9927 20726f7574696e65
9928 20636f756e7479
9929 20656e6a6f79696e67
9930 d0bdd0bed181d182d18c
9931 65726573
9932 20707572706f736573
9933 2053616e7461
9934 20627265617374
9935 c3a46e67
9936 20777269746572
9937 e58c
9938 d180d0be
9939 206e656d
9940 69636f73
9941 d0b0d181d182
9942 2064657461696c6564
9943 2072657665727365
9944 205265616479
9945 206469737472616374
9946 20416c6f7273
9947 7574746572
9948 2064657365727665
9949 20526f6e
9950 d0bdd0bed0bc
9951 206f6273657276
9952 206c6f676963
9953 205079
9954 204b6576696e
9955 e3819de38186
9956 a5b4
9957 d98ad986
9958 20736b61
9959 2074616374
9960 20686f6c69646179
9961 2062756d70
9962 20d0bcd0bed0b3
9963 2064656978
9964 ed85
9965 20776f7273686970
9966 436c
9967 207375636b
9968 20d181d0b5d0b1
9969 206170706c61757365
9970 204570
9971 20d0bcd0be
9972 207061746368
9973 e1baad
9974 206c6164696573
9975 2062726f616463617374
9976 20696c6c6567
9977 206e6172726174697665
9978 6f737361
9979 41525241544f52
9980 2073616e67
9981 206d6f76656d656e7473
9982 20706172746e657273686970
9983 206f7267616e697a6564
9984 206e6f6465
9985 657374796c65
9986 204d6567
9987 20696e647573747269616c
9988 20676f6c
9989 20626f72696e67
9990 e58aa0
9991 e38194
9992 2063757473
9993 207265636f6e
9994 617361
9995 20696d7072657373696f6e
9996 ec9ab4
9997 676965
9998 4d41
9999 86b5
10000 2065646974696e67
10001 726f6e74
10002 20666f6c6c6f7773
10003 204974616c69616e
10004 d180d0bed0b4
10005 20eab099ec9d80
10006 20ebb0a9
10007 207061727469636c6573
10008 20426f617264
10009 d799d7aa
10010 6a756e
10011 726f6e6963
10012 20656a
10013 20cf84ceb7
10014 d795d793
10015 63696f6e
10016 69747479
10017 2054756573646179
10018 756d6573
10019 2050726f74
10020 65646572
10021 20706573736f6173
10022 20d0bdd0bed0b2
10023 20736b6970
10024 206f626a656374697665
10025 c3ad6173
10026 206465736b
10027 204c6f6f6b73
10028 756e64656e
10029 207072696d6172696c79
10030 696d656e746f
10031 207265706f7274696e67
10032 2068616365
10033 20636865636b6564
10034 e998
10035 20ebb3b4eb
10036 20736d656c6c73
10037 206163746f7273
10038 2041736961
10039 696cc3a0
10040 20726563656976696e67
10041 207461786573
10042 206772616365
10043 20636f6d7065746974697665
10044 206469766973696f6e
10045 206573706572
10046 20776865656c73
10047 206b6f6d6d74
10048 207472656d656e646f7573
10049 2065737065
10050 2e2e2e29
10051 20ec9e85
10052 206c6973746564
10053 c3a46c6c
10054 20756e7573
10055 20486f6c6c79
10056 2067756964616e6365
10057 20637562
10058 20696e74656c6c656374
10059 20d0b1d18bd0bb
10060 207265676172646c657373
10061 205374616e
10062 e6b2a1
10063 20636f6e636c7573696f6e
10064 616361c49f
10065 206c6f6c
10066 20426174
10067 206d616e6966657374
10068 204368696566
10069 207368616d65
10070 206f7574636f6d6573
10071 206d61696c
10072 206b7572
10073 ceb9ceba
10074 65747a
10075 20707265706172696e67
10076 3237
10077 20517565656e
10078 e0aeb3
10079 20ebb984
10080 2074697373
10081 20636f6e7363696f75736e657373
10082 2070616e7473
10083 206d656c74
10084 75636874
10085 696e68
10086 ec9b8c
10087 20766f747265
10088 206d6f64756c65
10089 6f7779
10090 206d6f6e73746572
10091 20eb86
10092 20656c656374726f6e6963
10093 2063656e747265
10094 2073746f7073
10095 20746f75
10096 20ebad
10097 206c616d62
10098 20636f6e73657175656e636573
10099 207374726177
10100 20696d706572
10101 20657874656e64
10102 e381a3e3819f
10103 20616e737765726564
10104 204d6168
10105 204c41555241
10106 696674696e67
10107 75617465
10108 e58588
10109 20555342
10110 20416e64726577
10111 e382ab
10112 2046726564
10113 204445
10114 2047656f7267
10115 e7bb
10116 c3ac6e68
10117 20647261776e
10118 206c697073
10119 626972
10120 206d61796f72
10121 696d69
10122 20656e636f7265
10123 e59083
10124 666f727461626c65
10125 757273646179
10126 20466f726d
10127 20626c616d65
10128 2073686f776572
10129 20636f6e7461696e6572
10130 7374657273
10131 75646573
10132 20546179
10133 e0b8a5
10134 20ec9888
10135 20766f6d
10136 2062617373
10137 204c6162
10138 69737361
10139 2064696d656e73696f6e
10140 20657865637574697665
10141 20526f6d
10142 eab28cec9a94
10143 20446f63746f72
10144 2064656c697665726564
10145 2067616e67
10146 20636572
10147 20706974
10148 656c69
10149 2065787472616f7264
10150 6a6172
10151 206465726976
10152 20696c6c6e657373
10153 2067756e73
10154 2032303131
10155 20616972706f7274
10156 d095
10157 206174746974756465
10158 2067726174
10159 205772
10160 204e41525241544f52
10161 20ec9a94
10162 2072656e6577
10163 20636f7361
10164 20636f6e74726f6c6c6564
10165 6f6d6d79
10166 6f6e6473
10167 20657365
10168 c3a46368
10169 2076656e64
10170 64616d
10171 2061726775
10172 20616363656c6572
10173 206e61696c
10174 69656e65
10175 ec839d
10176 20656e636f6e74
10177 65736561726368
10178 e9a1
10179 20676f6f6473
10180 2066697368696e67
10181 4150504c41555345
10182 204e4153
10183 656374696f6e
10184 2074656d706c65
10185 6c69636865
10186 206b6579626f617264
10187 e7ad89
10188 206465736465
10189 20656475636174696f6e616c
10190 204e69676874
10191 3333
10192 2062726561746865
10193 6c696368656e
10194 74686d
10195 69c3a87265
10196 e0b89a
10197 6c6172c4b1
10198 20616c69
10199 20636f6d706f73
10200 2073656e736f72
10201 20ebb680eb
10202 206e65777370
10203 2042756e64
10204 204d69
10205 20706572666f726d696e67
10206 206472756d
10207 4245
10208 20706f726b
10209 20636f616c
10210 656e676572
10211 2072616d
10212 20ebb288
10213 e784b6e5be8c
10214 d0b8d180d0bed0b2
10215 20506f70
10216 2070686f6e6573
10217 20666163696c
10218 20747261636b73
10219 6f6e7465
10220 206f7267616e6963
10221 206469616c6f677565
10222 20486176696e67
10223 20506f7374
10224 207061796d656e74
10225 206172726179
10226 20696e74656e646564
10227 c3ba73
10228 2062617273
10229 2072657669657773
10230 6c616e6473
10231 206b696e67646f6d
10232 20737461676573
10233 206d6f756e7461696e73
10234 2064756e
10235 206465636972
10236 c48d
10237 2062616e6b73
10238 207468726f77696e67
10239 20ebaabb
10240 20616e676572
10241 20d181d0b5d0b9d187d0b0d181
10242 20646973747572
10243 2068756d616e697479
10244 20656c6573
10245 2073686f756c64657273
10246 2050657266656374
10247 2066616e6379
10248 206272696c6c69616e74
10249 20696e737069726174696f6e
10250 686d6d
10251 e5bfab
10252 206c6964
10253 554c
10254 206dc3a5
10255 696e6469
10256 e888
10257 20736869656c64
10258 20ec98a4eb
10259 4354
10260 6167696e65
10261 75626572
10262 204252
10263 2071756573746f
10264 20d0b7d0b0d0ba
10265 204b6e6f77
10266 2074616e67
10267 ed95a9eb8b88eb8ba4
10268 20626172656c79
10269 205345
10270 206d617267696e
10271 726569
10272 d0b0d182d0b5d0bbd18c
10273 20636f6e7472
10274 2076c3a0
10275 206c65676974
10276 d098
10277 6b696e73
10278 d180d0b5d0b4
10279 20417368
10280 206164766973
10281 20477265656b
10282 d183d0ba
10283 207368616b65
10284 696461646573
10285 d0b0d181d18c
10286 20636f6e76656e74696f6e
10287 20636f6e74657374
10288 4d53
10289 2059656172
10290 20726570726573656e746174696f6e
10291 696e64656e
10292 656e646172
10293 2070726f7374
10294 2048756d616e
10295 204379
10296 616e676564
10297 5041
10298 2061786973
10299 207468656f7265
10300 61747a
10301 20ed9598eab3a0
10302 20656c73
10303 205265736561726368
10304 2062656e65666963
10305 2064656e73697479
10306 696e646f
10307 ec9cbc
10308 696d6469
10309 207265736561726368657273
10310 eab1b0eb93a0
10311 69676873
10312 64616e
10313 2064696365
10314 206d616172
10315 207375626d6974
10316 2064756d62
10317 2062696a
10318 61776179
10319 2050617373
10320 20657874656e73696f6e
10321 206372757368
10322 20636f766572696e67
10323 656469
10324 626f726e
10325 696e6174696f6e73
10326 20d181d0b4d0b5d0bb
10327 d0b2d0b5d180
10328 204f7468657277697365
10329 697374616e74
10330 d0b0d0b9d182d0b5
10331 2074616e746f
10332 20706572666f726d6564
10333 20d0b7d0b0d0bf
10334 616c6f
10335 20466f756e646174696f6e
10336 2070726f746f636f6c
10337 205a6f
10338 6d6179
10339 206861636b
10340 206275646479
10341 6d616465
10342 20616473
10343 2066617363696e6174696e67
10344 206571756976616c656e74
10345 67656c
10346 20617263
10347 20d187d0b5d0bbd0bed0b2
10348 2070726f706f736564
10349 206e6f747265
10350 616e676573
10351 20636f756e73656c
10352 616c6c61
10353 203331
10354 77656574
10355 c899
10356 20656c656374726963697479
10357 20746f78
10358 c5826164
10359 20ecb4
10360 20646966666963756c7479
10361 a0d799
10362 6e6573646179
10363 d0b8d181d18c
10364 20616c6c6567
10365 20474f
10366 2071756974
10367 2048657272
10368 20657374c3a16e
10369 206769726c667269656e64
10370 2074656e67
10371 6966696369616c
10372 204a616d
10373 2063616e63656c
10374 206672657175656e746c79
10375 4956
10376 e5afa6
10377 20636c6f73696e67
10378 20646563616465
10379 20726570726573656e746564
10380 2043616e6164
10381 20d0bad0bed182d0bed180d18bd0b5
10382 20657374616d6f73
10383 205468757273646179
10384 204761
10385 204c697665
10386 6c656d
10387 62626c65
10388 534f4e
10389 2032303038
10390 2064696368
10391 20417765736f6d65
10392 20636f6e6365707473
10393 5045414b
10394 206c697465726174757265
10395 204f6c796d70
10396 d0bbd0b0d0b4
10397 206e6f7374
10398 766974
10399 20456e746572
10400 6f7264657273
10401 69636b696e67
10402 6e69656a
10403 2065756368
10404 2054686f756768
10405 2062616773
10406 206c696d697473
10407 207374616b65
10408 83a5
10409 206f63
10410 20566973
10411 20313230
10412 206e7565
10413 20636f6e6365
10414 206469736167
10415 e7a8
10416 20616e7469636970
10417 a088
10418 736c
10419 20766f74696e67
10420 206578706f73757265
10421 20436f6d6d756e697479
10422 204a757374696365
10423 6f726e6579
10424 737a797374
10425 206672696564
10426 ec8b9ceb
10427 2057696e
10428 2040
10429 20486f706566756c6c79
10430 65737a
10431 206d6f6e6465
10432 20636f6d62696e65
10433 676d656e74
10434 207265636f6d6d656e646174696f6e73
10435 20707265676e616e74
10436 ec8b9d
10437 726166
10438 206c75
10439 e88081
10440 e4bb80e4b988
10441 646f6f72
10442 d0b0d0b7d18bd0b2
10443 7565676f
10444 20696d70726f76656d656e74
10445 207472696d
10446 20656967656e
10447 20617070726f78696d6174656c79
10448 20d0b2d0b0d0bc
10449 617761
10450 20d181d0bed0b1
10451 20636f726f6e
10452 206f6e676f696e67
10453 20686573
10454 20696e6a757279
10455 206672616e6b
10456 206b61646172
10457 72656e6379
10458 20436f6c6f72
10459 20477275
10460 20646970
10461 d180d18b
10462 207465617273
10463 6774
10464 205044
10465 207061757365
10466 6f7363
10467 207573746564
10468 20576f6f
10469 207769c499
10470 e8a68b
10471 2064656e6e
10472 20506574
10473 206f766572636f6d65
10474 20eb82b4eab080
10475 204d6f7665
10476 206c6963656e7365
10477 207265706561746564
10478 e0af87
10479 2063617465676f72696573
10480 206e6f6f646c6573
10481 20666c6f6f64
10482 204d617373
10483 206e757473
10484 204a657373
10485 204968
10486 206368616e636573
10487 9098
10488 20646f6e6465
10489 4947
10490 20616e64657265
10491 20626f6e6573
10492 ec9e91
10493 20656666696369656e6379
10494 206d6f646572
10495 726f6174
10496 20ec9db4eab28c
10497 696c6c6572
10498 206f6d656761
10499 20d0bfd0bed0b2
10500 2047726f7570
10501 2070726f647563696e67
10502 616d6f
10503 207061727469636970616e7473
10504 757070
10505 6966696365
10506 20666f7274756e
10507 6965746e616d
10508 6163616b
10509 204b6f
10510 6d69c59f
10511 206a61696c
10512 204a6f6e6573
10513 c59b6d79
10514 204465757473
10515 2062726965666c79
10516 2054616c
10517 2050657268617073
10518 20527562
10519 204b6e
10520 eb8ba4eb8a94
10521 72c3a9
10522 20766f63c3aa73
10523 20436861726c6573
10524 d0b5d182d0b5
10525 7269657273
10526 206865616c
10527 616e746565
10528 2064656d6f6372616379
10529 206c6f616e
10530 2063686566
10531 d18fd0bc
10532 20756e636f6d666f727461626c65
10533 20657465726e
10534 617070696e67
10535 20726570616972
10536 726f74
10537 20546172
10538 20636f76657273
10539 6f6d696e67
10540 20457468
10541 20cead
10542 d187d0bdd0be
10543 2061667465727761726473
10544 20d0b2d0b5d180
10545 2064616861
10546 206b6e656573
10547 206f7264696e617279
10548 c3bc6c
10549 676173
10550 207469636b6574
10551 20eca080eb8a94
10552 20ec9e88ec8ab5eb8b88eb8ba4
10553 63687465
10554 4d72
10555 2073697374
10556 687569
10557 eab7b8eb
10558 ec97ac
10559 2076617279
10560 206d656d6f72
10561 20636f6e74726f6c6c6572
10562 2062c499647a6965
10563 206d696e6973746572
10564 d792
10565 666c6f77
10566 4148
10567 20746f776572
10568 e790
10569 2073636172
10570 e68385
10571 2050656e
10572 207061c3ad73
10573 d798
10574 ec9db8eb
10575 20656e657267
10576 2073776f7264
10577 20706170657273
10578 d0b8d0bbd0b0
10579 205765646e6573646179
10580 20466f726365
10581 2065787472616f7264696e617279
10582 204c616b65
10583 20eab080eb
10584 204265617574
10585 20726561736f6e61626c65
10586 20636f6e74726962757465
10587 20706c6561736564
10588 2075706461746564
10589 207069c3b9
10590 656c6f
10591 207369676e69666963616e746c79
10592 20626f74
10593 2067656e65726174696f6e73
10594 2070726f746563746564
10595 e59388
10596 20686964696e67
10597 20496c6c
10598 206e65757472616c
10599 5d2c
10600 cf84cebf
10601 20746f6e677565
10602 5468616e6b
10603 20eab384
10604 2070617973
10605 ceafcebd
10606 206170706c65
10607 3031
10608 65726b
10609 69657261
10610 206a6567
10611 20537562736372696265
10612 2074686561746572
10613 207374726f6e676c79
10614 20ec868c
10615 20d0bfd180d0b0d0b2
10616 75636b79
10617 204a696e
10618 6b77617264
10619 eab1b4
10620 206f70706f6e656e74
10621 20534f
10622 20686f6c79
10623 2066696c6c696e67
10624 3a5d
10625 2068696a
10626 d09c
10627 2062697373
10628 20626c656e64
10629 20696d706c6963
10630 20ecbd
10631 6c6c6569636874
10632 d98ad8a9
10633 6173616e74
10634 65727465
10635 2053616d65
10636 20696e746572696f72
10637 5365
10638 2062656e6368
10639 20706f636f
10640 206d61726b73
10641 2077696e73
10642 e59694
10643 20ceb3
10644 2064697374696e6374
10645 20417369616e
10646 206d6f6c6563
10647 204a61636b736f6e
10648 2065617374
10649 2070687973696373
10650 696d616c
10651 207065616b
10652 617269616e
10653 657073
10654 206e656174
10655 20d0b2d0b0d181
10656 75726e696e67
10657 2073796e7468
10658 2072657665616c
10659 c5ba
10660 676f6e
10661 6e6973
10662 61746976
10663 204c6173
10664 207079
10665 204d616a65737479
10666 2056616c6c6579
10667 20656e66
10668 2067656e73
10669 20726f6f7473
10670 657a65
10671 626574
10672 2061637473
10673 e99a
10674 e890
10675 207068696c6f736f706879
10676 206d617463686573
10677 9d69
10678 206a75c5bc
10679 20646573706572
10680 20456475636174696f6e
10681 2073706f7473
10682 20726567696f6e73
10683 4172
10684 204e616d
10685 65656e
10686 206469616772616d
10687 2072656c79
10688 2074656e73
10689 20646174696e67
10690 20636f6174
10691 20486f72
10692 2061636b6e6f776c65646765
10693 20507265747479
10694 20d0bfd0bed0bf
10695 20766f6972
10696 206661766f7572697465
10697 206d6fc5bc
10698 206b6d
10699 20444f
10700 2066657274
10701 20eb8f84
10702 20506163
10703 20666f6e74
10704 2066696e6473
10705 204974616c79
10706 20d0bad0bed0bb
10707 20636f6d70617373
10708 ebb3
10709 6c69616d656e74
10710 206e6f74696f6e
10711 20696e6a656374
10712 20776973646f6d
10713 20c39c
10714 204d6f6f6e
10715 20427573696e657373
10716 72696373
10717 20596f7574
10718 20666f7267697665
10719 2066696e616e6365
10720 696c6f
10721 d8a3
10722 61686c
10723 2064656d6f
10724 20636c696d62
10725 206578706f7274
10726 e5a0
10727 207375636365737366756c6c79
10728 20466572
10729 706563746564
10730 64656d
10731 20726574697265
10732 206c6170746f70
10733 2073706972
10734 204173736f63696174696f6e
10735 20d0b3d0bb
10736 2053656c
10737 20ed959ceb
10738 20656d706c6f796565
10739 206d6f6c74
10740 524c
10741 d0af
10742 20636f6e747261
10743 207567
10744 2042616c6c
10745 204a617661
10746 c3a9726965
10747 2070726f636564757265
10748 2067726964
10749 20eb8a90eb
10750 2062656c74
10751 20d18dd182d0bed0b3d0be
10752 757264
10753 20636f6d70726568
10754 20646576656c6f706572
10755 20d18dd182d0bed0bc
10756 e598
10757 6372
10758 20eb93
10759 2073706f6b656e
10760 72656e6365
10761 207465726d696e
10762 2061676772657373697665
10763 20626973736368656e
10764 206861737461
10765 20427269616e
10766 20436f6d6d697373696f6e
10767 205975
10768 2070726f6d69736564
10769 20657175697479
10770 696b6f
10771 7665727479
10772 207265706c61636564
10773 2048656c70
10774 20706f7365
10775 204d6964646c65
10776 206b696d
10777 206d65696e
10778 20436f756e63696c6c
10779 20d092d181
10780 6f726f
10781 204265726e
10782 2062657a
10783 20616e616c7974
10784 616e67656e
10785 20ec8bb6
10786 20476c6f
10787 2071756164
10788 d182d0b0
10789 20737065616b73
10790 ec9888ec9a94
10791 20ec97aceb9faceb
10792 66726565
10793 d0bdd196
10794 72696368
10795 20ebafb8
10796 2044696573
10797 616262
10798 a5b8
10799 2064657072657373696f6e
10800 2072657461696c
10801 84eb93a4
10802 20566f7573
10803 204c6174696e
10804 e1b9
10805 20eca28bec9584
10806 20746f7274
10807 20636f6d707574657273
10808 20736561726368696e67
10809 20747562
10810 6174656c6c
10811 206d657263
10812 20676c6173736573
10813 706572736f6e
10814 20646973686573
10815 2067756172616e746565
10816 206d6567
10817 736d
10818 2057616c6b
10819 ec9cbceba9b4
10820 20666f6c646572
10821 204d6974
10822 2074696d696e67
10823 2061627374
10824 204c6f67
10825 e382af
10826 20617070726f766564
10827 20555341
10828 d0b2d0b5d182
10829 2077697365
10830 6573736564
10831 20646f7562
10832 207265736964656e74
10833 2067656e657261746564
10834 207374617973
10835 206578706c616e6174696f6e
10836 20706f69736f6e
10837 61747265
10838 20696e73616e65
10839 207265666572726564
10840 6169726573
10841 20545241
10842 20736569
10843 20696e6e6f63
10844 4168
10845 206d616e74
10846 687573
10847 206f75746572
10848 676562
10849 6f696365
10850 2064697363757373696e67
10851 20636f6e76656e69656e74
10852 5f5f
10853 2061766f6972
10854 20736861706573
10855 2067726179
10856 2064656e74726f
10857 206d61636874
10858 20313935
10859 d98f
10860 2061646473
10861 7574696e67
10862 206361706162696c6974696573
10863 2073656374696f6e73
10864 2074756e65
10865 204361757365
10866 61726465
10867 20d181d0bad0b0d0b7
10868 617669727573
10869 205245
10870 2074756e6564
10871 206c656166
10872 746572696f72
10873 204361707461696e
10874 20d8ac
10875 2063686f6f73696e67
10876 68696e
10877 6767696e67
10878 76696574
10879 20726567726574
10880 3236
10881 6f6e6465726e
10882 20626f6e7573
10883 20526179
10884 4173
10885 20746f726e
10886 2048696572
10887 204555
10888 207269736b73
10889 20616d61
10890 20596574
10891 20636861726163746572697374696373
10892 20eab090
10893 2053656e61746f72
10894 2056616d6f73
10895 20726f7365
10896 20636f72706f72617465
10897 6768616e
10898 2063656e74657273
10899 737461697273
10900 206e6974
10901 20756e757375616c
10902 20546f6e79
10903 204752
10904 2057696c64
10905 2053696d696c6172
10906 20746f646173
10907 e5819a
10908 20686f72697a6f6e74
10909 6d656c
10910 20737472696374
10911 206375616c
10912 2077726974
10913 20657874656e646564
10914 20ed9598eb8a94
10915 2072656c696566
10916 206f6e696f6e
10917 20626162696573
10918 206469666572
10919 20696e7465677261746564
10920 c3bc7a696b
10921 6570696e67
10922 2d2d2d2d
10923 206d656e73
10924 20737472617465676963
10925 66696e6974656c79
10926 20656967656e746c696368
10927 57686f
10928 e59cb0
10929 207b
10930 20e4bda0
10931 20547269
10932 20706f696e746564
10933 f09d
10934 6e616d656e74
10935 d0b5d186
10936 207072696465
10937 2052657075626c6963616e
10938 2073616d706c6573
10939 20646f6d6573746963
10940 4c59
10941 76657a
10942 20776562696e6172
10943 d8a7d985
10944 20656e68
10945 20737567676573746564
10946 206d65696e65
10947 2070756564
10948 6f72656e
10949 726972
10950 2068656176696c79
10951 20696e737472756374696f6e
10952 206d6963726f70686f6e65
10953 20696775616c
10954 20497261
10955 2076756c6e657261626c65
10956 2056697267696e6961
10957 20636f6e74696e756f7573
10958 20706f7665727479
10959 20626c616465
10960 e4b889
10961 2072656c617465
10962 2063617261
10963 20476f696e67
10964 20726567696f6e616c
10965 204675636b
10966 20746f77
10967 204d757365756d
10968 72616e7473
10969 20d0b1d0b5d0b7
10970 6c61696d
10971 206368616d70696f6e
10972 746c65
10973 c3ad6e
10974 656e636961
10975 2064696573656d
10976 20446967
10977 6d61746573
10978 20696e76657374696e67
10979 204a6f7264616e
10980 20696e746567726174696f6e
10981 20ed8e
10982 e0b8ab
10983 656e737573
10984 2041726368
10985 2070656e63696c
10986 d0b0d0bbd18cd0bdd0be
10987 697373656e
10988 204b61
10989 20726f636b73
10990 20726174696e67
10991 20726566756765
10992 20617072
10993 65746564
10994 20617373697374616e74
10995 206d65616e696e6766756c
10996 207065726d616e656e74
10997 2068696c6c
10998 2077737a797374
10999 20776f756e64
11000 2041746c
11001 206c616b65
11002 20466f7274
11003 e8ac9de8ac9d
11004 20726564756374696f6e
11005 20766976
11006 20736f7572
11007 2065636f73
11008 2068617a
11009 20737465616c
11010 206d7973746572
11011 20d09ad0b0d0ba
11012 20d18dd182d0b8
11013 20566965746e616d
11014 20616e746573
11015 20636f6e6e656374696e67
11016 e99693
11017 2044617665
11018 2062c3b6796c65
11019 2043617374
11020 4c65
11021 2063756c
11022 2067656e7265
11023 eba790
11024 20636f6d706c61696e
11025 206875727279
11026 61727465
11027 67726567
11028 206d6f6e69746f72696e67
11029 20646573657274
11030 20d181d0bed0b2
11031 656c696e67
11032 2053757072656d65
11033 2067696269
11034 206c617267
11035 206e6174696f6e73
11036 20546f6b
11037 206e6565646c65
11038 e6b5
11039 2061736c656570
11040 20636f6d756e
11041 204a657773
11042 206163686965766564
11043 2065786974
11044 206469736561736573
11045 6c696e6573
11046 e3818be38289
11047 7269656e6473
11048 2072656374
11049 207363616e
11050 e381afe38184
11051 206875727473
11052 7ac499
11053 204c6f6f6b696e67
11054 e382b7
11055 ed92
11056 756c747572616c
11057 e1bb93
11058 696e656e74
11059 2070756573
11060 206368656572696e67
11061 a780
11062 6167676572
11063 20616461
11064 4c61756768746572
11065 20576f6d656e
11066 e8a3a1
11067 e8ab
11068 206f63637572726564
11069 207365617473
11070 e8808c
11071 20656d706f776572
11072 756e75
11073 656c6c696e67
11074 424552
11075 656e73696f6e616c
11076 20636f6e736f6c65
11077 617368696e67
11078 2065696e6d616c
11079 66617265
11080 20eb8fbc
11081 2073657373696f6e73
11082 d990
11083 207269646963756c6f7573
11084 c3ad616e
11085 2048656e7279
11086 20486f6c
11087 20636f6c6c6563746564
11088 2064697363757373696f6e73
11089 4465
11090 206469736162696c697479
11091 20ed9b
11092 207375627363726962657273
11093 20697267656e64
11094 2066656c
11095 20646972656374696f6e73
11096 206d616e75666163747572696e67
11097 20526f64
11098 20ec9698
11099 e0b897
11100 e6988e
11101 206372697465726961
11102 206d6f6c64
11103 e8a9b1
11104 20656e746572696e67
11105 72696a
11106 6973656e
11107 2050617261
11108 69657665
11109 2063686172676564
11110 206a6f75
11111 2063617473
11112 d0bbd0b5d0b4
11113 6164617973
11114 d0b0d0bdd0bed0b2
11115 6ac499
11116 766174696f6e
11117 20617374726f6e
11118 6974616c73
11119 204272616e64
11120 204b616e
11121 20706c61696e
11122 20616e646572656e
11123 616e6465
11124 d18fd0b7
11125 20746f6c6572
11126 c582656d
11127 207072c3a9
11128 d0bcd0bed182d180
11129 6167656d656e74
11130 756374
11131 6368c3a9
11132 20456e6572
11133 616ac485
11134 20ed95b4eb
11135 20737461
11136 2072696e6773
11137 20746f696c6574
11138 20437261
11139 20657870657269656e63696e67
11140 20736c6970
11141 2073616e6477696368
11142 205573696e67
11143 20737065637472756d
11144 20526f73
11145 61707365
11146 204a6179
11147 d0bcd183
11148 e6b395
11149 4578
11150 207265636f676e6974696f6e
11151 204469646e
11152 756461
11153 616a65
11154 6573746c79
11155 2066656d696e
11156 6974757265
11157 d180d0b0d182
11158 2068697265
11159 206e6f7768657265
11160 e4bd8d
11161 e1baa7
11162 2077696e67
11163 20736176
11164 205365637572697479
11165 20727572616c
11166 2046756e
11167 61796572
11168 206163637573
11169 206d6d
11170 204a6f73657068
11171 2073637265656e73
11172 20626f72726f77
11173 207377696e67
11174 203438
11175 20746f756368696e67
11176 74686973
11177 696e74656e646f
11178 e983
11179 d0a0
11180 2053636f746c616e64
11181 204a61736f6e
11182 2056656e
11183 20657863657074696f6e
11184 206e6561726279
11185 2062726f77736572
11186 616e67657273
11187 2053696e
11188 cf80cebf
11189 e4bd86e698af
11190 6f7370656c
11191 207775726465
11192 206472756e6b
11193 ed9a
11194 ec868d
11195 e38389
11196 20ec8aa4ed
11197 204c6965
11198 6f636f
11199 204c6561677565
11200 2069676e6f7265
11201 203a29
11202 206c616e64696e67
11203 20d8b9d984
11204 20546167
11205 3238
11206 206472616674
11207 20616572
11208 20eab7b8eb83a5
11209 2070656e7365
11210 20d0b4d0b0d0b6d0b5
11211 20626564726f6f6d
11212 206e616a
11213 eca780eab3a0
11214 6967656e6f7573
11215 206465616c73
11216 656c6c6f
11217 e4ba8c
11218 20706f736974
11219 eabb
11220 2076697369746564
11221 6966696573
11222 207072656d69
11223 2063616e74
11224 205269636b
11225 2072616973696e67
11226 207065726d697373696f6e
11227 207075626c
11228 756e6369
11229 2062656e64
11230 206368616d70696f6e73
11231 646965
11232 20617766756c
11233 206a756d70696e67
11234 206c6c6567
11235 207375737461696e61626c65
11236 20546f74
11237 2063616e6479
11238 e58099
11239 20736174697366696564
11240 2070697065
11241 20636f636b
11242 d8b6
11243 73746f6e65
11244 206d6f6d656e74756d
11245 20d09dd0b0
11246 20616c6f7273
11247 2072657475726e73
11248 616d6d656e
11249 e7ae
11250 d18bd0bc
11251 61776e
11252 6f74746564
11253 20776f6c6c656e
11254 6963746564
11255 2063616e64696461746573
11256 204c616479
11257 207969656c64
11258 206d61696e74656e616e6365
11259 6666656374
11260 20657870616e73696f6e
11261 204c4544
11262 206461726b6e657373
11263 206f7574666974
11264 ec9588
11265 20d0b8d181d0bf
11266 72757074696f6e
11267 e38184e381bee38199
11268 20656e676167696e67
11269 20696e7369676874
11270 20416c77617973
11271 20676566
11272 72616b
11273 20706978
11274 e8a6bae5be97
11275 207175616e74697479
11276 20696e6b
11277 204b696e67646f6d
11278 20636f7274
11279 e5b8b8
11280 20676f7665726e6d656e7473
11281 2070726f74657374
11282 706f6f6e
11283 20d182d0bed0b3d0be
11284 e5ae83
11285 756368656e
11286 7175616c697479
11287 20506f72717565
11288 20436c7562
11289 20726974
11290 2061727469636c6573
11291 4249
11292 696769626c65
11293 206469736173746572
11294 d0b8d0b3
11295 20d0bdd0b8d0ba
11296 d987d8a7
11297 eba5bc
11298 61726574
11299 20756e61626c65
11300 20c3ae
11301 2065727374
11302 20d7a0
11303 76617264
11304 20616e6e6f79696e67
11305 204b6972
11306 d0b5d180d0b6
11307 656e6e6973
11308 20756e6365727461696e
11309 3336
11310 c3b673
11311 2065636f73797374656d
11312 7a6564
11313 6ac3a0
11314 73756e
11315 ec96b4ec849c
11316 20c5bc656279
11317 206d617073
11318 eb8298
11319 e585a8
11320 204a757374696e
11321 207472617368
11322 20656e6f726d6f7573
11323 20737461746564
11324 206272616e6473
11325 20796f7574
11326 20d187d0b5d0bbd0bed0b2d0b5d0ba
11327 204d61747468
11328 207472616e73706f72746174696f6e
11329 206c656769736c6174696f6e
11330 2070726f766964657273
11331 20d8ad
11332 206d6167617a696e65
11333 20736568656e
11334 2044657370697465
11335 20706173736573
11336 e68890
11337 20616c746572
11338 6164616e
11339 206661726d657273
11340 e8b0a2
11341 20636f6e6669726d6564
11342 20657361
11343 69746f73
11344 20726f616473
11345 564953
11346 20776f726b6572
11347 2064657369676e73
11348 20536f76696574
11349 62726964
11350 2070726163746963696e67
11351 20ebb680
11352 20536561
11353 e383a9
11354 20d0bfd180d0bed0b4
11355 206368696c6c
11356 206c656d6f6e
11357 ec9790eb8a94
11358 20666c657869626c65
11359 20457863757365
11360 207465727269746f7279
11361 e5958f
11362 e381bf
11363 206c7578
11364 206c69666574696d65
11365 2064697374696e6775
11366 2054696d6573
11367 2067726f7373
11368 656e7a
11369 207363726f6c6c
11370 6dc4b1c59f
11371 636970
11372 a3bc
11373 4450
11374 207075626c697368
11375 206562656e
11376 20726567697374
11377 2065646974696f6e
11378 204c45
11379 206368617267696e67
11380 75746174696f6e
11381 7972696373
11382 69646173
11383 20cebf
11384 20d0bad0bed180
11385 20546f6e
11386 e79bae
11387 2077686f65766572
11388 20466f78
11389 e6898b
11390 eab1b0eb93a0ec9a94
11391 20666f75676874
11392 206472696c6c
11393 2041666768616e
11394 7e21
11395 20546f6f
11396 207365636f6e64617279
11397 72c3a4
11398 2048656164
11399 696e6e656e
11400 207961726e
11401 20d0bdd0b0d0bc
11402 207769647468
11403 20656e67696e656572
11404 69c485
11405 2077696e6773
11406 20eb958cebacb8
11407 20747261756d61
11408 20726570726f6475
11409 2063686970
11410 2070617373696f6e617465
11411 2061776b77617264
11412 20ed8a
11413 d0b0d0b6d0b4
11414 20426974636f696e
11415 206b68c3b46e67
11416 2072c3b3
11417 72656374696f6e
11418 20d0b3d0b4d0b5
11419 20557375616c6c79
11420 20696d706c656d656e746174696f6e
11421 2067616d65706c6179
11422 206d797374657279
11423 20d0bed0ba
11424 2061c3b16f73
11425 616e6479
11426 d0b8d0bcd0b8
11427 2070726976616379
11428 61636f
11429 e38281
11430 2064756d70
11431 20506179
11432 206469706c
11433 206675726e
11434 207368697073
11435 4c41
11436 20d185d0bed180d0bed188
11437 206563
11438 2064726f7073
11439 63686c
11440 3332
11441 206f627365727665
11442 20446576656c6f70
11443 4dc3bc7a696b
11444 616e6e656c
11445 6f7761c487
11446 206661636564
11447 c3a16c
11448 2076696374696d73
11449 206769667473
11450 20626f6f74
11451 c39f65
11452 726f64
11453 2032303039
11454 c3b67274
11455 20756e6976657273616c
11456 206e6f757665
11457 20626f79667269656e64
11458 20636574657261
11459 d181d182d0b0
11460 2753
11461 206e697665
11462 206372756369616c
11463 207375727665
11464 20636f696e
11465 20736f6e6465726e
11466 207368616465
11467 206c75676172
11468 20737572656c79
11469 206d6178
11470 20696d70726f76696e67
11471 e59ba0e782ba
11472 2077656e
11473 20d791
11474 20ec96b4ec
11475 20656e666f7263656d656e74
11476 69626c
11477 206c6976
11478 6c657269
11479 206d656a6f72
11480 204361726f6c696e61
11481 20766173
11482 20636f6d70726f6d
11483 2064697274
11484 2075706772616465
11485 2042656c6c
11486 2072657374617572616e7473
11487 2074726170
11488 2074656173
11489 626c6963
11490 2047726567
11491 73616e
11492 206f77
11493 75657374
11494 2070726f706f73616c
11495 20526574
11496 66726f6e74
11497 2070617373616765
11498 20737572726f756e64696e67
11499 20c3ba6c74
11500 207570636f6d696e67
11501 20686f72726f72
11502 20636c6f7468696e67
11503 20ec95bd
11504 2064696c
11505 726f6d65
11506 204964
11507 20526f6164
11508 20d18dd182d0bed182
11509 636861696e
11510 20d0b1d18bd182d18c
11511 204f66666963
11512 20d09dd0b5
11513 20696e73616e
11514 206465637265617365
11515 20d185d0bed182
11516 6275696c64
11517 20447261676f6e
11518 e582
11519 20696e766573746f7273
11520 616e7469
11521 20736163726966696365
11522 2074726f6f7073
11523 20426164
11524 2070617373776f7264
11525 20636f6e73747261
11526 e0b895
11527 20c38761
11528 61646f77
11529 7468726f756768
11530 d186d0b0
11531 43616e
11532 2063616e646964617465
11533 20616e746962
11534 ec9785
11535 207461737479
11536 d988d986
11537 20496e66
11538 2042616e67
11539 69c39f74
11540 696e697479
11541 666174686572
11542 20636f6e74726f76657273
11543 2050616b
11544 696c7479
11545 eab5aceb
11546 206c696768746572
11547 2066616c6c656e
11548 207a7573
11549 204775617264
11550 20636f7474
11551 2046726565
11552 20696e6974696174697665
11553 616c6f7573
11554 206e6f74696669636174696f6e
11555 204d65646963
11556 20436f6d6d6974746565
11557 ec97b0
11558 20576f6f64
11559 206d757368
11560 756c756d
11561 e8b2
11562 61686168
11563 2073756666696369656e74
11564 2073696e676572
11565 d0bad0bed0b9
11566 414c49
11567 c3a47474
11568 205052
11569 204c6172
11570 63756c6573
11571 69656d706f
11572 20756e6578
11573 20696e74656772616c
11574 207472616e736d697373696f6e
11575 20696369
11576 d183d185
11577 676963
11578 204e696e74656e646f
11579 20436f70
11580 205472757374
11581 656e6173
11582 206162696c6974696573
11583 206368697073
11584 706174
11585 20616e636865
11586 d0bbd0b5d0bd
11587 20617070726f6163686573
11588 2074686f72
11589 2073697374657273
11590 2064726976657273
11591 20616c6c61
11592 3033
11593 20727562626572
11594 206ec3a5
11595 41434b
11596 20646973617070656172
11597 eab09c
11598 20636f6d70656e73
11599 2076696272
11600 e7ac91
11601 474f
11602 2073697a6573
11603 20747261636b696e67
11604 ed9994
11605 20ec84b8
11606 20696d7061637473
11607 6962696c
11608 66697368
11609 4252
11610 206172726f77
11611 206c617267656c79
11612 616e6e79
11613 206c6177796572
11614 e6808ee9babc
11615 6a6f757273
11616 daba
11617 766961
11618 2064656c6c61
11619 206d617468656d6174
11620 204d696e65
11621 204b6f6c6c
11622 d8b2
11623 2043726f7373
11624 203635
11625 2067726163
11626 20696e766f6c766573
11627 2064656c69676874
11628 20486f6c6c79776f6f64
11629 20696d6d656469617465
11630 6f6e6963
11631 206c61646f
11632 2062756c6c6574
11633 204e6f7465
11634 20756e6c6f636b
11635 20646973636f756e74
11636 20726973696e67
11637 7072657373
11638 2070616365
11639 2073686f72746572
11640 2074656e6572
11641 67656f6e
11642 206d616e6167696e67
11643 2063657265
11644 436872
11645 5768656e
11646 616368656e
11647 20ec93
11648 2048756e
11649 206f6674
11650 20323530
11651 696572756e67
11652 2073746162696c
11653 20436f6e6e656374
11654 2079616e69
11655 20646f776e74
11656 cebcceb1
11657 20766f63616c
11658 cebdceb1
11659 206c65616e
11660 20766964c3a96f
11661 2046616d696c79
11662 726573656e74
11663 20616d6f756e7473
11664 eca781
11665 636c617373
11666 20766962
11667 204176
11668 61727365
11669 2067656e746c656d656e
11670 207365656b696e67
11671 20756e696f6e
11672 20726567756c61726c79
11673 e68f
11674 204a616872
11675 20466f6f64
11676 2050726f626c656d
11677 206172746966696369616c
11678 20536978
11679 20696d70726573736564
11680 20746f6f7468
11681 204b68
11682 2079617264
11683 20ed95b4
11684 206f776e6564
11685 20eb8f99
11686 ecb2ad
11687 20746f6461
11688 20706f7274666f6c
11689 20eb82a8
11690 6f7267656f7573
11691 206461746573
11692 d0bed0bbd18cd0b7
11693 d0b5d187d0bdd0be
11694 20636f6e66696775726174696f6e
11695 20726571756972656d656e74
11696 2062656c6c79
11697 207061696e66756c
11698 2064656d6f6e737472617465
11699 20676c65696368
11700 207669736974696e67
11701 20436f6e66
11702 2064616c
11703 d991
11704 20616d656e64
11705 20467572
11706 e6af94
11707 20766974616c
11708 e1bb8b
11709 206d617465
11710 204f75
11711 206c6567616379
11712 757374696e67
11713 206163636f6d6d6f64
11714 2071756f69
11715 6175656e
11716 206c6966657374796c65
11717 4343
11718 c3a4c3a46e
11719 617274656e
11720 206d696e6861
11721 72c3b3
11722 20ebaaa8
11723 20666f726d6174696f6e
11724 20747261696c6572
11725 7065726f72
11726 20d0b3d180
11727 207564
11728 7a75
11729 206b6f6d6d656e
11730 2063617665
11731 20436f756e63696c6c6f72
11732 207468726f776e
11733 20747269636b73
11734 4c41554748544552
11735 2041636164656d79
11736 726f7764
11737 a19d
11738 eca080
11739 20496d6167696e65
11740 20696e666f726d6564
11741 726f7068
11742 206c6967
11743 20736b756c6c
11744 6162657468
11745 2066756e6374696f6e616c
11746 6572656b
11747 4f6e
11748 e9a6
11749 20616e63657374
11750 20736166656c79
11751 204854
11752 eb8bb9
11753 20646176
11754 20647269766573
11755 416d65726963
11756 2074697265
11757 2073616973
11758 c3a17269
11759 61766f7273
11760 20636f72726573706f6e64696e67
11761 207072c3a973
11762 6368657374
11763 206261637465726961
11764 20696e66656374696f6e
11765 7573616c
11766 206176657a
11767 206261736b657462616c6c
11768 20737570706c696573
11769 20657870657274697365
11770 a0a5
11771 6661
11772 207469656d706f
11773 2057616e74
11774 2073696c6c79
11775 20757070
11776 20656c6563746564
11777 206669726564
11778 20d8af
11779 20756e69766572736974696573
11780 616c6c65
11781 206a61636b6574
11782 c2b0
11783 2074726176
11784 6c73
11785 20646566656174
11786 20636f676e
11787 206571756174696f6e73
11788 756b69
11789 2053686572
11790 20746869727479
11791 2073747265616d696e67
11792 6f74726f73
11793 2050726f6475
11794 6e656a
11795 2064657369676e6572
11796 20eb8a90eb82
11797 207061696e746564
11798 7261696e65
11799 6d61696c
11800 2076657373
11801 2072687974686d
11802 6c657368
11803 203939
11804 2061696e6461
11805 6368696564
11806 20c3a974616974
11807 2061666665637473
11808 e9a3
11809 2046696e64
11810 20c3a96c
11811 20706f7461746f6573
11812 20706167
11813 20d0bfd0b0d180
11814 61727473
11815 204e616368
11816 203333
11817 2048617264
11818 2049726171
11819 206f70696e696f6e73
11820 77697468
11821 65726d616e
11822 c3bd
11823 e8ad
11824 20535045414b
11825 acbc
11826 2073746162696c697479
11827 204845
11828 206361707475726564
11829 206275636b73
11830 206d61736b73
11831 20636f6d70657465
11832 20666f72676f7474656e
11833 d0bbd18ed187
11834 73657175
11835 20ec84a0
11836 696c6c696f6e
11837 206772617068696373
11838 20687562
11839 20ec97b0
11840 656d706f72
11841 2063726f776e
11842 207769646572
11843 206f6363757273
11844 4453
11845 e681
11846 20426174746c65
11847 e381aae38293
11848 206475616c
11849 20363030
11850 617468657273
11851 e0b981
11852 20736574746c65
11853 206176616974
11854 20646f6973
11855 d0bad0b8d185
11856 61646f726573
11857 20c3b3
11858 6e65676f
11859 2047656f72676961
11860 20526f67
11861 206469766f72
11862 20536f6e67
11863 205370656369616c
11864 206d756e
11865 2070726574656e64
11866 4d414e
11867 2076696f6c656e74
11868 2062657369646573
11869 7679
11870 204e617a
11871 3239
11872 207377656174
11873 207a77
11874 204875
11875 204275696c64
11876 20686f726d
11877 2043617264
11878 20ec9ca0
11879 207265636f6d6d656e646174696f6e
11880 63616c6c6564
11881 737469636b
11882 20506f6c696365
11883 20636f6e73756d657273
11884 2067726f636572
11885 207374756e
11886 20d092d18b
11887 d0a3
11888 2044617461
11889 207375627374616e74
11890 6972656374
11891 e0b2
11892 20d0b2d0b7
11893 2041726d
11894 2073656d6573746572
11895 2042726164
11896 206f757273
11897 20d0bad0bed182d0bed180d18bd0b9
11898 a761
11899 206772616d73
11900 20657865726369736573
11901 3735
11902 207377656172
11903 20696e63656e74
11904 cf81cebf
11905 20696c6c6567616c
11906 e4bd95
11907 2044616d6e
11908 206ec3ba
11909 206e65636573
11910 2063757a
11911 69636f6e
11912 20686f7273
11913 20436f6d6f
11914 e4bd9c
11915 20eb9190
11916 206f7665727365
11917 2068617276657374
11918 207468726577
11919 20d0bfd0bed182d0bed0bcd183
11920 d799d794
11921 206f74726f
11922 20d0bfd0b5d180d0b2
11923 2073636f7065
11924 20676c6f7279
11925 204d6963686967616e
11926 20617373756d696e67
11927 20d183d0b4
11928 20626f6c64
11929 677565
11930 6d6f74686572
11931 20776172656e
11932 e8ac9b
11933 20d8a5
11934 204b616d
11935 69737069656c
11936 20746f756a6f757273
11937 20636f6e737469747574696f6e
11938 207e
11939 206672616e6b6c79
11940 6f6c656e
11941 6f6e7363696f7573
11942 2077c3bc726465
11943 74686f6e
11944 204f46
11945 ec9e90eb
11946 756e6461
11947 20e698af
11948 20d0bfd0bed180
11949 20656d706c6f796d656e74
11950 d191d182
11951 e38181
11952 20737465616d
11953 204449
11954 2070726f66657373696f6e616c73
11955 20656e67696e65657273
11956 20586961
11957 e7ab
11958 ec9881
11959 2044756e
11960 206269746368
11961 20466f7264
11962 e4b88de8a681
11963 73656374696f6e
11964 2076696365
11965 204c61746572
11966 6f73746f6e
11967 d18dd182
11968 d7a6
11969 20417a757265
11970 706c696e67
11971 20313830
11972 204372656174
11973 49534841
11974 206275656e6f
11975 ed9dac
11976 727570
11977 6c657273
11978 2059616e67
11979 204841
11980 626174
11981 20436174686f6c6963
11982 20616363656e74
11983 206d6978696e67
11984 636b657473
11985 20656e68616e6365
11986 c3bc6872
11987 c3aa73
11988 20ed96
11989 207377696d6d696e67
11990 2063e1bba761
11991 20456c697a
11992 20696d6d756e65
11993 20d0b1d0bed0bb
11994 2066617265
11995 20476162
11996 d7a1
11997 20736174656c6c
11998 20416e797468696e67
11999 206173736574
12000 207363686564756c
12001 207261646963616c
12002 207a776569
12003 204d45
12004 72656c61746564
12005 20736570617261746564
12006 204c696272
12007 2067726970
12008 20e0aeaa
12009 e8a880
12010 206265616e73
12011 204f70
12012 ec868c
12013 20706f756e64
12014 20656e7472616e6365
12015 cf86
12016 204e6965
12017 2052657075626c6963616e73
12018 2061746f6d
12019 20706572736f6e6173
12020 20416c69
12021 c3a46872
12022 e5a496
12023 206472616d61746963
12024 2046696e65
12025 2072656d696e6473
12026 e899
12027 2064c3a96ac3a0
12028 206166666f726461626c65
12029 206272616e
12030 6965726f
12031 616c6172
12032 6375
12033 205c
12034 206d6fc5bc65
12035 20626c617374
12036 2072656379
12037 66697265
12038 206c6c65
12039 20d0b2d180d0b5d0bcd18f
12040 205757
12041 207673
12042 2044756465
12043 20526f6d65
12044 206772656574
12045 20486574
12046 63696173
12047 20eb8bb9
12048 6c6573736c79
12049 207072656d69756d
12050 206578706572696d656e7473
12051 61746172
12052 c3a97269
12053 206f6666696369616c6c79
12054 20666565
12055 e0b987
12056 20d187d0b5d0bc
12057 726561
12058 20746f79
12059 4f50
12060 205461796c6f72
12061 204d6343
12062 696c6579
12063 2042616b
12064 20616c756d
12065 20556e746572
12066 206d61676963616c
12067 2074726162616c
12068 20766f746573
12069 6974616765
12070 206d656368616e6963616c
12071 686e
12072 e381bee38197e3819f
12073 20d0b8d0bdd182d0b5d180
12074 e4bb8ae5a4a9
12075 2068696e74
12076 20617574686f726974696573
12077 204e415341
12078 6976657273617279
12079 20d0bfd0bed187
12080 726163
12081 20535045414b4552
12082 c3b674
12083 206672616d6573
12084 20676f6f64627965
12085 2063686572
12086 6875
12087 206e657572
12088 e5ae9a
12089 204d616368
12090 2048656c6c
12091 20666573746976616c
12092 eb8584
12093 757461
12094 206d757368726f6f6d
12095 2074616e74
12096 20746174746f
12097 2064656c657465
12098 2064697a
12099 2076c3a4
12100 20736576656e74
12101 20517569636b
12102 2062616b696e67
12103 20617373656d626c79
12104 476f
12105 20447265616d
12106 204c6164
12107 e99d9e
12108 c3a279
12109 616773
12110 2067726176697479
12111 20eca791
12112 656d706c6f79
12113 20646965736573
12114 20646973636f76657279
12115 d181d182d0b2d0b0
12116 2068656262656e
12117 20676572616465
12118 204452
12119 202727
12120 20746563686e6963616c6c79
12121 20d09fd0be
12122 2070726976696c656765
12123 2045766572
12124 205365727669636573
12125 7572616e
12126 20636f6e73756d7074696f6e
12127 20526576
12128 205368616c6c
12129 6173736572
12130 b680ed84b0
12131 2072616369616c
12132 20596f7574756265
12133 20507261
12134 d181d182d0b2d0b5d0bd
12135 63656b
12136 e6b4
12137 61736861
12138 20db81
12139 919c
12140 61686e
12141 49434b
12142 206472696e6b73
12143 2063617262
12144 e382bf
12145 203634
12146 204d6d6d
12147 20656c656374726963616c
12148 20667275697473
12149 204844
12150 c3b161
12151 20446566696e6974656c79
12152 20ebb09b
12153 2066616973
12154 726174696f6e73
12155 20636f65
12156 616875
12157 2046616972
12158 20656174656e
12159 20666972
12160 204175
12161 d183d0bd
12162 756c6174696e67
12163 696e676c79
12164 2076616363696e6573
12165 20647261676f6e
12166 20706f696e74696e67
12167 2070656c6f
12168 6f7274657273
12169 20776f726b6f7574
12170 d0b8d0bcd0b5d180
12171 6d6f6e64
12172 204e6f7065
12173 20d796d794
12174 20d982
12175 2061646f70746564
12176 62756c
12177 2073616e73
12178 20706f73736962696c6974696573
12179 2070656e64
12180 207a616d616e
12181 686f75
12182 20736861726573
12183 2063616c656e646172
12184 20706572736f6e61
12185 207365616c
12186 2067656e65
12187 2073746f726564
12188 20d0bfd0bed0b7
12189 206c7972696373
12190 20696e737472756d656e7473
12191 204d41
12192 80ec9db4
12193 20636c6f756473
12194 686f74
12195 e1baaf
12196 20eab099ec9584ec9a94
12197 20456d70697265
12198 2062696f
12199 77696e64
12200 6965676f
12201 204575726f70
12202 20e5a5bd
12203 65646765
12204 206261636b7761726473
12205 20eca780eb
12206 20717565656e
12207 207368696e65
12208 20c3a7c4b16b
12209 20636164
12210 204f64
12211 20ec82aceb9e8c
12212 20627562626c65
12213 c3b469
12214 7a6573
12215 207265616374696f6e73
12216 206a7564676d656e74
12217 2044656d6f6372617473
12218 20636f736173
12219 6173686564
12220 20d0b4d0bed0bbd0b6
12221 c59b6e6965
12222 eab4
12223 206578656d706c65
12224 4d50
12225 e1bbaf
12226 2056657273
12227 20726573696c
12228 206dc3a1
12229 c5847374
12230 62656c696576
12231 20566f72
12232 20736368656d65
12233 6f6e6461
12234 20706f64656d6f73
12235 2063686172676573
12236 2064657374696e6174696f6e
12237 204b79
12238 205353
12239 2073696c656e6365
12240 20656d626564
12241 6e6174
12242 e1bb9b69
12243 414e54
12244 67676564
12245 207265647563696e67
12246 2075676c79
12247 206d696d
12248 d183d0b4d0b0
12249 3334
12250 20636f7264
12251 20d182d0bed0b6d0b5
12252 204c697361
12253 20c3b66e
12254 2043687269737469616e73
12255 756d626c6573
12256 6f6c6f6769737473
12257 617a61
12258 2074656e6473
12259 20436f6f6b
12260 20676573616774
12261 20ed9598eb8298
12262 20546573
12263 6572656d6f6e79
12264 20d0bdd183d0b6d0bdd0be
12265 204d415249534841
12266 20656e726f6c6c
12267 20437279
12268 455353
12269 20536164
12270 20696d706c656d656e746564
12271 2064c3ad61
12272 c39c
12273 2070697374
12274 4472
12275 2073616265
12276 20536f6369
12277 c3a47265
12278 20d0bad182d0be
12279 204672616e636973636f
12280 20ec9ea5
12281 20637265617475726573
12282 617773
12283 206561726e6564
12284 2063686561706572
12285 20646c61
12286 207761726e
12287 73636865
12288 20626c6168
12289 206e757472
12290 e8bc
12291 20676f7267656f7573
12292 20416e67656c6573
12293 2067656d61636874
12294 20686f6d656c657373
12295 6f67726170686963
12296 2054616977616e
12297 20536f6d
12298 20486164
12299 616374696f6e73
12300 20706f737473
12301 206f75747261
12302 204d65616e
12303 6b6172
12304 20636f7573
12305 20627261636b
12306 d0b8d182d18cd181d18f
12307 2062656c6965766573
12308 2073756963696465
12309 20657175616c6c79
12310 206361726573
12311 d0bed0b6d0bdd0be
12312 207374656d
12313 204d756368
12314 2070726f6475636572
12315 d795d790
12316 2070726f74656374696e67
12317 20545241564953
12318 20696e7465727669657773
12319 20616c69656e
12320 2041736b
12321 20736f6c65
12322 434f
12323 20537564
12324 20737572766976
12325 20736b65746368
12326 2077c58261
12327 20636f6c6f63
12328 2061706f6c6f67697a65
12329 776569676874
12330 203535
12331 203e
12332 206865726f6573
12333 20426f73746f6e
12334 20646570656e64656e74
12335 206d6f7469766174696f6e
12336 666c6978
12337 207365616d
12338 d0bad0b8d0b5
12339 20647261696e
12340 6f646564
12341 206775696c7479
12342 204a656e6e
12343 696e67656e
12344 206772616e746564
12345 204b656c6c79
12346 20536176
12347 20556e636c65
12348 20486f6e6573746c79
12349 454c49
12350 206e61766967617465
12351 20626c6573736564
12352 636f7265
12353 206561726e696e67
12354 207369676e616c73
12355 206469736b
12356 69616c73
12357 2061676573
12358 e685
12359 207061727469636c65
12360 20d187d0b5d180
12361 2063616e6e
12362 2074696572
12363 2073746174656d656e7473
12364 eab3a0ec9a94
12365 20eb958cebacb8ec9790
12366 2043686f
12367 20706f6c6172
12368 616ec3a7
12369 204b656e6e
12370 204e69
12371 204669676874
12372 6f7267616e
12373 e995
12374 20436861
12375 2053c3ad
12376 e383aa
12377 20736c6963
12378 206365727469666963
12379 2074656d706c617465
12380 204665646572616c
12381 20636f6e73696465726174696f6e
12382 206578706c6f
12383 204d61696e
12384 204e45
12385 20616c6f6e6773696465
12386 2064726573736564
12387 20506f696e74
12388 20656e7669726f6e6d656e7473
12389 207072c3b378696d
12390 2064616172
12391 2070726f6d7074
12392 20707572737565
12393 20656e7465727461696e6d656e74
12394 207468726f6174
12395 2070726f626c656d61
12396 206d617274
12397 ecbc
12398 2070726f7669646572
12399 d88c
12400 20d797
12401 696e7465
12402 6d616b696e67
12403 207374726f6b65
12404 20746973737565
12405 556e
12406 2070726563696f7573
12407 2041727473
12408 696e6b696e67
12409 20d09ed0bd
12410 20d0b8d181
12411 6e6168
12412 20d095d181d0bbd0b8
12413 20636f726e657273
12414 20747269636b79
12415 696e6368
12416 6c696a6b
12417 207072657373696e67
12418 6c6576656c
12419 414e47
12420 20726164696174696f6e
12421 ec84a0
12422 20636f6e66726f6e74
12423 20766574
12424 20726570726573656e746174697665
12425 2070726f706167
12426 2063726170
12427 20446563
12428 2072616d70
12429 d0b5d0bfd0b5d180d18c
12430 75c3a973
12431 657373656e
12432 6372697074696f6e
12433 2062696c6c73
12434 204d617474686577
12435 20616e696d65
12436 e1baa574
12437 206c6f77657374
12438 686173
12439 73637265656e
12440 6f67726170
12441 d0b0d0bbd0be
12442 696e746f6e
12443 204a6168
12444 e88085
12445 6974c3a0
12446 206b6179
12447 20726f746174696f6e
12448 2057657265
12449 61626569
12450 20747269616c73
12451 206c65766572
12452 6967687479
12453 2073706f6f6e
12454 2068756e74
12455 636c696e67
12456 206469736d
12457 20d0b1d0bed0bbd18cd188
12458 2061737361756c74
12459 20ed9895
12460 207765656b6c79
12461 206d69736d6f
12462 2067656e65746963
12463 756c7074
12464 2053747564656e74
12465 207265616c6973746963
12466 2061757468656e746963
12467 e68993
12468 61737461
12469 206172726573746564
12470 2067756964656c696e6573
12471 20d79cd790
12472 20d0b4d0b0d0b2
12473 20436f6d696e67
12474 66c3bc72
12475 207265717565737473
12476 8390
12477 20616e616c797a65
12478 20696e746572657373
12479 2068616c74
12480 204f706572
12481 6f6e6f6d
12482 206475636b
12483 207769746864
12484 736572
12485 20cf8c
12486 20486973746f7279
12487 20796f7574756265
12488 e3828d
12489 207361626572
12490 77616c6b
12491 666f6e74
12492 206f76657276696577
12493 3339
12494 c3bc79
12495 65747469
12496 2066726f7a656e
12497 20666c657368
12498 c49f69
12499 20504d
12500 20ec9980
12501 e9a2
12502 d186d0b8d0b8
12503 20eab8b0eb
12504 ed81ac
12505 2070726f7365
12506 6f6f6f6f
12507 7261746573
12508 5753
12509 206175746f6d61746963
12510 20636f6c6c656374696e67
12511 c591
12512 206e65696768626f7273
12513 c2bb2e
12514 204578706c
12515 2063697263756c
12516 636f766572
12517 776567
12518 20737469636b73
12519 20656c6c6572
12520 20777777
12521 20646f726d
12522 204578706572
12523 2073746174697374696373
12524 20656d61696c73
12525 206772617665
12526 696d697a
12527 4853
12528 20756974
12529 2c27
12530 206c61736572
12531 e889
12532 20d182d0b5d0bc
12533 d18bd188
12534 d189d191
12535 2067656e6175
12536 207469656e656e
12537 206d656469746174696f6e
12538 204f7267616e
12539 20657374696d617465
12540 20ebacb4ec
12541 6c657473
12542 206ec3a079
12543 206d696e64736574
12544 207265736f6e
12545 206dc3a973
12546 206e756d65726f7573
12547 207669656c6c6569636874
12548 205468697264
12549 756f7573
12550 2044656164
12551 d0b0d0bdd0b4
12552 484e
12553 20726163696e67
12554 206167656e7473
12555 205574
12556 2074656172
12557 204850
12558 206368656d6973747279
12559 20737572766976616c
12560 e696b0
12561 20636f6e76696e636564
12562 203b
12563 20726567756c6174696f6e73
12564 204553
12565 e5928c
12566 333030
12567 20656e7365
12568 20ecb5
12569 2064696374
12570 4741
12571 206168c3ad
12572 e58b95
12573 2074656a
12574 20d0bed181d182
12575 20456c656374
12576 20696e74656c6c65637475616c
12577 2062696173
12578 2062757264656e
12579 e782b9
12580 20ec96b4eb96bb
12581 206368656572
12582 20736f7068
12583 20706f7274666f6c696f
12584 756261
12585 206573746f73
12586 5456
12587 466f72
12588 20617368
12589 206b6f6d6d6572
12590 20636f6c6c656374697665
12591 207772657374
12592 204a65747a74
12593 20576174
12594 7265696368
12595 207072696d6572
12596 616374697665
12597 206d6965
12598 69636b6564
12599 2068756e74696e67
12600 2074657374696d
12601 20636f6d70617373696f6e
12602 20d8b1
12603 2062727574
12604 2073616c6164
12605 d0bed0b1d189d0b5
12606 20736f6c76696e67
12607 20666c6f6174696e67
12608 e7b7
12609 2061747472616374697665
12610 d988d984
12611 2070657264
12612 6966666572
12613 207363756c7074
12614 686868
12615 205765656b
12616 20656e74687573
12617 206e6164
12618 206d65726368
12619 20ed9995
12620 206d696c65
12621 e5a5bde4ba86
12622 20ceb8
12623 20eb8298eb
12624 e9878d
12625 3338
12626 20636861696e73
12627 20416c6d6f7374
12628 207469636b657473
12629 72696e
12630 204343
12631 206469737472696275746564
12632 616265746573
12633 2074656d706572617475726573
12634 206761696e6564
12635 20666c65786962696c697479
12636 2073637265616d696e67
12637 206162726f6164
12638 756e6f
12639 20656e7472657072656e65757273
12640 204e6574776f726b
12641 2043616e616469616e
12642 2070726576
12643 2073c3b6
12644 20d182d0b5d0b1d18f
12645 20506f6b65
12646 20506f64
12647 205475726b6579
12648 e78fbee59ca8
12649 206162737472616374
12650 20736e616b65
12651 20416d79
12652 20eb8a90eb828c
12653 206272617665
12654 20ec9e88ec96b4ec9a94
12655 204b616c
12656 2032303037
12657 c3a172696f
12658 206d61726b6564
12659 67696e6573
12660 20616c6c6f63
12661 4f4e47
12662 20736369656e74697374
12663 2065736361
12664 2072616369736d
12665 d791d7
12666 2053616d73
12667 2050656e6e
12668 206c6f616473
12669 20e0aea8
12670 c3bc626572
12671 4d65
12672 6978c3b2
12673 20706572c3b2
12674 616e6e65
12675 20657870726573736564
12676 d0bcd0b5d180
12677 206d6f6574
12678 2072657475726e696e67
12679 6e6961
12680 206578706f6e
12681 50726f
12682 206c6f79616c
12683 4d4c
12684 206c616d70
12685 20736879
12686 20636f6d706f736974696f6e
12687 204c79
12688 206d61676e65746963
12689 207072656d696572
12690 206d65617375726564
12691 2073756d6d617279
12692 2061747461636b6564
12693 2066696e697368696e67
12694 d097
12695 e7a5
12696 2073697473
12697 20687964726f67656e
12698 206d6169
12699 2044657574736368
12700 6173c4b1
12701 206f627461696e
12702 766965
12703 20736f6974
12704 20ebb094
12705 206c616e65
12706 20636f6e73656775
12707 d0b2d0be
12708 2065617365
12709 616b696e
12710 204661
12711 20756e74756b
12712 206275727374
12713 2063756d
12714 616cc4b16d
12715 c3ba626c6963
12716 696469
12717 20526f79616c
12718 204b6f6e
12719 20636f6d6d6f6e6c79
12720 2072656d6f76696e67
12721 206a7572
12722 696c6962
12723 20616e6368
12724 ed9689
12725 c6b0e1bba3
12726 20d09cd18b
12727 20416e7468
12728 2053c3a5
12729 20696e74657272757074
12730 207374657265
12731 204f53
12732 6f6e796d
12733 74657279
12734 204d61726961
12735 eab283
12736 206578706c6f72696e67
12737 207472616e73706172656e74
12738 2066617465
12739 204a756e67
12740 2067727570
12741 206461726b6572
12742 20446f7567
12743 206d616e65
12744 e694be
12745 e1baa169
12746 647269
12747 6c6f6f6b
12748 2044657369676e
12749 20747574616a
12750 20686f72697a6f6e74616c
12751 72656f6e
12752 6f727465
12753 20436f7272656374
12754 2053746576656e
12755 2076696e65
12756 3032
12757 69c487
12758 207369656d707265
12759 204b6579
12760 e5838f
12761 2047616d6573
12762 206e616172
12763 2073686f636b6564
12764 656c7665
12765 20526f7365
12766 ec8bac
12767 2073746f7070696e67
12768 6f686c
12769 204d6978
12770 207375666665726564
12771 207369676d61
12772 207765616b6e657373
12773 204f77
12774 e0b8b5e0b988
12775 4946
12776 20e0ae85
12777 61646564
12778 204e6574666c6978
12779 616e6573
12780 2072656d61696e6564
12781 697279
12782 20726970
12783 656c6c74
12784 2073696c656e74
12785 2070726f76656e
12786 20746f786963
12787 20616c756d696e
12788 206d756c7469706c
12789 616c616e64
12790 203334
12791 3036
12792 20427275
12793 20eca095eba790
12794 4a757374
12795 626f79
12796 2073686f65
12797 206372656174757265
12798 20686561646564
12799 20d0bed182d0ba
12800 e6b1
12801 20657373656e6365
12802 2072656d61726b61626c65
12803 206ec3ba6d6572
12804 2064726577
12805 2070757a7a6c65
12806 204c696272617279
12807 204675
12808 6173686573
12809 6b6b
12810 20497374
12811 a6b0
12812 20427279
12813 20636572656d6f6e79
12814 20e0ae8e
12815 20637269
12816 657175
12817 e382a2
12818 207072697a65
12819 2064696d656e73696f6e73
12820 6f6772616d
12821 206c656174686572
12822 20706f70756c6174696f6e73
12823 75756d
12824 20766567616e
12825 d18fd0b4
12826 2063c3b36d6f
12827 e584
12828 207374726970
12829 e5a3
12830 207661636174696f6e
12831 8595
12832 206d65616c73
12833 696c697070
12834 20656e7473
12835 6172616d
12836 7269636874
12837 20677261696e
12838 20537061696e
12839 20636865656b
12840 20416666
12841 494f4e
12842 204272696e67
12843 203338
12844 69656c656e
12845 756c75
12846 20d0b1d0bed0bbd18cd188d0b5
12847 20616e6e6f756e63656d656e74
12848 20d182d183d182
12849 2050726f70686574
12850 6172646f
12851 3337
12852 20776f6b65
12853 207472616e736c6174696f6e
12854 204e4f54
12855 20434c
12856 2064c3bcc59f
12857 d186d196
12858 61636572
12859 204c6f63
12860 2070657263657074696f6e
12861 4e4f
12862 2064696573656e
12863 4c6f6f6b
12864 6865617274
12865 61766564
12866 20626f756e64617279
12867 20666c6f7773
12868 d191d0bc
12869 20617267756d656e7473
12870 20656c656374696f6e73
12871 c4b173
12872 206865636b
12873 207375697461626c65
12874 206669626572
12875 2053747261
12876 7879
12877 2048756d
12878 206d6f6e74686c79
12879 75706572
12880 20676f6c66
12881 206c6174656c79
12882 2047617264
12883 2052656e
12884 20417374
12885 2046616e74
12886 d0b0d181d181
12887 206f62736572
12888 eba19c
12889 2065617369657374
12890 8d94eb
12891 207765627369746573
12892 706f6c
12893 20636f636f6e
12894 20e0ae87
12895 20566567
12896 2077616c6b73
12897 20696e74726f
12898 206469726563746564
12899 20416e6e61
12900 20eb93a4ec96b4
12901 204561737465726e
12902 205361696e74
12903 20426f77
12904 20726f617374
12905 2055524c
12906 206a6564656e
12907 75726173
12908 616a61
12909 2073656d69
12910 2072617069646c79
12911 2074617267657473
12912 20436f6e74726f6c
12913 20626168
12914 207265666c656374696f6e
12915 2063726561746976697479
12916 686f6c64657273
12917 20ec98aceb
12918 20616d6f6e677374
12919 2066656564696e67
12920 d18dd182d0bed0bcd183
12921 20d0b2d0b8d0b4d0b5
12922 20eba78ceb93a4
12923 20536d617274
12924 2072656c6961626c65
12925 2076657a6573
12926 20d7a8
12927 636875636b6c6573
12928 617a696f6e65
12929 2057696c6c69616d73
12930 2061c3a7
12931 20736c6565
12932 d0b5d189
12933 2074696d656c696e65
12934 2074686f726f756768
12935 e1bb8d
12936 204f74
12937 e1baa16e
12938 20696d6167696e6174696f6e
12939 206d656368616e696373
12940 72697374
12941 20636c61696d6564
12942 cf84ceb7
12943 c3aa7465
12944 204875727279
12945 2069506164
12946 20636f6e73747275
12947 20436c61
12948 20416c73
12949 e4bc9a
12950 75747a
12951 2063756c7475726573
12952 20ec96b4eb96bbeab28c
12953 2062656c6f6e6773
12954 20796572
12955 20446f65736e
12956 2067656f6d6574
12957 20626964
12958 20666f616d
12959 20686f62
12960 204272697461696e
12961 207375627374616e6365
12962 20616e6e6976657273617279
12963 20eb8488
12964 206e6f746564
12965 20676f7665726e6f72
12966 2073746f636b73
12967 3331
12968 2064697965
12969 ec8aa4eb
12970 20726562
12971 7a656c
12972 206d756c7469706c79
12973 206f70657261746f72
12974 84a4ec9a94
12975 20776174657273
12976 2064c3a472
12977 20756e736572
12978 20456c697a6162657468
12979 e9ab98
12980 20696e6372656173696e676c79
12981 2047726f
12982 20656e67696e6573
12983 697273
12984 d8ab
12985 207472656173757265
12986 5043
12987 696e6374696f6e
12988 697269
12989 20616363756d
12990 20766172696174696f6e
12991 20706f6d
12992 207469746c6573
12993 2046657374
12994 c3b373
12995 20656c646572
12996 6e796d
12997 72756e
12998 d18fd0b2
12999 20696e6e6f766174697665
13000 206e6f6d627265
13001 20636f696e63
13002 206672616e6368
13003 20656e746f6e636573
13004 206e6963687473
13005 206578636c7573697665
13006 20436865657273
13007 204269
13008 756a65
13009 e6ada1
13010 20706f6b
13011 205072656d
13012 20726f636b6574
13013 454c495045
13014 20686f73706974616c73
13015 7269756d
13016 206a75737465
13017 2068616d6d6572
13018 207175616e74756d
13019 20726573706f6e736573
13020 6c6c79
13021 656e6469
13022 206163746976656c79
13023 20667269646765
13024 69617465
13025 6c6f6e67
13026 207175656d
13027 20646561746873
13028 207375706572696f72
13029 636b656e
13030 ec9db4ec9790
13031 6b746f70
13032 206761746865726564
13033 a3a8
13034 2064617a75
13035 2072656369706573
13036 2062757a7a
13037 63656e
13038 20616e7974696d65
13039 6f6e73656e7365
13040 20636972636c6573
13041 20736f6c766564
13042 20ec8ba0
13043 20636f726f6e617669727573
13044 204c756b65
13045 2062756262
13046 20636f6e74656d706f72
13047 727a79
13048 204a616e65
13049 20d0b4d0bed0bc
13050 20736372657773
13051 20687962726964
13052 2063617375616c
13053 2073656c627374
13054 6265696e67
13055 20c490
13056 20436f6c756d62
13057 20d185d0bed187
13058 206275636b6574
13059 206576616c75617465
13060 2069646f6c
13061 2072657075746174696f6e
13062 20ec868ceb
13063 d988d8b1
13064 20686563686f
13065 20706f656d
13066 207375626a65637473
13067 706c616e74
13068 20426568
13069 20537065616b696e67
13070 20626174746572696573
13071 20666f6c6c6f77657273
13072 c3b66c
13073 2067656e746c79
13074 2073697874
13075 20706172616d65746572
13076 20696b6b65
13077 20546f7572
13078 20444a
13079 6f747465
13080 204a616872656e
13081 207072657061726174696f6e
13082 20d0b4d183d0bc
13083 20383030
13084 636f70
13085 696b696e67
13086 20ebacb8
13087 20d0bdd183
13088 20d0bbd0b5d182
13089 e5908c
13090 20496465
13091 20eca1b0eab888
13092 206c61756768746572
13093 206d6f6c6563756c6573
13094 2052657374
13095 206f62736572766564
13096 647a6965
13097 206164766572746973696e67
13098 6572746f
13099 206d6f696e73
13100 204d4954
13101 206578636974
13102 2074756d
13103 2074796c
13104 20696e766573746564
13105 20706861726d
13106 20756e6578706563746564
13107 20706869
13108 6f74797065
13109 7765697365
13110 206765c3a7
13111 6a6f757264
13112 20686f72736573
13113 6ec485
13114 3d22
13115 20534d
13116 20666962
13117 20636c697073
13118 e795b6
13119 e5a682e69e9c
13120 20726567696d65
13121 20726f74617465
13122 726f75
13123 6e696b
13124 2061726d6f72
13125 f09f98
13126 d0b5d180d0b0
13127 e5baa6
13128 204f6368
13129 2072696368746967
13130 c3bc7a656c
13131 616e656f75736c79
13132 6d656b
13133 e98caf
13134 205869616f
13135 2065786973746564
13136 776f727468
13137 e381a3e381a8
13138 206e6175676874
13139 20686569c39f74
13140 2042616c
13141 207265736964
13142 69766f74
13143 6f6d61746963
13144 206869726564
13145 206772616475616c6c79
13146 206f6e696f6e73
13147 20636f6d706174
13148 20696e74696d
13149 206a6577
13150 20636f6e747269627574696f6e
13151 20497265
13152 61636a69
13153 20736c696365
13154 20696d6d756e
13155 20527573
13156 2067726f7773
13157 2053696d696c61726c79
13158 2068617264657374
13159 2073747275636b
13160 206d6561737572656d656e74
13161 2e2e2e5d
13162 74686579
13163 20eca080eb
13164 20736e65616b
13165 206170706c696573
13166 20d0bdd0b5d0bc
13167 e693
13168 d791d7a8
13169 20d0a7d182d0be
13170 206f7574726f
13171 20696e6e6f63656e74
13172 206d6f67
13173 2053616d73756e67
13174 206d65726379
13175 2068616e646c696e67
13176 20696e74657276656e74696f6e
13177 6964617973
13178 676f74
13179 20637572726963
13180 20626f756e646172696573
13181 20636f6e667573696e67
13182 9dbceb8a94
13183 e687
13184 207374697463686573
13185 c3ad76656c
13186 2074756e6e656c
13187 6974c3a4
13188 20676f7374
13189 696d79
13190 20637a6173
13191 206dc3a9
13192 20636174616c
13193 2053696d6f6e
13194 204c49414d
13195 6d6963
13196 20d0a4
13197 206579656c
13198 69736173
13199 20435055
13200 20446f75
13201 206ec3a46368
13202 20696e66696e697479
13203 20726966
13204 205065616365
13205 204375
13206 206d696e696d616c
13207 206c697374656e6564
13208 20706f6c65
13209 68616c62
13210 206c6f61646564
13211 20737465616479
13212 2042657369646573
13213 c3aa6d
13214 206c6170
13215 20636f6f70
13216 20667269656e6473686970
13217 776f726c64
13218 20676568
13219 2074796c6b6f
13220 204c61757261
13221 20737572726f756e646564
13222 204576656e74
13223 2063686170
13224 20576f6e646572
13225 627265616b
13226 2064726f7665
13227 2062726f61646572
13228 20636869
13229 4669
13230 20676568656e
13231 207765737465726e
13232 20696e74656c6c6967656e74
13233 2070657273697374
13234 20666f756e646564
13235 e38193e381a8
13236 20686973746f726963
13237 206672c3a5
13238 636b73c3a5
13239 2068616e6479
13240 2073796d70
13241 20726f7773
13242 206e75747269
13243 627572
13244 204c656f6e
13245 2073697374656d61
13246 20657874656e73697665
13247 20d183d0b2
13248 ed8f
13249 206e6967687473
13250 2063c3a163
13251 20636f756e74696e67
13252 204d757374
13253 616c6c6f77
13254 d0b5d181d181
13255 4d6f6d
13256 20d0bdd0b0d0b4d0be
13257 2062617272656c
13258 e3839e
13259 415244
13260 20696e7374616c6c6174696f6e
13261 20696e73656374
13262 20eb85b8eb
13263 756ac485
13264 20c49169
13265 207061636b6564
13266 2066696374696f6e
13267 4e6f77
13268 20596179
13269 2070657274
13270 726f6e73
13271 756e6465
13272 6163686573
13273 207374796c6573
13274 20617072c3a873
13275 6f6b75
13276 2056696365
13277 c4b16ec4b17a
13278 636f6d6d
13279 2061737369676e6564
13280 20696e746572616374696f6e73
13281 2061636162
13282 46454c495045
13283 20726573637565
13284 20696e6475737472696573
13285 20416e6479
13286 20707261697365
13287 20666c616d65
13288 20736e61636b
13289 ed82
13290 e781
13291 2073776f
13292 72656e646572
13293 20626f61726473
13294 20d182d0bed0bc
13295 656e6e65
13296 207061737461
13297 20646576696c
13298 2046656c
13299 206861747465
13300 20636f6c6c6567
13301 6568
13302 ecbb
13303 e38193e381ae
13304 2070726f64756374697665
13305 666f7277617264
13306 d0b8d0bf
13307 20736d61727470686f6e65
13308 20696e766973
13309 2062756d
13310 2077686f61
13311 ec9e84
13312 206f636b73c3a5
13313 204c616e67
13314 205379726961
13315 2073657369
13316 ceafceb1
13317 20617070726f76616c
13318 3438
13319 20d0bed0b4d0b8d0bd
13320 20eb96
13321 2048617272
13322 2041646d696e697374
13323 20d7a4
13324 204465616e
13325 6669
13326 20636974697a656e
13327 20736861726b
13328 3035
13329 20626f696c
13330 20696e646963617465
13331 e5a1
13332 417265
13333 206c61796f7574
13334 2072656672
13335 2050616369666963
13336 41414141
13337 204175737472616c69616e
13338 6772657373696f6e
13339 566f696365
13340 d0b0d0bbd181d18f
13341 207368656c746572
13342 546f
13343 61757074
13344 206576616c756174696f6e
13345 61706f72
13346 2063757272656e6379
13347 20d0bcd0bdd0bed0b3d0be
13348 69676f73
13349 e381b0
13350 206f6374
13351 20726f79616c
13352 e8b3
13353 6173696c
13354 204368696c6472656e
13355 207269656e
13356 20eb939ceb
13357 2062617272696572
13358 20656a656d706c6f
13359 20656b
13360 4e44
13361 657370
13362 d0b5d0bdd0b0
13363 20706963
13364 206b696c6c6572
13365 20696e74656772617465
13366 206665776572
13367 206469736162696c6974696573
13368 202e2e2e2e
13369 20747269616e676c65
13370 2066656573
13371 20776964656c79
13372 656d69
13373 206f7665727768656c6d696e67
13374 207a6f6d62
13375 2062657265
13376 20686f6f64
13377 20417965
13378 2048617276617264
13379 6576
13380 20cf84cebfcf85
13381 2063757073
13382 2041756368
13383 7a6f6e61
13384 2031393930
13385 20776569c39f
13386 206372756e6368
13387 e6a5
13388 20d0b7d0b0d0b2
13389 206d6561737572696e67
13390 2073746174696f6e73
13391 205374657068656e
13392 2073686f72746c79
13393 207369676e696e67
13394 20636f6d656479
13395 6f6d6f
13396 2073756767657374696f6e73
13397 207369676e6174757265
13398 20d0bfd180d0b8d0b2
13399 206469736f72646572
13400 61736b61
13401 20776f726c6473
13402 20707265636973656c79
13403 6e6f726d
13404 726176
13405 20436976696c
13406 496e746572
13407 204365727461696e
13408 20696e6a75726564
13409 207375676765737473
13410 20476f6c64656e
13411 206379626572
13412 20d8b4
13413 2074656d706f72617279
13414 20636f6f706572
13415 20766f746564
13416 206f75676874
13417 e1baa579
13418 7875616c
13419 2070616e656c73
13420 203935
13421 2068616e64736f6d65
13422 20d0bfd180d0bed0b2
13423 207065726d6974
13424 206b65696e
13425 206261646c79
13426 206e6f74696669636174696f6e73
13427 697a61
13428 204e6f74696365
13429 20696e636c7573697665
13430 20616e73776572696e67
13431 20ed97
13432 756c64
13433 ed858c
13434 206e6f776164617973
13435 203337
13436 20626f6c74
13437 20737461746963
13438 20486f70
13439 206176616e74
13440 616a6f
13441 20eba79bec9e88
13442 206669667479
13443 2046696e616c
13444 2073636f726573
13445 20546170
13446 2063796c
13447 20636f6e76696e6365
13448 20616e7977617973
13449 6f6461
13450 20ec95bc
13451 20736572766573
13452 20d182d0b0d0bad0bed0b9
13453 205a6f6f6d
13454 20736176696e6773
13455 756c6f
13456 20736f75746865726e
13457 766965776572
13458 20686f6a65
13459 2073656a61
13460 20726570726573656e74696e67
13461 88eb8d98
13462 6c696b
13463 20536f6d65626f6479
13464 206265617374
13465 20737469636b696e67
13466 20696e73697374
13467 2074616c656e746564
13468 206578706c61696e696e67
13469 206174746f726e6579
13470 e983a8
13471 20737461697273
13472 20446f67
13473 ed8b
13474 20636967
13475 20736861706564
13476 20736f6e73
13477 cf81ceb9
13478 757474
13479 20ec94
13480 207061726164
13481 ec9db8eb8db0
13482 20686f726e
13483 204a6f7572
13484 616e6e6f
13485 20776f726c6477696465
13486 e58a9b
13487 2070617274696369706174696f6e
13488 a684
13489 206dc3b377
13490 206275726e6564
13491 2077726974657273
13492 616c6c6168
13493 2046756e64
13494 20636c65766572
13495 204c65757465
13496 62696e
13497 2062656174696e67
13498 666f6f74
13499 20ec9b90
13500 2053747564696f
13501 20766167
13502 626579
13503 727a65
13504 206f70706f736974696f6e
13505 20d0b6d0b8d0b7
13506 77686f
13507 20eab1b4
13508 207472616365
13509 20d0b4d0b5d0bdd18c
13510 2065706964
13511 206765736368
13512 204e6172
13513 204245
13514 d183d0b9
13515 205369676e
13516 65646c79
13517 20636c6179
13518 20696e7374616e746c79
13519 20676174686572696e67
13520 2047616c617879
13521 20626f726564
13522 204275646468
13523 63c3a9
13524 206d616d
13525 20736c6f7065
13526 20eb8ba4ec9d8c
13527 20736368c3b66e
13528 20706972
13529 676566
13530 616d6572
13531 2068c3b6
13532 20636f6c6c6561677565
13533 2070726573656e7473
13534 616469756d
13535 20e0aeb5
13536 2066616c6172
13537 62656570
13538 206472696564
13539 69736d73
13540 20726f7065
13541 20776f726b73686f70
13542 206573747564
13543 2062616e6473
13544 207468656d6573
13545 e585ac
13546 d98ad8b1
13547 e5908e
13548 2072656d696e646572
13549 d182d183
13550 204268
13551 20636f636f6e7574
13552 20d181d182d0be
13553 204368616e6e656c
13554 20696d6d6967726174696f6e
13555 c3a473
13556 2e2e2e2e2e
13557 e4b8bb
13558 e799bd
13559 73746f70
13560 20d0bad0b0d180
13561 20636f696e73
13562 20d187d0b0d181
13563 206465737472756374696f6e
13564 6c696e6564
13565 206261727269657273
13566 616e74696e65
13567 207072696e746564
13568 20636f6e67726174756c6174696f6e73
13569 204865617274
13570 20696e7175
13571 746861
13572 20686172646c79
13573 204176656e
13574 2074696e6861
13575 20536f6e79
13576 204e46
13577 20677261647561746573
13578 2073717565657a65
13579 6572656d79
13580 cf84ceb9
13581 2065706963
13582 204a75
13583 206f6c6d
13584 204c61756768746572
13585 2062656c69656673
13586 20437275
13587 2054727565
13588 20536f756c
13589 6f7765656e
13590 20726f6d616e746963
13591 20d0b7d0b2
13592 20616e6f73
13593 20597570
13594 e998bf
13595 64696d
13596 20696e666572
13597 20d0b7d0b0d0bc
13598 20736f63
13599 756b61
13600 2070726563697365
13601 2064726f7070696e67
13602 20636c7565
13603 206572726f7273
13604 636861726765
13605 205075
13606 6f6d65746572
13607 206c616d626461
13608 6163696f6e616c
13609 20446f6e67
13610 206368616d626572
13611 207468616e6b66756c
13612 204e75
13613 204861776169
13614 20696e666f
13615 206163746976617465
13616 205175616c
13617 2071756564
13618 d183d0bbd18c
13619 20636c6f7468
13620 e5969c
13621 2077696368746967
13622 3535
13623 206f747261
13624 6f67726170686572
13625 20637572696f73
13626 2031393830
13627 20656d70726573
13628 64657373
13629 657572
13630 20636c7573746572
13631 6172746572
13632 6f62696c65
13633 2059616e
13634 20416476
13635 206469736369706c696e65
13636 20eca095eb8f84
13637 20506c616365
13638 2053656c656374
13639 5445
13640 20d0b1d18bd0bbd0b0
13641 2077686973
13642 20626179
13643 20446f72
13644 656e63696e67
13645 207265706574
13646 206669636172
13647 706164
13648 20666f67
13649 75796f72
13650 20736e6170
13651 696274
13652 20736f626965
13653 206170706f696e746d656e74
13654 205279
13655 206365696c696e67
13656 6f75727365
13657 20777269746573
13658 2041666768616e697374616e
13659 206d6f73
13660 617a65
13661 2070656e616c
13662 206372797374616c
13663 494345
13664 eab090
13665 e99f
13666 205465736c61
13667 207468656f72696573
13668 2061707065616c
13669 206e6577737061706572
13670 20636f6f6b696573
13671 e6a9
13672 20d8a7d984d984
13673 206d616a
13674 2047657474696e67
13675 6b6f6d6d656e
13676 2048656176656e
13677 656c6c73
13678 20646976696e65
13679 c4ab
13680 20616b74
13681 20686f706573
13682 204368656e
13683 776567656e
13684 2a2a2a
13685 204672616765
13686 20d0bdd0b8
13687 e0b8b9
13688 6d696e6973746572
13689 6e65736f7461
13690 7768696368
13691 206578706c69636974
13692 20766572646164
13693 20677261647561746564
13694 205068696c697070
13695 514c
13696 204d49
13697 206465766f74
13698 2063757265
13699 20636c6f73657374
13700 20c384
13701 2073657879
13702 e3819b
13703 204465617468
13704 6f6b6f
13705 756775
13706 20416e6e65
13707 6974617269616e
13708 657361
13709 d0b5d0b3d0bed0b4
13710 20447572
13711 20303030
13712 7a656974
13713 20746f75726e616d656e74
13714 206d656c686f72
13715 e0b8aa
13716 20696e6475
13717 20666c6177
13718 2077617273
13719 204d696e64
13720 2049726f6e
13721 d182d0b0d0ba
13722 205652
13723 2073697a
13724 20536f75746865726e
13725 20eab7b8eb9faceb
13726 206177616b
13727 20ec959e
13728 2063756265
13729 62656c69657661626c65
13730 6966616c6c
13731 646973
13732 206162616e646f6e6564
13733 6d696e64
13734 207061726c
13735 20636c6173736963616c
13736 e88b
13737 e1bb9974
13738 204175746f
13739 20426f72
13740 e7a9
13741 343030
13742 20536f6369657479
13743 20737562746c65
13744 206d697373696f6e73
13745 2072656d656d6265726564
13746 20456974686572
13747 20646166c3bc72
13748 4f5244
13749 20696e74656e73697479
13750 4553494e
13751 20437570
13752 20726172656c79
13753 20746f7973
13754 20436861726c6965
13755 e1bb9f
13756 20676c61756265
13757 20726f756e6473
13758 54494e
13759 206361706162696c697479
13760 2064657269766174697665
13761 20726566657272696e67
13762 2064c3a5
13763 2054414c49
13764 20636f74746f6e
13765 20636f6e666572
13766 20636f6c756d6e73
13767 206c69626572616c
13768 206e756e6361
13769 20cebcceb5
13770 20696e646f
13771 6962656e
13772 20426569737069656c
13773 20eab7b8eba087
13774 20d183d187
13775 20686f79
13776 20667279
13777 2053636f7474697368
13778 e88a
13779 20636976
13780 20636f6e736572766174697665
13781 20616972706c
13782 20736172
13783 727573
13784 20696e766573746d656e7473
13785 20696e66696e697465
13786 20e0ae95
13787 2054414c494553494e
13788 2047617279
13789 75656c6c
13790 20d0b0d0ba
13791 20436972
13792 2072697475616c
13793 203e3e3e
13794 2074656d7074
13795 2054656368
13796 20506f6b656d6f6e
13797 20696d70726f76656d656e7473
13798 207370617265
13799 207472616e736c617465
13800 20736f6e7261
13801 2046696c6d
13802 776f7274
13803 20d0bcd0b8
13804 20706572696f6473
13805 206a65616c6f7573
13806 e38184e38184
13807 20746972
13808 4d49
13809 20636f6e647563746564
13810 20ec9588eb8595
13811 3039
13812 20506f6c6974
13813 2057686572656173
13814 206d6f697374757265
13815 2073696e73
13816 206b6170
13817 20d18dd0ba
13818 2062656e696d
13819 20656c696d696e617465
13820 206174686c65746573
13821 204d616e61676572
13822 206665617475726564
13823 61706f7265
13824 e4ba9b
13825 20ebb09c
13826 2070657266
13827 2054687573
13828 206465627574
13829 d0bed0b1d180
13830 207365c3b1
13831 206d7973746572696f7573
13832 776f726473
13833 94eab080
13834 20636865636b73
13835 20766f6c756e74656572
13836 2077617368696e67
13837 204d617276656c
13838 204142
13839 6973736f7273
13840 2127
13841 2046756c6c
13842 79656f6e
13843 207765696768
13844 204a4f484e
13845 20766f73
13846 2070726f63656475726573
13847 20616464726573736564
13848 204265726c696e
13849 7075746572
13850 2042616e
13851 206d656469636174696f6e
13852 2064726f6e65
13853 20d183d0b1
13854 204a65616e
13855 2063617073
13856 206469736170706f696e746564
13857 20776f7265
13858 20eab5ad
13859 206f7267616e697a65
13860 2048616c6c6f7765656e
13861 2066616e74617379
13862 79617264
13863 206e6f736f74726f73
13864 206a756d706564
13865 2070686f746f677261706879
13866 204e616d65
13867 726563
13868 4142
13869 20626c657373696e67
13870 2053687574
13871 20626974746572
13872 706f70
13873 e3819de3828c
13874 20646569
13875 2066756c66696c6c
13876 e79086
13877 2064656e67616e
13878 2062656c6f
13879 204d65616e7768696c65
13880 206465706f6973
13881 206469616265746573
13882 2062756e64
13883 205a65616c616e64
13884 20646967657374
13885 207469726573
13886 20646f64
13887 61676e65
13888 e1babf74
13889 207065656c
13890 20d0b7d0b0d0b1
13891 206e6f646573
13892 207472656e6473
13893 20537769746368
13894 204177617264
13895 204f726967
13896 2048616c
13897 206573746173
13898 20333630
13899 2073696d756c74
13900 20636f6d6963
13901 206dc3a0
13902 2062616c616e636564
13903 205072696e63657373
13904 206b696c6f6d6574657273
13905 e1bba9
13906 20706172746972
13907 eca491
13908 736f6674
13909 2056696577
13910 2062696f6c6f676963616c
13911 696e7374
13912 3434
13913 206d616e657261
13914 20636f6d70726568656e73697665
13915 20536162
13916 206372696d6573
13917 79657273
13918 20436f6d70616e79
13919 2050686f74
13920 20706f75636f
13921 696163
13922 206265696d
13923 696e617465
13924 2073756273657175
13925 204d61796f72
13926 2063656e747572696573
13927 c3a8726573
13928 ec9e96ec9584ec9a94
13929 20eab7b8eb9fbc
13930 2046726175
13931 204f48
13932 20eb819d
13933 204e6168
13934 20536572696573
13935 206f7665726e69676874
13936 ed9288
13937 20e280a2
13938 207472617665
13939 61747465726564
13940 207761727269
13941 204772756e64
13942 20496e646f6e6573
13943 2073637261
13944 6f6279
13945 2042726f6f6b
13946 2063757273
13947 20ebb8
13948 206578706c61696e73
13949 72616d61746963
13950 2070617274696369706174696e67
13951 206d696e7574
13952 20636f6e747261637473
13953 20676567656e
13954 206469736170706561726564
13955 20534e
13956 20726f62757374
13957 617068
13958 20736872696d
13959 20646576617374
13960 636f7065
13961 206d65657473
13962 20706561636566756c
13963 6d617465
13964 2077656c64
13965 20d7aa
13966 646f6e
13967 d183d182d18c
13968 2072656769737465726564
13969 204e696b
13970 6a696e
13971 20636176
13972 2065636874
13973 696f78
13974 20666c6f77696e67
13975 d0bdd0bed181d182d0b8
13976 20746f65
13977 20656e74697479
13978 d0bed0b2d0b0
13979 66697473
13980 205061747269636b
13981 d182d180
13982 206c65766572616765
13983 20636f7272656c
13984 696168
13985 20737472696e6773
13986 697374696e6374
13987 20677565
13988 6172636879
13989 2074656e676f
13990 c4b16dc4b17a
13991 206f72626974
13992 e4b8ba
13993 20d0b5d189d191
13994 63616b65
13995 20d79cd794
13996 204d696e6e65736f7461
13997 206272616b65
13998 6f776965
13999 2063726177
14000 eab8b0eba5bc
14001 2070726f6772616d6d65
14002 20d181d0bbd183d187
14003 e58faa
14004 69656e636573
14005 204f7569
14006 2050657273
14007 696d69656e746f
14008 20496e76657374
14009 20736c6f776572
14010 e69982e58099
14011 2042657468
14012 206e75727365
14013 20537072696e67
14014 5370
14015 20756e656d706c6f79
14016 d0b4d0b8
14017 2067656e697573
14018 204161726f6e
14019 20eab7b8eb9fac
14020 206569
14021 e38197e38287
14022 2074616e6b73
14023 2061756a6f757264
14024 20636f6d706c6578697479
14025 20d180d0b5d188
14026 206f6c64657374
14027 206c65747a
14028 e585a5
14029 207068656e6f6d656e6f6e
14030 7072696e74
14031 2042756e646573
14032 69746174
14033 eabb98
14034 203432
14035 205769
14036 20696e636f6d
14037 2067656b
14038 20656d6272616365
14039 2074696573
14040 6f757465
14041 20646f7365
14042 20467269656e6473
14043 d18bd182
14044 d0b5d0b3d0bed0b4d0bdd18f
14045 206f7267
14046 84eba19c
14047 c3b367
14048 20657863656564
14049 20676f6473
14050 20eab1b0ec9888ec9a94
14051 20736f63696574
14052 20556e6976657273
14053 6974c3a474
14054 20776f7264656e
14055 20736d6f6b696e67
14056 20696e74656e73
14057 6162756c
14058 656d6961
14059 e891
14060 3437
14061 666c79
14062 2032303036
14063 20536572696f75736c79
14064 2070727a657a
14065 e6bc
14066 637265
14067 206e616e
14068 206d6f646573
14069 d0bed0b2d0b0d182d18c
14070 2048616e67
14071 656d656e
14072 2062656e6566696369616c
14073 20766f74657273
14074 2042726f6164
14075 2062656e74
14076 576f77
14077 206d756c
14078 e593a5
14079 205543
14080 2064616d61676564
14081 20556b7261696e65
14082 2077697065
14083 2073746f6e6573
14084 206d616e6167657273
14085 20726162
14086 d181d182d180d0be
14087 6c6174
14088 2064656365
14089 2067726170686963
14090 20666f7373
14091 206469736167726565
14092 20416d656e
14093 2073656372657473
14094 686f6c65
14095 696e6b6c65
14096 20666f7274756e617465
14097 20ecb1
14098 ec9c84
14099 e890ac
14100 20686162697473
14101 20627572696564
14102 2068696e
14103 207669727475616c6c79
14104 6f6c6173
14105 205250
14106 20546162
14107 6c6f77
14108 207361637269666963
14109 20657374696d61746564
14110 6f6c6e
14111 d98b
14112 637572
14113 204665656c
14114 20636173746c65
14115 207573656c657373
14116 2064697367
14117 204a61636f62
14118 206761616e
14119 20757073696465
14120 20706172656365
14121 e383b3e383
14122 207368697070696e67
14123 204352
14124 2064697372757074
14125 6163746572
14126 554e44
14127 6675
14128 e5ae8c
14129 205069636b
14130 20436861726c
14131 2042756c6c
14132 20656e7465727072697365
14133 2070756e6973686d656e74
14134 61636b696e67
14135 206672616374696f6e
14136 207461626c6574
14137 2063686f7264
14138 2073696d696c61726c79
14139 e585b6e5afa6
14140 20546f726f6e746f
14141 20636f75727473
14142 c49f6c
14143 65737a637a65
14144 2070726f6e6f756e
14145 20536973746572
14146 204d50
14147 2067726561746c79
14148 2044616e6b
14149 69636f70
14150 2067617262616765
14151 207265736f6c7665
14152 20536166
14153 2047756e
14154 20636f6d706f756e64
14155 20ebb0b0
14156 204d7573696b
14157 e299ab
14158 206368616f73
14159 205768656e65766572
14160 206575726f73
14161 206f726368657374
14162 207265667269676572
14163 616c616e
14164 e0b8b7
14165 20416d617a696e67
14166 20707564
14167 6167616e
14168 206a65737a637a65
14169 697379
14170 206163637572616379
14171 20416d61
14172 69736f6465
14173 eb8c80
14174 20696e746572707265746174696f6e
14175 204c69626572
14176 e6b7
14177 63616d
14178 2065766f6c766564
14179 204b6179
14180 d186d18b
14181 2063726561746f72
14182 69746173
14183 20616c61726d
14184 2063656c6562726174696f6e
14185 7a656e74
14186 2066756e63696f6e
14187 206f76
14188 756d626c696e67
14189 2025
14190 e0b888
14191 207265737472696374696f6e73
14192 20d0bdd0b0d0b2
14193 204b696e646572
14194 2062616e616e61
14195 d18cd18f
14196 206469616d65746572
14197 206e6f72746865726e
14198 7572657273
14199 20506173
14200 e68891e79a84
14201 20776f726b666f726365
14202 206a756e67
14203 2067756172616e7465
14204 20657175696c6962
14205 207375697465
14206 206575726f
14207 2064656c69626572
14208 537465
14209 20646f776e746f776e
14210 206368696e
14211 20636f646573
14212 65646961
14213 207368656570
14214 726573686f6c64
14215 776e6965
14216 c3b362
14217 20756e6465726c79696e67
14218 6c6961
14219 6a6572
14220 cf80cf8c
14221 e79d
14222 7468726f70
14223 207a6170
14224 2076616375756d
14225 20486162
14226 2077726170706564
14227 eca2
14228 20696e76656e746f7279
14229 d0bcd0b0
14230 20636f6f7264
14231 20706c61746573
14232 2073796d6d
14233 5465
14234 2077c58261c59b6e6965
14235 2072656163686573
14236 206c6f6e656c79
14237 536372697074
14238 6c6565
14239 6573736572
14240 20eab1b8
14241 204765736368
14242 204d6f76696e67
14243 2072c3a970
14244 2056696c6c
14245 e59088
14246 2052616368656c
14247 2074656d6f73
14248 4f4e45
14249 2073747261696e
14250 20616e67656c
14251 2066c3a5
14252 5472
14253 206163686f
14254 20686967686c6967687473
14255 20576572
14256 204361726c
14257 20626c7572
14258 2072656761726473
14259 c2b7
14260 d0b8d0bbd181d18f
14261 207265637265
14262 2059616e69
14263 55434b
14264 a0b8
14265 20656c656374726f6e73
14266 20537069656c
14267 20766564
14268 dabe
14269 206265616d
14270 206964696f74
14271 eb93a4
14272 d0bdd0b0d187
14273 696464
14274 20736b69
14275 69746174697665
14276 206879706f74686573
14277 e381a7e38199e381ad
14278 656e746572
14279 20ec9584eb8b88eb
14280 2069687265
14281 2070726576696577
14282 616e67656c
14283 2064656d6f6e
14284 20647573
14285 20646963
14286 204b6f6d
14287 4c4559
14288 2e2e2e21
14289 207369656874
14290 20536f6e6963
14291 2074656e686f
14292 616e6173
14293 206469676974
14294 204d616172
14295 20756e64657267726164
14296 6f756e636572
14297 75666679
14298 20636f6e76657273696f6e
14299 20646973636f6e6e656374
14300 206563686f
14301 6f6d6572
14302 20637572726963756c756d
14303 207065726368c3a9
14304 2077616e64
14305 2e2e3f
14306 20726f6c6c6564
14307 20656e7472657072656e657572
14308 207468656f726574
14309 20d189d0be
14310 20696e736967687473
14311 207a7573616d6d656e
14312 6f696e
14313 72657474
14314 70726f6475
14315 2076697369746f7273
14316 656f7573
14317 206772616e646d6f74686572
14318 2068756d6f72
14319 20d0bdd0b8d185
14320 7a656e6961
14321 696e736f6e
14322 207265736574
14323 206261736562616c6c
14324 206d61746368696e67
14325 eb8ba4eab080
14326 2070756e746f
14327 eca1
14328 2072656465
14329 2061646472657373696e67
14330 20666f726563617374
14331 20426f6c
14332 20636f6c6f726564
14333 20646f63756d656e746174696f6e
14334 206578706563746174696f6e
14335 204e6f72746865726e
14336 206372656f
14337 20e0ae9a
14338 666f6e
14339 20756e73657265
14340 554d
14341 20636f70696573
14342 20657870616e646564
14343 207665746572616e73
14344 20416c6d
14345 20d0b2d0bed0bed0b1d189d0b5
14346 2070737963686f6c6f676963616c
14347 206e6f73736f
14348 207061796d656e7473
14349 696d6574657273
14350 202d2d3e
14351 204a656e6e69666572
14352 20766f6c756e7465657273
14353 6f737365
14354 6f72696f7573
14355 20d0b1d18bd0bbd0b8
14356 e882
14357 20457373
14358 7773
14359 204243
14360 204943
14361 576f6d616e
14362 20766f6e74
14363 206574686e6963
14364 454e4e
14365 d0b8d0bcd0be
14366 206c6f62
14367 206f7569
14368 6373
14369 2072656865
14370 20eca081
14371 20636869636b
14372 c3ba73696361
14373 206b6f6e74
14374 204469737472696374
14375 2070696c65
14376 20d0b0d0b2
14377 d0b5d0b9d181d182d0b2
14378 20c2a3
14379 20697373756564
14380 20d0bad0bed0bcd0bf
14381 2070726f73706572
14382 2070726f666f756e64
14383 2044656172
14384 20e38193
14385 2066756e646564
14386 2062697361
14387 9e98eb
14388 d79f
14389 20ec9d98
14390 207477656c7665
14391 204368616d70696f6e73
14392 e99d9ee5b8b8
14393 d181d0bb
14394 2032303035
14395 706d
14396 206f6e6465
14397 2064696666c3a9
14398 204368616c6c
14399 20646966666963756c74696573
14400 20676172616765
14401 2064c3a1
14402 c3bc6e6b
14403 20ebacbc
14404 207472616e
14405 207375626d6974746564
14406 7a77
14407 d988d8a7
14408 2061726b
14409 20ec84b1
14410 2067726f63657279
14411 d0bed0bdd0b0
14412 69657265
14413 2061657374
14414 2065786869626974696f6e
14415 2072c3a973
14416 20636f6e73697374656e6379
14417 20636f6f6b6965
14418 d0bdd0b5d0b9
14419 207265706c6163656d656e74
14420 e6b2b9
14421 2053656d
14422 20ec82acec9aa9
14423 383030
14424 2067656e6573
14425 207472616e73616374696f6e
14426 20454c
14427 20647572616e7465
14428 69626c6573
14429 20456174
14430 7461696c
14431 697373616e6365
14432 20746f7373
14433 207375727669766564
14434 206f666669636573
14435 20737570706f7274697665
14436 5768657265
14437 20746f75746573
14438 20eba789
14439 206a6f6b6573
14440 6965726f6e
14441 6170657273
14442 206d6174757265
14443 204d61727368
14444 207369646f
14445 6b696e64
14446 207265616c6d656e7465
14447 2043686566
14448 207175656c717565
14449 206a7564676573
14450 656674
14451 455253
14452 206a6574
14453 20706572736f6e73
14454 e8bb
14455 697a6174696f6e73
14456 72696b
14457 2073686f7073
14458 205779
14459 20656c6567
14460 7175c3a8
14461 71756f69
14462 206a756761
14463 20ed959cebb288
14464 205175657374696f6e
14465 20476c6f62616c
14466 20ec95bdeab084
14467 2053746174696f6e
14468 e68ea5
14469 204f68696f
14470 20737469636b79
14471 207374726573736564
14472 2067c3bc6e
14473 20ed9d
14474 d181d182d183d0bf
14475 e9a18c
14476 20506844
14477 696d6d6572
14478 206d656e746f72
14479 20696e76656e746564
14480 207265756e
14481 20696e65766974
14482 20706f6cc3ad74
14483 2065786563757465
14484 2053746f7279
14485 206f75747374616e64696e67
14486 2067756572
14487 205261696e
14488 2063686f736573
14489 20546974
14490 20d181d0b5d180
14491 2053696e6761706f7265
14492 204e6f6e65
14493 206368726f6e6963
14494 b0eb8db0
14495 2065676f
14496 e6a0b7
14497 455354
14498 e38182e3828a
14499 2057616e67
14500 204e4154
14501 20617567
14502 206465736b746f70
14503 20657465726e616c
14504 20ec82acec8ba4
14505 20436f6e737469747574696f6e
14506 ec82aceb
14507 d799d79c
14508 70726573
14509 20d0a2d18b
14510 20696e74657266
14511 206c69737473
14512 20666967687473
14513 6674656e
14514 20496f7761
14515 206d6f74697661746564
14516 20486f7370
14517 20656c73657768657265
14518 207061746873
14519 20696e7374616e636573
14520 426c
14521 72616e6765
14522 e1bbb1
14523 20536974
14524 6d616e61
14525 20ec8b9cec9e91
14526 206dc3ac6e68
14527 616e736173
14528 20736e61
14529 207068696c6f736f7068
14530 207061737365
14531 c6b0e1bb9d69
14532 616b68
14533 656e74616c
14534 2069686e
14535 727563746f72
14536 20d0b2d0b0d188
14537 2067656e65726f7573
14538 207069766f74
14539 d0bfd0bed0bb
14540 206a616d616973
14541 20636f6d656e74
14542 204c6577
14543 6f647a69
14544 2058626f78
14545 20d0b2d0bed0b4
14546 20636f6e73656e74
14547 89ec9ea5
14548 20646973706172
14549 6c617373
14550 20476f7665726e6f72
14551 42656966616c6c
14552 20eab09c
14553 2062656c6f766564
14554 d7a0d795
14555 73656c6c
14556 20686f6e6f726564
14557 6c6568
14558 2077c3a47265
14559 756e74696e67
14560 206672617564
14561 2052414d
14562 eab1b8
14563 206b696c6c73
14564 2065636f6e6f6d696373
14565 3034
14566 d0bfd0b5d180
14567 20636f69736173
14568 20d0b8d0b3d180
14569 c3ad6d
14570 206dc3b663687465
14571 20ecb59c
14572 207374696d756c
14573 2066617374657374
14574 6c76
14575 2067c3a96e
14576 20536f756e6473
14577 2031393730
14578 20686f6d65776f726b
14579 737065616b696e67
14580 20656e636f75726167696e67
14581 207175657279
14582 20726576657273
14583 70726f666974
14584 206479
14585 20ec9e91
14586 eb8a94eb8db0ec9a94
14587 20736f6170
14588 2047616c6c
14589 20434e
14590 20416e73
14591 20666963
14592 616e6b73
14593 2064657373657274
14594 20eca080ed9dac
14595 204d616b696e67
14596 20636f6d65c3a7
14597 eab384
14598 206173736f63696174696f6e
14599 446164
14600 686565
14601 20686f6779
14602 206170726f
14603 20696e76697369626c65
14604 416d65726963616e
14605 ed8e
14606 2076696265
14607 20656d697373696f6e73
14608 206164766f63617465
14609 206b69636b6564
14610 2076656c
14611 2073756d6d6172
14612 20667265616b696e67
14613 6368726f6e
14614 2070696e6368
14615 2077737a7973746b
14616 697363616c
14617 2070726f766564
14618 206d696e6466756c
14619 2074c3a4
14620 206e6f69736573
14621 2069736f6c61746564
14622 2063726f73736564
14623 20eab095
14624 20766f696cc3a0
14625 2063686f7265
14626 205241
14627 436f6d
14628 2072656c61786564
14629 6174726f
14630 2070726576656e74696f6e
14631 566f6963656f766572
14632 4f44
14633 20436f766964
14634 2073657061726174696f6e
14635 202d5b
14636 d0b8d187d0b5d0b3d0be
14637 e799bc
14638 205344
14639 626c656570
14640 20696e646570656e64656e6365
14641 207061727469616c
14642 20616c676f726974686d73
14643 20416e796f6e65
14644 206173736f6369617465
14645 68756d
14646 6963756c6172
14647 2062e1baa16e
14648 20626174746c6573
14649 476f6f64
14650 4170706c61757365
14651 2062617374616e7465
14652 20616476616e74
14653 205377656574
14654 2072656675736564
14655 e382b8
14656 20d182d0b5d0b1d0b5
14657 706c6574
14658 20656e636f757261676564
14659 e593a6
14660 206d697261636c65
14661 2042756e
14662 20566172
14663 72696d696e6174696f6e
14664 656c656374
14665 204d756c74
14666 2064656c69766572696e67
14667 65696e67
14668 20636d
14669 6e65686d656e
14670 204c696e65
14671 20eba78c
14672 656e636564
14673 20536f756e64
14674 20436f6e74696e
14675 696a64
14676 554e47
14677 6b6c65
14678 207468726573686f6c64
14679 20636f6d70616374
14680 616474
14681 20746f6573
14682 20507572
14683 6f776e6564
14684 6d656e746564
14685 2064657369676e696e67
14686 2076616363696e61746564
14687 2065786861757374
14688 20626173696373
14689 20636f6e7369737473
14690 20477579
14691 61637a79
14692 206dc3ad
14693 776f6e
14694 e5aeb3
14695 203835
14696 e682
14697 206d756d
14698 2069676e6f72
14699 207072696e74696e67
14700 6163756c6172
14701 706f77
14702 20657870616e64696e67
14703 20676972
14704 20436162
14705 ed98b8
14706 d182d18cd181d18f
14707 20ec97aceb9facebb684
14708 20616e676c6573
14709 207465726d696e616c
14710 20576f6e
14711 20496e746572657374696e67
14712 2063726f7373696e67
14713 20626f6e6473
14714 2070756564656e
14715 206f7262
14716 6c6172c4b16e
14717 20637265657079
14718 206e7574726974696f6e
14719 20616c6c696573
14720 20776972656c657373
14721 2064657369726564
14722 20636f6d70757465
14723 204172697a6f6e61
14724 2042656175746966756c
14725 2070726f6475636573
14726 206e75657374726f
14727 746564
14728 20656c696769626c65
14729 20d181d0bed0b7
14730 696369616c
14731 204865726f
14732 20636f6e73756d65
14733 20726f626f7473
14734 20707572636861736564
14735 636369c3b36e
14736 20697a
14737 c6b0e1bba363
14738 ceafcebdceb1ceb9
14739 20d8a3d986
14740 20736861646f7773
14741 204d65646961
14742 207072696e63657373
14743 206b6c6172
14744 20776f6f64656e
14745 2075736172
14746 2067c3bc7a656c
14747 20736c6f74
14748 72616465
14749 20eb92
14750 206861726d6f6e
14751 20696e6772656469656e74
14752 6f7273686970
14753 656b69
14754 206772616e64666174686572
14755 206578636974656d656e74
14756 20706f6c6974696369616e73
14757 2e2e21
14758 206f757473
14759 2073657061726174656c79
14760 20d18fd0ba
14761 2057656c74
14762 20506f77
14763 6a616e
14764 206f7269656e746174696f6e
14765 e58f8b
14766 4c43
14767 6167656d
14768 db8cdaba
14769 e59097
14770 206272616e63686573
14771 6164656e
14772 72656e7465
14773 20496872
14774 61736d
14775 20657374c3a36f
14776 204e6963
14777 20736c617665
14778 20636f6d7072657373
14779 63726f7764
14780 20636c696d62696e67
14781 204d616e6167656d656e74
14782 20426168
14783 2070616e6963
14784 206b6f72
14785 20636f6f6c696e67
14786 2062696e64
14787 20d0b7d0b0d0b4
14788 207261636b
14789 20656e746974
14790 2073656e6473
14791 20796f757273656c766573
14792 646573
14793 204d75736c696d73
14794 20ed9a
14795 69736d61
14796 6379636c65
14797 756e6b74
14798 20436f7265
14799 20696e6a7572696573
14800 206964656e746963616c
14801 d0bad0b0d18f
14802 20446575747363686c616e64
14803 20d0b5d0b5
14804 6973616e
14805 2074727563
14806 6c65746f6e
14807 206261636b7570
14808 20756c747261
14809 206162756e64
14810 696c6c65757273
14811 206279c5826f
14812 e58583
14813 6f72746564
14814 2065617274687175
14815 20d0bad0bb
14816 206f62736572766174696f6e
14817 206d61696e74656e616e74
14818 656c656e
14819 20736574746c6564
14820 2070656c61
14821 2045636f6e6f6d
14822 20d5
14823 207374656572696e67
14824 20414c4c
14825 2043686572
14826 2070617469656e6365
14827 20536e6f77
14828 20626f72
14829 20776f72746879
14830 2063c3a169
14831 20d7a7
14832 20cebaceb1
14833 646f67
14834 204b6172656e
14835 696c6c6573
14836 ceb2
14837 206167726963756c74757265
14838 d795d79f
14839 205365616e
14840 2073656e736f7273
14841 ed95b4eb
14842 616768
14843 207075626c69636c79
14844 2070657578
14845 20416c6578616e646572
14846 207072696f726974
14847 206c617a79
14848 6172646f6e
14849 6174746572696e67
14850 20636f7374756d65
14851 d8b3d8aa
14852 e8bf98
14853 20756e77
14854 d09b
14855 20746869636b6e657373
14856 717569746f
14857 67756e74
14858 6973746173
14859 6e657973
14860 20eb9098eab28c
14861 2042726173696c
14862 20746f6b656e
14863 20616666696c69
14864 6c6f6e
14865 2066c3a572
14866 204265616368
14867 207769746368
14868 20536576656e
14869 2070616e74
14870 cebbcebb
14871 206361707461696e
14872 e59d
14873 2076657574
14874 20706f75766f6972
14875 61637a
14876 2042617262
14877 207574696c697479
14878 20636f6e74656d706f72617279
14879 206f627461696e6564
14880 207061696e74696e6773
14881 656172
14882 207065616e
14883 204f67
14884 2063757374
14885 d0bbd0b5d0bc
14886 8298eb
14887 204973736f
14888 2061636f6e7465
14889 2054656c65
14890 20417373697374616e74
14891 c389
14892 ed9688ec8ab5eb8b88eb8ba4
14893 20636f756e7473
14894 206275636b
14895 2044656570
14896 207461636b6c65
14897 206861727368
14898 2064656369646573
14899 e9979c
14900 2ee2808b
14901 e9828a
14902 20416e67656c
14903 206c6179696e67
14904 2063616c6f72696573
14905 20636f6e74726f6c6c696e67
14906 20616476616e7461676573
14907 20d18dd182d0bed0b9
14908 20617070726f616368696e67
14909 2074687265617473
14910 616b616e
14911 656d61746963
14912 6d616e6e
14913 eab3b5
14914 6d756d626c6573
14915 616369c3b3
14916 206d61696e7461696e696e67
14917 20666f756e646572
14918 6c6168
14919 6669676874
14920 2061646d6974746564
14921 e280a62e
14922 958c
14923 61626f6c
14924 207573616765
14925 206e6f6e73656e7365
14926 2050616c657374
14927 20636f6e747265
14928 2044656d6f637261746963
14929 204552
14930 6a656b74
14931 206172626974
14932 20d0b3d0bed0bb
14933 204d696368656c6c65
14934 6963686572
14935 657368
14936 2050686f
14937 d0bad0bed0bc
14938 3439
14939 20456e65726779
14940 cebfcf8d
14941 2063656e7473
14942 20726566657273
14943 20676f7370656c
14944 20536861
14945 205368617265
14946 d799d7a0
14947 20636c696e6963
14948 20eb84a3
14949 20657175616c697479
14950 756773
14951 2073686564
14952 20706c616e6573
14953 20746f757465
14954 7265636b
14955 20737472616e64
14956 2062696f6c6f6779
14957 206c6561677565
14958 20506f6b
14959 206ec3ba6d65726f
14960 20436f617374
14961 20636f6e73697374656e746c79
14962 206e75636c65
14963 4f4f4f4f
14964 206f626a6574
14965 2063686f72
14966 2067696e676572
14967 206461626569
14968 20636f6f7065726174696f6e
14969 e0af8d2e
14970 6e74656e
14971 e7a4
14972 6cc3a0
14973 ec9691
14974 7261646f
14975 2070617373697665
14976 20676c6f766573
14977 20756e64657267726f756e64
14978 206c6f676963616c
14979 206b6574
14980 2066756e6374696f6e616c697479
14981 b8eba6ac
14982 20706f7274616c
14983 656c6c6572
14984 d799d7a8
14985 20546564
14986 20477265
14987 909c
14988 20706572736f6e6e656c
14989 20656d657267696e67
14990 2046c3bc72
14991 206d65616e74696d65
14992 7573616c656d
14993 20436c656172
14994 2074726170706564
14995 20ec9ab0
14996 20646973706c
14997 206d6574747265
14998 206d756e69636970
14999 207769746864726177
15000 2073706174
15001 756e6573
15002 206163636573736962696c697479
15003 e68891e4bbac
15004 206170617265
15005 2070726f7370656374
15006 20d0bdd0b0d0b7
15007 20636f70706572
15008 2050524f
15009 cf85cf84
15010 2061747461636b696e67
15011 2056696e
15012 2053746f6e65
15013 20696e766573746967617465
15014 7374796c65
15015 20cebb
15016 eba19d
15017 eba788
15018 20696e7370656374
15019 206c69766572
15020 d0b0d0bbd0b8d181d18c
15021 2073657261
15022 68616c74656e
15023 656d616e
15024 206d696e6973747279
15025 2727
15026 20646f7473
15027 e3858be3858be3858be3858b
15028 d183d181d182
15029 204a616b
15030 414b45
15031 2067617073
15032 75636b6572
15033 20d0b8d0bdd182d0b5d180d0b5d181
15034 20456d696c79
15035 20696e74657276616c
15036 2074656e646572
15037 20546563686e6f6c6f6779
15038 67616d65
15039 2074726962
15040 d984d8a7
15041 20446576656c6f706d656e74
15042 d985d8a7
15043 207772697374
15044 206669726573
15045 207461726765746564
15046 eca090
15047 20736f64
15048 ed9a8c
15049 206f6c6475c49f
15050 20736561736f6e73
15051 76656e74696f6e73
15052 20d0bdd0b5d0b3d0be
15053 20736f6d6574696d65
15054 d0bbd0b8d0b2
15055 6ec3a9
15056 2074c3ba
15057 2044657573
15058 20657865637574696f6e
15059 c3a170
15060 204368616e6765
15061 20496e64656564
15062 20726567756c6174696f6e
15063 2048756e67
15064 c3a96973
15065 20776973686573
15066 206a617a7a
15067 207374727563747572616c
15068 20626c6f77696e67
15069 206279c487
15070 20746865726d616c
15071 7068616e74
15072 d180d183d0b7
15073 d0b0d0bdd182
15074 2050756c6c
15075 20636f6e667573696f6e
15076 d0bdd18bd0bcd0b8
15077 207363656e6172696f73
15078 eca081ec9cbceba19c
15079 20d0b4d0b5d182
15080 20746174746f6f
15081 206175747265
15082 2068656174696e67
15083 207472656174696e67
15084 20d0bfd0bed0bdd0b8d0bc
15085 206578636c7573
15086 204c4f4c
15087 77656172
15088 61676c65
15089 207a7572c3bc636b
15090 20726174696f6e616c
15091 7375
15092 206465746572
15093 204e6174697665
15094 e0ae95e0aeb3
15095 6163686564
15096 20e383
15097 20456e746f6e636573
15098 20686f7261
15099 ec9db4ec9790ec9a94
15100 206c697465
15101 c3ab
15102 207369787468
15103 20d0b1d0bed0bbd0b5d0b5
15104 6163746f72
15105 2070737963686f6c6f6779
15106 e79bb8
15107 2064656d616e6473
15108 2070656572
15109 206e65776c79
15110 20575745
15111 446f6e616c64
15112 20426f78
15113 2070696e65
15114 206c6f6164696e67
15115 204e69636f
15116 2073c582
15117 6f6d6d65
15118 415254
15119 2072656372756974
15120 2062756773
15121 6172656e7473
15122 20d0bfd180d0bed0b1
15123 20496e73696465
15124 6970706572
15125 6472616d61746963
15126 20706c616e657473
15127 6f726465
15128 20796f6761
15129 6368696c64
15130 204d61726965
15131 20e38182
15132 20424c
15133 2066696c6d6564
15134 2072656672657368
15135 20746f6d61746f6573
15136 20666574
15137 5175c3a9
15138 202121
15139 20eb82b4eb
15140 72696e65
15141 20696e746572616374697665
15142 73616c
15143 616e6e6168
15144 70657a
15145 e7b693
15146 20756e6465727374616e6473
15147 20546f6b796f
15148 206c6962726172696573
15149 20726561646572
15150 9190
15151 6f7a
15152 20456e6465
15153 20466c6f
15154 206d696c64
15155 20706f65747279
15156 20d0b6d0b8d0b2
15157 e6849b
15158 20626568617665
15159 20646f656e
15160 20537573616e
15161 70616765
15162 726168616d
15163 20636f6d6d756e69636174696f6e73
15164 2074756e696e67
15165 20706163
15166 20616e78696f7573
15167 494f
15168 4d61726b
15169 206869c3a7
15170 626f6f6b73
15171 2070697373
15172 20656e61626c6564
15173 616368656c6f72
15174 20464f52
15175 20c3a963
15176 205452
15177 696c7374
15178 686174
15179 20ec9d8c
15180 2074796368
15181 206a6172
15182 206275696c6473
15183 20417267656e74
15184 20696e7465726d656469
15185 206c6f75
15186 20617261
15187 2061737369676e6d656e74
15188 20636162696e6574
15189 207265746972656d656e74
15190 e381bb
15191 2064697361626c6564
15192 72696361
15193 20617761726473
15194 20626f6f7473
15195 2061636b6e6f776c6564
15196 20746879
15197 20eab5ac
15198 2073796e64
15199 d0bdd0b8d0b9
15200 696c746f6e
15201 2070726f626c
15202 2046616c
15203 2076657264616465
15204 20373030
15205 204c6561726e696e67
15206 6f637573
15207 2070616c616365
15208 4e6f74
15209 7461696e
15210 636d
15211 206d61676e6574
15212 696e636f6c6e
15213 206669677572696e67
15214 204c796e
15215 20426f7373
15216 20564f
15217 20646961676e6f736973
15218 206571756970706564
15219 7761746368
15220 696e6f73
15221 6164657273
15222 207368656c66
15223 206f7267616e6973
15224 206e6f64
15225 206bc4b17a
15226 7070657273
15227 20726573746f7265
15228 206172746963
15229 20566f696365
15230 c4b1796f72756d
15231 eab2a9
15232 20737072656164696e67
15233 2068697073
15234 2077617264
15235 7572656175
15236 20696e74657273656374696f6e
15237 3636
15238 203339
15239 e7b3
15240 20776169746564
15241 ecb4
15242 68686868
15243 20647973
15244 20454e
15245 206261746368
15246 20636166
15247 206d61726b6572
15248 e5a4a7e5aeb6e5a5bd
15249 6f7261626c65
15250 c3b3726961
15251 2073746570706564
15252 2063656c6562726174696e67
15253 d0b0d0bdd0b0
15254 20776f726e
15255 20466f6c
15256 20706c61
15257 20617474656d707473
15258 207477656574
15259 2072757374
15260 67656e6365
15261 ed86b5
15262 20726576656c
15263 20726563657074
15264 656e657373
15265 202828
15266 e383bce383
15267 21e2808b
15268 20ec8690
15269 20696e666c75656e636564
15270 d0b8d0b6
15271 20d0bad0bed0bdd0b5d187d0bdd0be
15272 20636f6c6c65676573
15273 696f6e69
15274 20736167
15275 416e6e
15276 6f6c6172
15277 2065787072657373696f6e73
15278 207375697473
15279 206f776e657273686970
15280 656c616e64
15281 7069656365
15282 e6808ee4b988
15283 206465737075c3a973
15284 2074656c
15285 20696e73756c74
15286 20eab589ec9ea5
15287 20536d616c6c
15288 204652
15289 6f6b61
15290 62657272696573
15291 20416e746f6e
15292 d0b5d0bbd18f
15293 d18fd181
15294 2076616c7665
15295 61637473
15296 20776f6f6473
15297 e0aea3
15298 2063756c746976
15299 2066c3a1
15300 e381a8e38184e38186
15301 20636865657273
15302 20617373756d7074696f6e
15303 206669746e657373
15304 c3ad63756c
15305 20706f6472
15306 2077656974
15307 2048696e64
15308 206469676e
15309 20d0b7d0bd
15310 207371756164
15311 2064657374726f
15312 63657265
15313 7368697274
15314 696d6d74
15315 656e67657273
15316 2073c3a4
15317 6bc5826164
15318 20c899
15319 206f63636173
15320 20eca484
15321 2070726f636573736f72
15322 20444d
15323 204461646479
15324 20736f6f6e6572
15325 207374726169676874666f7277617264
15326 206465706172746d656e7473
15327 204368726f6d65
15328 20776f726b706c616365
15329 20507974686f6e
15330 206d656e67
15331 2044414e
15332 20496365
15333 20eb8888
15334 204769
15335 20686972696e67
15336 206c616e646564
15337 2064656d6f637261746963
15338 6965647a
15339 e38198e38283
15340 20736576
15341 69636961
15342 20657370656369616c
15343 204e6f7573
15344 2068c3a474
15345 20626f75
15346 70657274
15347 6965737a
15348 e59180
15349 2076696c
15350 c59b6c69
15351 20c3ae6e
15352 206c6f73736573
15353 e995b7
15354 20746f617374
15355 207265616c6d
15356 2041757374696e
15357 20496e666f726d6174696f6e
15358 20726573756d65
15359 206368617365
15360 2073616c617279
15361 20ebb684
15362 d0bbd0b8d187
15363 20d181d0bbd0b5d0b4
15364 2046757274686572
15365 20636172696e67
15366 20766967
15367 2076616c6f72
15368 e8bf99e4b8aa
15369 20d187d0b0
15370 20616e616c7974696373
15371 20676c6f6265
15372 204d414e
15373 206e656c
15374 ec9db4ec95bc
15375 9fbc
15376 206f79
15377 ed9598ec84b8ec9a94
15378 6a656e
15379 2074726f75626c6573
15380 6168616861
15381 206368757263686573
15382 756574
15383 206d6561737572656d656e7473
15384 62696c
15385 ecbd
15386 6966756c6c79
15387 d0b8d0bdd183
15388 2057696c736f6e
15389 a6b4
15390 20ed8c8c
15391 20ecb0a8
15392 2070c3ba626c6963
15393 204a65727573616c656d
15394 206e61696c73
15395 207370696e65
15396 2068656d6f73
15397 207a6e
15398 71756973
15399 204c6562656e
15400 207265666572656e636573
15401 495448
15402 69706572
15403 20d181d0b5d0b1d18f
15404 ec81
15405 205761
15406 7374617465
15407 a79d
15408 e585b1
15409 2047656e6572
15410 2061637472657373
15411 20456e6a6f79
15412 e0b983
15413 20d792
15414 20696e666563746564
15415 207368616b696e67
15416 206e69636b
15417 e0b8b8
15418 20666f74
15419 206163636f6d706c6973686564
15420 756b65
15421 20736865657473
15422 2066656e6365
15423 206e757273696e67
15424 20696e74726f647563696e67
15425 2066656174
15426 4f6e65
15427 544f
15428 20636c756273
15429 204272756365
15430 6f6e6765
15431 6368616e6765
15432 204261746d616e
15433 e58fb0
15434 204f666669636572
15435 20687964726f
15436 20737570706c656d656e74
15437 2063656c61
15438 206c6f6e67657374
15439 20636f6d706574696e67
15440 20636f6e6865
15441 676976696e67
15442 20627261696e73
15443 206c6f616e73
15444 2077616765
15445 20436c696e746f6e
15446 2073c483
15447 616e656f7573
15448 206c6f7264
15449 d180d183d0b6
15450 207175697a
15451 207374696666
15452 204c4742
15453 737a
15454 4d45
15455 6d617265
15456 7468657265
15457 206ec3a472
15458 204d616e64
15459 6c617374
15460 20646167
15461 2068616c66776179
15462 2042616e64
15463 20eb8ba4ec8b9c
15464 204172656e
15465 20696c65
15466 504e
15467 656e746f
15468 20616c67756d
15469 20736f63636572
15470 20626c6f636b6564
15471 204a6f6e617468616e
15472 20736577
15473 2054657374616d656e74
15474 2076616c65
15475 20626568617669
15476 e5a78b
15477 20636f6e6e61
15478 494348
15479 2061756469656e636573
15480 6d6c
15481 616d6d6164
15482 20ec82b4ec
15483 494748
15484 207261636573
15485 656d6564
15486 206de1bb9974
15487 c3af
15488 206f76657273
15489 206465636c61726564
15490 2073616e61
15491 20556e61
15492 20d180d0b5
15493 75636b73
15494 207061697273
15495 20616e6765
15496 4e65
15497 20757073
15498 617679
15499 c3b872
15500 7265656b
15501 206265686176696f7273
15502 207265666c6563746564
15503 207072696f726974696573
15504 20636f6e6475
15505 2072657472656174
15506 20657870656e736573
15507 20ebb490
15508 20747269706c65
15509 20eab589ec9ea5ed9e88
15510 c3a46c74
15511 20696e646967656e6f7573
15512 206d696e696e67
15513 2061636365707461626c65
15514 207275696e
15515 4341
15516 75696e65
15517 20706970656c696e65
15518 63746963
15519 c3aa74
15520 20d0b2d181d0b5d0b3d0be
15521 20626f756e
15522 204469676974616c
15523 20426f6f6d
15524 d186d0b5
15525 20d0bbd183d187
15526 20617363
15527 8c80eba19c
15528 20476f6f64627965
15529 2072656e646572
15530 656e657a
15531 61727265
15532 2054484154
15533 626f7572
15534 696369c3b36e
15535 e382ad
15536 4576657279
15537 207769726573
15538 205061726c69616d656e74
15539 6e756e67
15540 6174657572
15541 2053617665
15542 2050687973
15543 20616d6f72
15544 20457665
15545 20667269676874
15546 2067616d6d61
15547 206d6963726f73
15548 6d697474
15549 20436f6465
15550 20426579
15551 706c6564
15552 20d0b8d181d0bfd0bed0bbd18cd0b7
15553 e797
15554 ec8389
15555 e5a5b9
15556 206d6f6e6574
15557 204a61687265
15558 206c7578757279
15559 2064656166
15560 20626574726179
15561 20eab2b0
15562 d0b8d0bad0b8
15563 206465666561746564
15564 20756e64657274
15565 20776567
15566 20636f6f6c6572
15567 e38195e38293
15568 69616d69
15569 e98284e69c89
15570 204a657373696361
15571 204a6f79
15572 20736f70686973746963
15573 d0b5d0bdd0b8d0b8
15574 f09d98
15575 206368696c69
15576 2054797065
15577 2070726f7465696e73
15578 2070726573656e74696e67
15579 616c6961
15580 ec9ab8
15581 204d616a6f72
15582 206d6f6c6563756c65
15583 756d6572
15584 20636f6c6c61707365
15585 20416e7977617973
15586 204d6f756e7461696e
15587 616e746564
15588 e38090
15589 20d0b2d0b8d0b4d0b5d0be
15590 e6b0b4
15591 417564
15592 20636f6e7175
15593 20766f6c6c
15594 206b6e6974
15595 206d656d6272
15596 204d61726b6574
15597 2064617269
15598 2063616c63756c61746564
15599 d0b3d0b8
15600 20736872696d70
15601 204d75
15602 20d0bfd180d0bed182
15603 20ec9881ec8381
15604 2070726f647563746976697479
15605 20636f676e6974697665
15606 20486562
15607 696374696f6e73
15608 eab2bd
15609 206372c3a9
15610 66c3b672
15611 2070726179696e67
15612 61736869
15613 2054696b
15614 c3b372
15615 77656e
15616 d18cd18e
15617 69786f
15618 202822
15619 20d182d0b5d0bb
15620 20ec96b4eb96a4
15621 20d0bfd0b5d180d0b5d0b4
15622 204472697665
15623 e38091
15624 20457175
15625 20657175696c69627269756d
15626 20646573637269626573
15627 d0bdd0b5d0b5
15628 3432
15629 2043757272656e74
15630 7979
15631 206162736f7262
15632 20736f6c64696572
15633 64657273
15634 2074657374696d6f6e79
15635 206465636c696e65
15636 9ceba19c
15637 67616765
15638 20696e7370697265
15639 6c617070696e67
15640 207370696e6e696e67
15641 20736c6176657279
15642 2066616369616c
15643 20747261646974696f6e73
15644 c3a172696f73
15645 20486f73706974616c
15646 206e657374
15647 20eb8884
15648 20746f69
15649 206665617273
15650 ec85a8
15651 204d7568
15652 2067726164756174696f6e
15653 20696d706163746564
15654 2061756e74
15655 204c657473
15656 20616c756d696e756d
15657 20646f6d696e616e74
15658 204461766973
15659 204e617679
15660 20636f6d7074
15661 6f706c6573
15662 20657374617661
15663 e8a5
15664 207363616c
15665 207072657365727665
15666 204f7070
15667 2070726163746963616c6c79
15668 206d61676e6974756465
15669 2066697474696e67
15670 20636f6f7264696e617465
15671 206675726e6974757265
15672 2046616d696c
15673 206578706c6f73696f6e
15674 20646f63756d656e74617279
15675 20536372697074
15676 20706f7274726179
15677 6d6174
15678 207363686564756c6564
15679 2064796e616d696373
15680 706879
15681 616b79
15682 205549
15683 436865
15684 20636f6e74696e756f75736c79
15685 2050726f76
15686 e5b091
15687 d183d0b7
15688 726168
15689 206765726e65
15690 70726f6f66
15691 20736563726574617279
15692 2050617472656f6e
15693 73637265616d
15694 204b696473
15695 e1bb9369
15696 206b67
15697 20756e6365727461696e7479
15698 20d0bad0b0d0b6d0b4
15699 206d69746967
15700 207265616473
15701 e5b7b2
15702 205275
15703 20707269657374
15704 20d0bdd0b5d0b4
15705 206c696d69746174696f6e73
15706 20666c6f6174
15707 363030
15708 20546f79
15709 204a696d6d79
15710 206f6666656e73697665
15711 656e69
15712 205869
15713 206579656272
15714 205475726b
15715 206163636964656e74616c6c79
15716 206f686e65
15717 2053617564
15718 3935
15719 204475746368
15720 d0b0d0bdd181
15721 2053656174746c65
15722 20eb93b1
15723 636865636b
15724 6bc499
15725 20636f6e747269627574696f6e73
15726 20626573696465
15727 207175696e6469
15728 20666c6577
15729 e697b6
15730 d8b0d8a7
15731 204c4f
15732 207761697374
15733 204556
15734 20686f6c6964617973
15735 6a6f6e
15736 206d6973756e646572
15737 d18fd0bd
15738 20626f7574
15739 2064696d696e
15740 e1babd
15741 c3b36c
15742 204772616365
15743 20696e70757473
15744 2064656e79
15745 20666f726d696e67
15746 2042696c64
15747 206164657175
15748 20666f6c6b
15749 2072656a6563746564
15750 73656d62
15751 2066727573747261746564
15752 6f70656e
15753 20426574746572
15754 696c6f6e
15755 20746f77656c
15756 20646966666572656e7469616c
15757 20736163726564
15758 207361696c
15759 e9878c
15760 656e74696d6573
15761 2067656e746c656d616e
15762 2069636f6e6963
15763 20636f6d706172696e67
15764 2073616774
15765 207465787473
15766 206772616e646d61
15767 20726f6c6c73
15768 20636f6e74656e7473
15769 e4b88de5a5bd
15770 d0bed181d181
15771 2073757370656e73696f6e
15772 726f6974
15773 a6bc
15774 20617373657a
15775 20646f7274
15776 204d617468
15777 20566963746f72
15778 204a617661536372697074
15779 e4b88de5b08d
15780 20656e68616e
15781 c599
15782 2042757368
15783 2070726f6d6f74696f6e
15784 206b696e
15785 206d6f6e7374657273
15786 20436f6c6f7261646f
15787 20ceb2
15788 ed95b4ec9a94
15789 e6ada3
15790 6966666572656e74
15791 206e616b6564
15792 2070726f64
15793 6574696373
15794 20576f6d616e
15795 2074726561746d656e7473
15796 206573746f79
15797 76c3a9
15798 206c696674696e67
15799 2079617074
15800 20526f626572
15801 20ecb99c
15802 2073756273746974757465
15803 616b75
15804 7269646765
15805 20eab1b0eb
15806 20726573706f6e646564
15807 2062c3a9
15808 20456e67696e656572
15809 207472616e73666572726564
15810 ebb2
15811 206861626572
15812 6f6f70
15813 205745
15814 2076657374
15815 20666f727479
15816 204453
15817 2032303034
15818 20636f616368696e67
15819 6e6f6d
15820 20426162
15821 206e6f737361
15822 204a616b65
15823 206779
15824 2064656c6567
15825 20ec9ea0
15826 20d0bad180d0b0d181
15827 207374616e64706f696e74
15828 206469736164
15829 20617274776f726b
15830 4164
15831 696c6c6f
15832 20c491c6b0e1bba363
15833 2050726f6d
15834 204c6962
15835 2063726974696369736d
15836 20636f6e7461637473
15837 d180d0b0d0bc
15838 20616368696576656d656e74
15839 d094d0b0
15840 20646973736f6c
15841 205665676173
15842 2073747265616d73
15843 204b656e74
15844 20d8b9d984d989
15845 20726164697573
15846 207375636b73
15847 20416368
15848 206669
15849 6f757374
15850 20d0bbd18ed0b4d0b8
15851 2070616c65747465
15852 2048617a
15853 20416e74686f6e79
15854 2074656d61
15855 20436f73
15856 207361666572
15857 ceb1cf82
15858 20636f6e74726164
15859 206d61696f72
15860 20696e666c6174696f6e
15861 2053696c766572
15862 20617474656e64696e67
15863 ed959ced858c
15864 6172746f
15865 206170706c617564696e67
15866 20636f6d707574696e67
15867 20486174
15868 e6bb
15869 6b6e6f77
15870 6d616b657273
15871 20636f6e6f63
15872 206564756361746564
15873 206d6f646966696564
15874 20696e636c7573696f6e
15875 6d656e74616c
15876 9e90
15877 69736961
15878 20cf80cebfcf85
15879 2061756e
15880 204972656c616e64
15881 206bc3b6
15882 20636f6d706c69616e6365
15883 20696e73706972696e67
15884 d0b8d182d0b5d0bbd18cd0bdd0be
15885 20646973706f73
15886 ecb0a8
15887 20776970
15888 726963616c
15889 72617764
15890 2074726573
15891 206d6f62696c
15892 6f6c7574696f6e73
15893 424f
15894 20626f756e6365
15895 20617373756d6564
15896 204d65646963616c
15897 2066697363616c
15898 206e67c6b0e1bb9d69
15899 6974696f6e616c6c79
15900 2073746f6c656e
15901 20424d
15902 206d656368616e69736d73
15903 ceb5ceaf
15904 207175616c6966696564
15905 20ec9e90eb
15906 75676874657273
15907 20484956
15908 204c6f7473
15909 2073657276657273
15910 2063617272
15911 20546f676574686572
15912 20617474726163746564
15913 206b72
15914 e68891e698af
15915 74687572
15916 696e696e
15917 2048616c66
15918 c89b
15919 20506170
15920 2072656d696e646564
15921 414c4c
15922 2068656c6d6574
15923 20626f74746c6573
15924 2070726f666573736f7273
15925 207365696e65
15926 c582c485
15927 e3838f
15928 20eab1b0ec95bc
15929 20d7a2d79c
15930 66756e
15931 2042697264
15932 2066696768746572
15933 20eb94b0eb
15934 20546f6f6c
15935 2074696e
15936 696e6f6973
15937 ebb684
15938 d799d79f
15939 20434152
15940 e5908d
15941 6972737479
15942 206f7574646f6f72
15943 204e53
15944 e3858e
15945 6666656e
15946 206c7564
15947 48656c6c6f
15948 20726f6c6c6572
15949 69656c65
15950 20506f6c616e64
15951 20617061
15952 657870
15953 206365727469666963617465
15954 20546f776e
15955 d0b0d18ed182d181d18f
15956 696c6465
15957 2064657465726d696e
15958 5052
15959 20667265657a65
15960 206d61696e73747265616d
15961 206f626a65637469766573
15962 626c6f
15963 2074616b6965
15964 e59388e59388
15965 20ebb094eba19c
15966 656c6574
15967 204956
15968 2046617374
15969 2064657265
15970 656d70
15971 20447261
15972 20ec9e88ec9788
15973 206469736372696d696e6174696f6e
15974 20ceb5ceafcebdceb1ceb9
15975 6e6563657373
15976 e6ae
15977 c4b1c49fc4b1
15978 20706f7374696e67
15979 7769c59b636965
15980 206c7562
15981 206f6c697665
15982 2072696d
15983 206d6f64656c696e67
15984 2061c3b16f
15985 2050616b697374616e
15986 206f7665726c
15987 20696e666c616d
15988 4e45
15989 ec9790eab28c
15990 20617474656e646564
15991 206465616c74
15992 20416c74
15993 204c696e636f6c6e
15994 206177616b65
15995 2066696c74657273
15996 2057697468696e
15997 637a797769c59b636965
15998 2073c3bb
15999 204a6f686e6e79
16000 20696e74656772697479
16001 2069736f6c6174696f6e
16002 2045617379
16003 20d0bfd180d0b8d0bd
16004 20416c696365
16005 20736d696c696e67
16006 656e6978
16007 2c2e2e2e
16008 ceb6
16009 20626567756e
16010 206a6577656c
16011 20636f6e76656e74696f6e616c
16012 2073746174697374
16013 2068616e646564
16014 2069727265
16015 2070726f686962
16016 20736174656c6c697465
16017 e9a699
16018 20496e64757374
16019 20747261676564
16020 207472617661
16021 2069686d
16022 20637275656c
16023 2041676f7261
16024 20446f63
16025 207a6f6e6573
16026 206d616c6c
16027 2074726179
16028 d795d7a0
16029 206972726974
16030 206b616e73
16031 2042656174
16032 75646765
16033 69656c6c65
16034 2074727573746564
16035 2062696b6573
16036 20d183d0bf
16037 204d656d626572
16038 7769636b
16039 2063726561746f7273
16040 206865726974616765
16041 696e64697374696e6374
16042 207265737572
16043 656e6e656e
16044 436f6d65
16045 20666972696e67
16046 204275656e6f
16047 20d0a2d0be
16048 696b616e
16049 6574746573
16050 206b6573
16051 207472697073
16052 206469766f726365
16053 204b6c
16054 20636f6e736f6c
16055 6b656570
16056 eab8b0eab080
16057 205265706f7274
16058 20686f7374696e67
16059 206469616d6f6e64
16060 20636f6d706c6963
16061 2068656c69636f70
16062 20646570756973
16063 6473
16064 204368616e
16065 d18fd0bb
16066 2073636973736f7273
16067 696c6174696f6e
16068 2070726f706f7274696f6e
16069 455245
16070 20d988d8a7d984
16071 696e7461
16072 206d7563686173
16073 756174696f6e
16074 69746973
16075 e68a8a
16076 d18fd189
16077 206e69696e
16078 20656d70686173697a65
16079 75656c61
16080 2070726f647563657273
16081 20727a65
16082 c3a46e646572
16083 455448
16084 e6ba
16085 20636f6e7374697475
16086 e59bbd
16087 20706572666f726d616e636573
16088 6973746c65
16089 676f76
16090 204c69746572
16091 20696e636f72706f72617465
16092 2065647563617465
16093 204e696e
16094 ecaabd
16095 d987d985
16096 656c65726174696f6e
16097 d795d791
16098 207961c59f
16099 6f726f7573
16100 20436173
16101 206772616e7473
16102 eb8aa5
16103 616d656c
16104 20eab7b8eba087eab28c
16105 2045737465
16106 d185d0bed0b4d0b8d182
16107 20d0bfd0bed181d0bbd0b5
16108 2067656e74
16109 20666f6375736573
16110 616c6974696573
16111 205268
16112 ebb3b4
16113 e6b091
16114 2044616e6365
16115 7272
16116 20616d6572
16117 207574696c697a65
16118 206cc3ad
16119 20416d6f6e67
16120 20707265676e616e6379
16121 206c6f6f7073
16122 d0b0d0bbd0bed181d18c
16123 204d6f68
16124 206361746368696e67
16125 20676c6f62
16126 20616a7564
16127 205b3f
16128 20416e616c
16129 6c6f6f6b696e67
16130 207375726661636573
16131 2070726f6772657373697665
16132 20766972616c
16133 3038
16134 cebe
16135 4b41
16136 20c5bc79
16137 207069636b73
16138 616e6e6f6e
16139 2062756c6b
16140 20526f7373
16141 2064657363726962696e67
16142 2047656c
16143 206c6f63616c6c79
16144 20656e646c657373
16145 206d617373616765
16146 20636c65616e6564
16147 2074726176656c6564
16148 d0b5d0bdd18b
16149 2073656e74696d656e74
16150 69676d61
16151 204e6173
16152 206368656d6963616c73
16153 207269676874656f7573
16154 204d61676963
16155 2072656c61746573
16156 20747275636b73
16157 2031393630
16158 e588a5
16159 206170706574
16160 20736e61636b73
16161 2053756d6d6572
16162 2079c3bc7a
16163 2070726973
16164 204d65786963616e
16165 207472616e73706172656e
16166 206d696e6f72697479
16167 207665727465
16168 206c617373656e
16169 3436
16170 d0bbd0b5d0ba
16171 c3a970
16172 20d184d0b8d0bbd18c
16173 20697969
16174 207370616e
16175 ed9598eca780
16176 20696e64696361746564
16177 71756172
16178 207363686f6c617273686970
16179 204c474254
16180 20686973746f726963616c6c79
16181 c3b3c582
16182 206d696e697374
16183 2070656e6574
16184 20526170
16185 20636f6e736572766174696f6e
16186 e79bb4
16187 20486f6e6579
16188 20426569
16189 6964656c
16190 20726573706f6e736962696c6974696573
16191 206d65737379
16192 20457863657074
16193 4f5245
16194 20696e697469617469766573
16195 206a756e696f72
16196 2064657369676e657273
16197 206578706c6f726174696f6e
16198 2073706f6e736f72
16199 206d6f62696c697479
16200 20696e746567
16201 6c616e646f
16202 206261726b
16203 20696e64696361746573
16204 e0b6
16205 20656d706c6f796572
16206 e5ae89
16207 20636f7573696e
16208 20626f696c696e67
16209 206368726f6d
16210 20c3a7616c
16211 20706572706574
16212 20636f6e7461696e6564
16213 207061726b73
16214 d0ab
16215 20456e67696e656572696e67
16216 506c65617365
16217 205374617274696e67
16218 6865726f
16219 206c617779657273
16220 e8a5bf
16221 207a64
16222 206672616e6368697365
16223 72616765
16224 20696e74756974
16225 20474c
16226 7265616368
16227 20456c6c65
16228 206e68c6b0
16229 204e6f7264
16230 206265616e
16231 3037
16232 20706c656173616e74
16233 e5bd93
16234 7669726f6e
16235 206772616469656e74
16236 7a7573
16237 20454d
16238 206573736179
16239 ec9790ec9a94
16240 e1babf6e
16241 6e75
16242 e1bbab
16243 20c38973
16244 2064656e6f6d696e
16245 204769726c73
16246 20706572736f6e6e6573
16247 20d8a7d984d8a3
16248 62696c64
16249 2053746174
16250 20636f6d706c696d656e74
16251 204b617465
16252 206f7074696d616c
16253 20686964
16254 d8afd98a
16255 20717569636b6572
16256 77616c6c
16257 456e
16258 494e45
16259 3f3f3f
16260 ecb2b4
16261 20416374696f6e
16262 e59f
16263 2070656e616c7479
16264 204b617a
16265 273f
16266 206372696564
16267 2063616e766173
16268 667465
16269 206578636c7564
16270 b8eba19c
16271 20656d706861736973
16272 20656e7a79
16273 20486f75
16274 206f76657273656173
16275 c3ad616d6f73
16276 e5b8ab
16277 c3b6676c696368
16278 206865616470686f6e6573
16279 636e
16280 20416765
16281 20616b616e
16282 206368617261637465726973746963
16283 ed9598eba9b4
16284 67657473
16285 20ebb688
16286 20726976616c
16287 20626f7264657273
16288 656d656e7465
16289 656dc3a173
16290 20796f6c
16291 20636f6d7065
16292 656e64657273
16293 c4b16e64616e
16294 206dc3b6676c696368
16295 20627562626c6573
16296 6e61747572616c
16297 2061726d6564
16298 20656c61626f72
16299 20ec9db4ebb288
16300 20776173686564
16301 cebfcf85cebcceb5
16302 e8ab8b
16303 20666c61766f7273
16304 20657869737465
16305 207072657374
16306 205468656d61
16307 d0bed0bfd180d0bed181
16308 65726f6e
16309 5545
16310 657269
16311 20636f6e636572
16312 20616978c3b2
16313 e585a9
16314 2070726f74656374697665
16315 20d0b7d0bdd0b0d18e
16316 20eb82a0
16317 20494949
16318 206d656572
16319 2053686f70
16320 6c6c69
16321 204f72646572
16322 204d59
16323 2047686f7374
16324 e38282e38186
16325 6164656c
16326 2073746f6c65
16327 2072656c656173696e67
16328 20436f6d6d656e74
16329 20747261696e73
16330 ebaa85
16331 2077697373656e
16332 656e736564
16333 2064657363656e64
16334 2066696572
16335 2072616469
16336 207065727375
16337 e7a2
16338 20d0bcd0bd
16339 2044657374
16340 20776f7272696573
16341 69746574
16342 626173
16343 2073746162
16344 6e616d65
16345 6f726963
16346 20436c6f7365
16347 20616c756d6e69
16348 2053656c66
16349 666665
16350 69746174696e67
16351 6174686572696e65
16352 20526967687473
16353 20656c6c6f73
16354 2077617272616e74
16355 206e65727665
16356 20766567657461626c65
16357 205465696c
16358 20eab099ec9db4
16359 5259
16360 207375737461696e6162696c697479
16361 207374656874
16362 2062726964
16363 616461c59f
16364 207476
16365 206475726174696f6e
16366 20706573736f61
16367 206d657472696373
16368 206164616d
16369 636173
16370 d0b0d180d0b8
16371 2065766964656e74
16372 20646973706c61796564
16373 d8a7d8a6
16374 207265636b
16375 20427564646861
16376 2064656c65
16377 20446965676f
16378 6f737068
16379 20626c61
16380 204d696b
16381 756c61746f72
16382 2032303031
16383 2070726f6d6f74696e67
16384 796368
16385 204558
16386 206c6173746c79
16387 206f75746c696e65
16388 2073706972697473
16389 2076657578
16390 207375627472616374
16391 20c59f696d6469
16392 2070696e73
16393 20627572676572
16394 206d6f6c746f
16395 20686162c3ad61
16396 20ebb098
16397 696775
16398 65727374
16399 206e656e
16400 206261636f6e
16401 6974696f7573
16402 2063617272696573
16403 2070726f6d69736573
16404 6e6465
16405 204c656674
16406 204c696d
16407 e6a3
16408 203434
16409 2063617265657273
16410 20eca3bceb
16411 20737065656473
16412 7175c3a9
16413 6d6164
16414 6d61726b6574
16415 69736d65
16416 2032303033
16417 20726563657373
16418 204a5544
16419 20726163697374
16420 205363686c
16421 207061726c6572
16422 206f74726f73
16423 6973686573
16424 20636f6e766572746564
16425 61616161
16426 d0b0d0bdd0b8d0b8
16427 2041726b
16428 204368616e6365
16429 20656c656d656e74617279
16430 ceb5cebd
16431 696e6b73
16432 496e746572766965776572
16433 20667265656c79
16434 616c6168
16435 20eb8ba4eba5b8
16436 20726571756573746564
16437 20746f72717565
16438 6e6fc59b6369
16439 6f75726564
16440 205374616666
16441 20737461696e
16442 20416c616e
16443 2076657265
16444 2057696e746572
16445 20646566656374
16446 69656479
16447 206265617473
16448 2068c3a1
16449 756d6e
16450 6f6f6e73
16451 697475646573
16452 2073656974
16453 6f6c79
16454 20726573657276
16455 2065787472
16456 2070687973696369616e
16457 7669736f72
16458 2068616e6466756c
16459 204e6174696f6e73
16460 20eca28bec9d80
16461 756363657373
16462 207570737461697273
16463 20537175617265
16464 206865696e
16465 20536561736f6e
16466 6f6c6973
16467 207072696e6365
16468 20646566656e73697665
16469 e7bd
16470 20d0bcd0b5d181d182
16471 d196d0b9
16472 20d8a7d986
16473 756d626c65
16474 eab98cec9a94
16475 20617373617373
16476 2063697263756c6172
16477 207175616c6974696573
16478 20686d6d
16479 20626c6f776e
16480 204c697a
16481 204b7572
16482 205341
16483 2066696e64696e6773
16484 20636f6c6f757273
16485 2064656c6c65
16486 204952
16487 20417468
16488 20447562
16489 204f78
16490 20d8ae
16491 20706f636b657473
16492 206772696c6c
16493 20737769746368696e67
16494 20707265666572726564
16495 2057616c6573
16496 206578656d706c6f
16497 2063686f70706564
16498 2076616363696e6174696f6e
16499 206e6575726f
16500 2073706563696679
16501 69766f73
16502 20736572c3a1
16503 207a6965
16504 20e0aeae
16505 20726573756c74696e67
16506 20556768
16507 206d6573736564
16508 4344
16509 2070616172
16510 20636f6d6572
16511 20636f756368
16512 20466573746976616c
16513 203439
16514 766f7573
16515 7a656e73
16516 e7a8ae
16517 204b656e6e656479
16518 205473
16519 20ebb3b4ec97
16520 2064656d6f6e7374726174696f6e
16521 20756e746f
16522 206672757374726174696e67
16523 206c61626f7261746f7279
16524 20656779
16525 2062656175746966756c6c79
16526 20ec9eaceb
16527 20616c6775
16528 20c3b6796c65
16529 e4bda0e79c8b
16530 205048
16531 20666f7274756e65
16532 20636c65616e6572
16533 20526f62696e
16534 2073617573
16535 2047656c64
16536 206b6174
16537 6f6273
16538 206f6c7572
16539 206d617474
16540 20717565737461
16541 2073756767657374696f6e
16542 656e636572
16543 d0bed181d182
16544 207261646172
16545 20ec9ea1
16546 69736861
16547 e0aea8
16548 e38293e381aa
16549 6a6573
16550 207665656c
16551 ec82b0
16552 20617574686f7273
16553 e3808e
16554 706c616e
16555 20636f6c6c61626f726174697665
16556 20696e7374696e6374
16557 206661726d696e67
16558 61756765
16559 456475
16560 206d656d62657273686970
16561 2073696d756c74616e656f75736c79
16562 2062616b65
16563 206bc3a4
16564 206c65637475726573
16565 d187d0b5d181
16566 207072656e647265
16567 20636f6c6c617073
16568 2053617961
16569 20467574
16570 20796f67
16571 20526174686572
16572 d8b1d98a
16573 2063616d7073
16574 d0bed0bbd0bed0b4
16575 2073696d756c6174696f6e
16576 204d616b
16577 4c6175676873
16578 2067726579
16579 2073656e74656e636573
16580 79656e
16581 20556e6c657373
16582 4a65
16583 20536174616e
16584 20d182d0b0d0bad0b6d0b5
16585 204e41
16586 2062726f6e
16587 203f5d
16588 20736f756c73
16589 206c696768746e696e67
16590 20696d6167696e6564
16591 20637a796c69
16592 7073696c6f6e
16593 65747461
16594 2062656c696576696e67
16595 207374726f6e67657374
16596 20434f4e
16597 207175656c71756573
16598 20696d6d696772616e7473
16599 2077616c6c6574
16600 e98099e698af
16601 204a6572736579
16602 20696d706c69636174696f6e73
16603 20666f7262
16604 e3808f
16605 20756e62656c69657661626c65
16606 d8a7d8a1
16607 206f7065726174696f6e616c
16608 c3bc73
16609 20474d
16610 20eab7b8eb9fb0eb8db0
16611 2067726163696173
16612 20656e74656e64
16613 20526567617264
16614 726f62
16615 20d182d0b5d185
16616 e88f
16617 205265766f6c7574696f6e
16618 2077616172
16619 2042697a
16620 7468656c657373
16621 2073706f6e736f726564
16622 7175696572
16623 20ec9dbceb
16624 2074656b
16625 20eb90a0
16626 69676b656974
16627 204c75636b
16628 204365727461696e6c79
16629 20746f6c6c
16630 20d0bdd0b8d187d0b5d0b3d0be
16631 204d6f6e6579
16632 20d181d182d0bed180
16633 20446f75626c65
16634 20576f6c66
16635 206368756e6b
16636 ceaccebd
16637 6974c3a973
16638 6f6e696e67
16639 4d6172
16640 206772616e646573
16641 20636f6c6c656374696f6e73
16642 204575726f7061
16643 20d0b0d180
16644 20e2808be2808be2808b
16645 20eab7b8eb9faceba9b4
16646 20d0bed0b1d18a
16647 20e381aa
16648 20ec8b9ceab084
16649 20437573746f6d
16650 20ecb298
16651 d196d0bbd18c
16652 20696e646976696475616c6c79
16653 ed97
16654 20646f7a656e
16655 206f7765
16656 20566963746f726961
16657 e58fafe883bd
16658 2062656574
16659 757262
16660 20616e616c6f67
16661 69c3a7c3a36f
16662 829c
16663 736f65766572
16664 206d6f646f
16665 2073756273637269626564
16666 ec9eac
16667 20656e746974696573
16668 e78987
16669 20636c6f736574
16670 20726573706f6e64696e67
16671 207072696e746572
16672 205374657068616e
16673 206279c582
16674 20446f6d
16675 204665726e
16676 2050696572
16677 207769c49963
16678 2068656e6365
16679 206d6f64756c6573
16680 e383ac
16681 20eb94b1
16682 2044616e6e79
16683 20d181d0b5d0b1d0b5
16684 20766164
16685 20ec9784
16686 20736f7573
16687 20737068657265
16688 4259
16689 20506564
16690 69676e6564
16691 207768656174
16692 20756e64657273
16693 2065766f6c7665
16694 206465636c6172
16695 206c696768746c79
16696 206964656e74696679696e67
16697 e6848fe6809d
16698 206c6567656e64617279
16699 2067656e75696e65
16700 206772696e64
16701 20556e65
16702 676562656e
16703 2062696379
16704 206a756d7073
16705 2070726f76696e6365
16706 7a69c499
16707 20d790d7a0d799
16708 20686f63
16709 20d0b1d0bb
16710 2047726164
16711 20726576656e6765
16712 20d8a7d984d8aa
16713 6f6f68
16714 e68b9c
16715 d0b0d186d0b8d0b8
16716 e5b9b3
16717 20656c656374726f
16718 20eb9090
16719 e381a7e381af
16720 2066616c73
16721 7269656c
16722 6f6b6572
16723 20457863656c6c656e74
16724 204d6f7267616e
16725 20627269636b
16726 207375627374616e7469616c
16727 20706f6c6c7574696f6e
16728 2054c3bc72
16729 2045766574
16730 206c756e67
16731 e38196
16732 d799d7a9
16733 6f6d6d6573
16734 207265616c697a696e67
16735 2068756d626c65
16736 204c6f636b
16737 20626f64
16738 20ec96b8
16739 207065657273
16740 757a7a
16741 20656d626564646564
16742 20636c61726f
16743 20616767726567
16744 20656d706c6f79657273
16745 2052616a
16746 20e381a8
16747 205969
16748 206a6575
16749 6174657273
16750 20737472696b6573
16751 6e6f73
16752 617574726573
16753 6472
16754 6f70686572
16755 204170706172656e746c79
16756 ed9884
16757 20696e66616e74
16758 d8a7d8a8
16759 d182d18b
16760 ed9b
16761 daaf
16762 207265646573
16763 616361c49fc4b16d
16764 204441564944
16765 20436869636b656e
16766 20706572737065637469766573
16767 20766965776572
16768 2073686172
16769 20d0bfd180d0bed0b8d0b7
16770 6c696774
16771 65726f73
16772 697461626c65
16773 d0b8d0bbd0bed181d18c
16774 20646966c3ad
16775 b4eb8db0
16776 2072657469726564
16777 207468617473
16778 7a656e6965
16779 62656974656e
16780 206d79636b6574
16781 20526162
16782 20696e666c616d6d
16783 ecb0ae
16784 2064756d
16785 206461646479
16786 e69c9f
16787 20696d6d657273
16788 20706c61796c697374
16789 e0af86
16790 20747261756d
16791 20726566757365
16792 73746570
16793 e0ae9a
16794 637570
16795 20706f7073
16796 72696d696e
16797 6179c4b16d
16798 20616c64
16799 20756e6e6563657373
16800 20646168
16801 204972697368
16802 20636f6d7072
16803 6c61c59f
16804 5450
16805 207472616e736c61746564
16806 5363
16807 6365c49f696d
16808 b490
16809 2064726569
16810 20d0bbd18ed0b4d0b5d0b9
16811 2071756965726f
16812 2068656c65
16813 7a6c696368
16814 206170706c6573
16815 20646973747269637473
16816 2063726564697473
16817 20617370
16818 20eb8ba8
16819 6f72616c
16820 e5bdb1
16821 207374657070696e67
16822 205661
16823 206761696e73
16824 3635
16825 206e756573747261
16826 65646179
16827 61737361646f72
16828 204c696e64
16829 2063726f7073
16830 6369656e646f
16831 69677565
16832 2062616e61
16833 416d
16834 2070656e74
16835 20616464696374696f6e
16836 207061636b6167696e67
16837 c3a464
16838 aaa8
16839 207065727175c3a8
16840 2063616d706169676e73
16841 207374656570
16842 206e657565
16843 20656d626172726173736564
16844 2064697374696e6374696f6e
16845 69747a6572
16846 e5918a
16847 20726567697374726174696f6e
16848 206c6c616d
16849 20416c6d6967687479
16850 6c69657374
16851 20757a
16852 6e616b
16853 e7ba
16854 20746572617a
16855 69616d656e7465
16856 207472616e73616374696f6e73
16857 2063c3b474
16858 207377697463686564
16859 20636f6d626f
16860 2070726179657273
16861 20696e7465726e73686970
16862 20616464726573736573
16863 2063686172697479
16864 20574f4f
16865 2062616974
16866 e8bf87
16867 20efbfbd
16868 2066696361
16869 2054796c6572
16870 617275
16871 2061746f6d73
16872 204c6576656c
16873 20d0bfd0bed182d0bed0bc
16874 2066616d65
16875 756c6b
16876 2074656163686573
16877 2072656275696c64
16878 d0b5d0b4d18c
16879 20496e646f6e65736961
16880 75736869
16881 2053686f7274
16882 20656e737572696e67
16883 6673
16884 656c65
16885 206d617267696e616c
16886 20636f6e636c756465
16887 616d74
16888 20766572696679
16889 204d63446f6e616c64
16890 20736b616c
16891 207265636f6e7374
16892 204d616e6e
16893 20626173656d656e74
16894 207472616e73666f726d6564
16895 206f63636173696f6e616c6c79
16896 7a6f6e65
16897 2044616e73
16898 20d0bad0b0d0bad0bed0b9
16899 20646961676e6f736564
16900 20cf84ceb1
16901 20636f6d6d616e6473
16902 20707265736964656e7469616c
16903 20616262
16904 20627261636b6574
16905 204c656d
16906 c3a56e67
16907 206661766f7269746573
16908 207265766f6c
16909 20ed8ab9
16910 20686172617373
16911 e985
16912 20636c65616e73
16913 7374c3a46e64
16914 206b6e6f636b6564
16915 2070656f706c6573
16916 206d7573696369616e73
16917 206d757475616c
16918 20436f6c64
16919 3838
16920 7a656a
16921 61746965
16922 20486f6e6f72
16923 206f62736573736564
16924 204d55534943
16925 20427265616b
16926 c3ba6e67
16927 206d6f64696679
16928 2073c3b6796c65
16929 20d79ed794
16930 204f6e6c696e65
16931 666f
16932 204d696c6c6572
16933 206c696b696e67
16934 20696e686162
16935 20677261746974756465
16936 204a6f75726e616c
16937 61726e657373
16938 4a6f686e
16939 20476974
16940 e5899b
16941 2073696e63657265
16942 20536369
16943 20456c69
16944 2073796d626f6c73
16945 206d616e75616c6c79
16946 ceb5cf82
16947 20d0b2d196d0b4
16948 20466174
16949 206c6162656c73
16950 20736f7068697374696361746564
16951 756d7073
16952 2072656c6561736573
16953 203437
16954 204f4d
16955 eab080eb
16956 204269656e
16957 20526566
16958 e8a898
16959 20537461
16960 20456767
16961 20696e64696361746f72
16962 70736f6e
16963 206e6173c4b16c
16964 5269676874
16965 20636f6e766579
16966 206b6e6f74
16967 20636f6e6e65637473
16968 756c6173
16969 20707265636564
16970 20696e657175616c697479
16971 616d69656e746f
16972 207265706c79
16973 4f59
16974 206469736d697373
16975 20eb909c
16976 e784a1
16977 20d185d0bed180d0bed188d0be
16978 206dc3a964
16979 2072616e646f6d6c79
16980 204f6e74
16981 75617264
16982 2070756c6c73
16983 20d182d0b5d0bfd0b5d180d18c
16984 204e656564
16985 20536f6674
16986 20737472656e67746873
16987 20676f6564
16988 756d656e
16989 e6adbb
16990 20ed8eb8
16991 20d0b4d0bed0b1
16992 20636c6172697479
16993 204169
16994 2062616c6c6f6f6e
16995 2050616e64
16996 20ec9584eb8b
16997 207368696e79
16998 20736d616c6c657374
16999 6f6e6961
17000 68696c6c
17001 6f74696e67
17002 2065696e67
17003 206d6572656c79
17004 2073657573
17005 20d0bdd0b5d0bf
17006 20ed86b5
17007 20677569646573
17008 207370656369616c697374
17009 20737465616b
17010 e38288e38186
17011 206d6967726174696f6e
17012 7175656c65
17013 207275696e6564
17014 2070757070
17015 e5a5b3
17016 206b656e64
17017 616e67616e
17018 2070616c6d
17019 20756e66616972
17020 207a6d
17021 204456
17022 63686573746572
17023 d0b8d18e
17024 206f6f68
17025 657267
17026 415448
17027 b0a9
17028 e593aa
17029 7269736f6e
17030 20696e766f6c76696e67
17031 20706172746c79
17032 616ec3a7616973
17033 20766f77
17034 2070726f6d696e656e74
17035 206372797374
17036 696261
17037 206465736572766573
17038 206f76657274
17039 2073656e736974
17040 20576865
17041 207469676874656e
17042 20696e74696d6964
17043 20616c696d656e74
17044 77696c6c
17045 20737472656e677468656e
17046 2054616e
17047 e58f88
17048 e38197e381bee38199
17049 6f6e69
17050 204d756e
17051 2070726f7068
17052 2072656865617273
17053 204b6c65
17054 207665636573
17055 20776f6e6465726564
17056 6f6b69
17057 2073656e736573
17058 b4ec8b
17059 c6b0e1bb9b
17060 20c89969
17061 206d7563686f73
17062 2077617463686573
17063 6f7274756e617465
17064 204a75616e
17065 ec9e96ec9584
17066 d180d0b5
17067 6569
17068 696f6e656e
17069 206578706572696d656e74616c
17070 20646175676874657273
17071 e0b89b
17072 206d656e74616c6c79
17073 6265636361
17074 6177617265
17075 ec849d
17076 2077686174736f65766572
17077 20656e61626c6573
17078 204c6f77
17079 6f6964
17080 e0b88a
17081 c3b364
17082 d8ba
17083 20636f6e7374727563746564
17084 204c6164696573
17085 2061636375736564
17086 20d0b0d0bd
17087 44616e
17088 20737061776e
17089 20636f6e7461696e657273
17090 206172746973746963
17091 c4b170
17092 20646973636c
17093 20617574726573
17094 696e6173
17095 204e6174696f6e
17096 206e6167
17097 6265616e
17098 776865
17099 9ceb8f84
17100 2053656f756c
17101 20ed8fac
17102 204e696368
17103 20636f6d706c656d656e74
17104 20696e74657276656e
17105 204d6f64656c
17106 204f72616e6765
17107 6e616d6f6e
17108 2063616c63756c6174696f6e
17109 736565
17110 2075737465646573
17111 206c6562
17112 20646f6374
17113 d196d0bd
17114 20666f73746572
17115 20656c6173746963
17116 20416868
17117 20616365
17118 2050696e6b
17119 204a6567
17120 2064656572
17121 e38197e38184
17122 736973
17123 206a616b6f
17124 20456d6d61
17125 d181d182d0b2d0b5d0bdd0bdd0be
17126 20706f727472616974
17127 206d616b6572
17128 2061756d656e74
17129 d180d0bed0b1
17130 20616972706c616e65
17131 207472616e73706172656e6379
17132 2061646a7573746d656e74
17133 20434443
17134 c3a76f6e
17135 2075706c6f61646564
17136 20d0b4d0b5d0b9d181d182d0b2
17137 20d0b3d0bed182d0bed0b2
17138 2069746572
17139 206375727365
17140 c3b46e
17141 6d65726365
17142 6172616e
17143 206c65616b
17144 e7b590
17145 20616273656e6365
17146 d181d0bad0b8d0b9
17147 2072656164657273
17148 616c6572
17149 2062656e65617468
17150 616e676f
17151 6865746963
17152 2066696e6e73
17153 20706f6f70
17154 206475706c6963
17155 4869
17156 696773
17157 6f6c6f676963616c6c79
17158 6f7070
17159 2064697a6572
17160 20416c6c656e
17161 20676c69
17162 20616363656c65726174696f6e
17163 20766974616d696e
17164 e383ad
17165 76c3a4
17166 20416363657373
17167 e0ae99
17168 72c3a173
17169 206170707265636961746564
17170 206e6168
17171 20706f73746572
17172 2074616c65
17173 20686967686c696768746564
17174 e69687
17175 c5bc656c69
17176 20626c6f636b636861696e
17177 206d6963726f77
17178 2063696e656d61
17179 204368616e67
17180 20536561726368
17181 757374657273
17182 205a65726f
17183 204469766973696f6e
17184 d180d0b0d181
17185 207363617265
17186 206a656c6c79
17187 2041646d696e697374726174696f6e
17188 534f
17189 206c696e6564
17190 20eab084
17191 20676562656e
17192 20736f6461
17193 2077696e6e657273
17194 b3bc
17195 d992
17196 20416d62
17197 e5958fe9a18c
17198 e594
17199 20706567
17200 e5b7b1
17201 3433
17202 2072617573
17203 2072657761726473
17204 20696e636c7573
17205 2068696768776179
17206 20686168
17207 206d756c7469706c696564
17208 2073e1babd
17209 206469736369706c6573
17210 206e696e67
17211 206472657373696e67
17212 2061747472696275746573
17213 204d6f7363
17214 20477265656365
17215 2073656b
17216 204c6561726e
17217 206a7573
17218 72656e647265
17219 20706572736f6e6e65
17220 706c657465
17221 20706c6163696e67
17222 206c7565676f
17223 696c6c616e6365
17224 20d0bed0b1d189
17225 2070726f766973696f6e
17226 206c696f6e
17227 747261
17228 626f61726473
17229 206265686176696f7572
17230 686579
17231 20737562736372697074696f6e
17232 2070726f7461676f6e
17233 e383a3
17234 2076617261
17235 20c59f75
17236 2068616861
17237 2074656173706f6f6e
17238 e69f
17239 61766f6972
17240 2063727970746f
17241 20d181d182d0b0d180
17242 2053746f7265
17243 616273
17244 2053747564656e7473
17245 206c61756e64
17246 696e746f
17247 20617070726f6163686564
17248 b09c
17249 d183d18ed189
17250 204c61626f72
17251 6f746573
17252 696174726963
17253 2067726fc39f
17254 7574697665
17255 20d0b8d0b4
17256 20476962
17257 20706c6163656d656e74
17258 20646966c3ad63696c
17259 2066726f67
17260 20d0b2d181d0b5d185
17261 204a72
17262 617a6564
17263 d183d189
17264 20eabc
17265 6672616d65
17266 d0b0d0b5d188d18c
17267 206c6f636b646f776e
17268 e591b3
17269 206d656469
17270 20d794d79ed7
17271 d0b5d0bdd0b8d0b9
17272 656d616c65
17273 eca285
17274 61746572616c
17275 2064697374616e74
17276 206265617273
17277 206a6f75726e616c697374
17278 e8a7a3
17279 204d61727368616c6c
17280 2049686e656e
17281 7565746f6f7468
17282 626167
17283 20c491c3a3
17284 20486967686e657373
17285 20ecb08d
17286 d0b8d0bad0b0
17287 205775
17288 204672616e
17289 2070656e67
17290 20666f6e
17291 206879706f746865736973
17292 20d180d183
17293 206c79
17294 d79a
17295 ec9b94
17296 20526164696f
17297 e0b89e
17298 446176
17299 20656d62617272617373696e67
17300 20ec9e88ec96b4
17301 2063617374696e67
17302 2063616765
17303 205073796368
17304 20ec9dbceb8ba8
17305 20c5be
17306 696d62
17307 206469726563746f7273
17308 5348
17309 20cf84ceb7cebd
17310 e1bb8175
17311 206b6f6e75c59f
17312 206f7074696f6e616c
17313 7175617274657273
17314 696b6572
17315 2053616e74
17316 20766572736573
17317 ebb680
17318 206f6c6172
17319 20cf87
17320 e38395
17321 20ceb3ceb9ceb1
17322 20496d6d
17323 20636f6e74726f7665727369616c
17324 2065727374656e
17325 207265636970
17326 2043687269737469616e697479
17327 20eab49c
17328 6f72646f6e
17329 d795d7a9
17330 20736c617368
17331 205066
17332 d183d0b4d18c
17333 d795d79d
17334 205065727279
17335 206d616d79
17336 206261636b67726f756e6473
17337 20e0ae8ee0aea9
17338 2070656e64616e74
17339 20436f6c756d626961
17340 20696e7665727365
17341 20d187d0b5d180d0b5d0b7
17342 207376
17343 2064696767696e67
17344 3431
17345 6368656d
17346 206e617669676174696f6e
17347 205368696e
17348 2046726f6e74
17349 5044
17350 2062656172696e67
17351 20576173736572
17352 20776178
17353 204348524953
17354 6368696e67
17355 2070726573736564
17356 456c
17357 2044616c
17358 6f6e73696e
17359 2062696e64696e67
17360 d181d0bad0bed0b9
17361 706f6f6e73
17362 206d6f636b
17363 6172657374
17364 d0bad180d0b0
17365 4d4d
17366 20636f7272757074
17367 73746f726d
17368 20726566726573
17369 20436f616368
17370 6c6cc3a4
17371 2054484953
17372 207061726167
17373 20ec93b0
17374 706f6f6c
17375 2062696c6c696f6e73
17376 20eab980
17377 67726f7570
17378 2077656c636f6d696e67
17379 63656c6c656e6365
17380 2044756b65
17381 eab8b4
17382 207072696d657261
17383 eca0b8
17384 20706f6e64
17385 20737461747565
17386 20eab5aceb
17387 206861746368
17388 20696e737472756d656e74616c
17389 207265736964656e7469616c
17390 ecbba4
17391 20616363657074696e67
17392 6f736869
17393 64617465
17394 20ec94a8
17395 20706c616e746564
17396 206a6f6b696e67
17397 20ec849c
17398 206861746564
17399 20d180d0b0d181d181d0ba
17400 20736c657074
17401 207061636b61676573
17402 2069736c616e6473
17403 6573656e
17404 c49fc4b1
17405 20646961676f6e
17406 204f7363
17407 206d657368
17408 207363616c6573
17409 6172697479
17410 20446566656e7365
17411 e381a1e38287
17412 204c65776973
17413 20d181d0b5d0b3d0bed0b4d0bdd18f
17414 20666c696573
17415 75696e656c79
17416 20436f6e7369646572
17417 20737461726b
17418 686577
17419 204173c3ad
17420 b3b4eb
17421 2070726f706f7365
17422 20ed9598eba9b4
17423 6f646f
17424 204e6f726d616c6c79
17425 206865656674
17426 20486172726973
17427 67726f
17428 20426c6f6f64
17429 62617365
17430 20694f53
17431 20746f7563686573
17432 20696e73706972
17433 20d793
17434 2062696e617279
17435 20ecb694
17436 2073657269616c
17437 20696f6e
17438 20756e656d706c6f796d656e74
17439 206f646473
17440 20466162
17441 20464249
17442 4252554e
17443 2077656967687473
17444 cebdcebf
17445 6174696c65
17446 206e7572736573
17447 20696e766f6c76656d656e74
17448 20ed94bc
17449 20676f7665726e616e6365
17450 20e282ac
17451 d180d183d0bf
17452 6965727261
17453 ed9895
17454 204a65727279
17455 206265617264
17456 2073616c766174696f6e
17457 20416c6f6e67
17458 67656e746c65
17459 204b69
17460 626f6c
17461 20506c6174
17462 206861736874
17463 e8bf91
17464 2077617265
17465 20706172746965
17466 79637a
17467 20696e7472
17468 466968
17469 6e656e74
17470 206368656174
17471 696c656e
17472 20ebaf
17473 6f726965
17474 2066c3a163696c
17475 6574726963
17476 20616666656374696e67
17477 756e63696174696f6e
17478 2061666661697273
17479 20626565
17480 2076696577696e67
17481 206f72616e67
17482 204c616e
17483 20d0a1d182
17484 e4b896
17485 204d6573
17486 8381
17487 65726965
17488 2065737061
17489 20696e746572707265
17490 20706f7373657373
17491 20707572656c79
17492 7269746f
17493 666f756e64
17494 61736d61
17495 eca081ec9db8
17496 206578616d696e65
17497 20d183d0bc
17498 206265736368
17499 20546f6d6f72726f77
17500 20426c6f636b
17501 2076617269616e74
17502 20707265666572656e6365
17503 20636f6163686573
17504 206d656469636174696f6e73
17505 20ed9884
17506 20656d70697265
17507 eb84a4
17508 20496c6c696e6f6973
17509 20637269737079
17510 207468c3ac
17511 2062656573
17512 3737
17513 20676c6f77
17514 e8ba
17515 2053747564696573
17516 e59084
17517 204368616c6c656e6765
17518 20756e6c696b656c79
17519 d0a7
17520 c4b1796f7273756e
17521 444945
17522 206d696e696d697a65
17523 697a617264
17524 20c3ba6e
17525 20656e636f6e74726172
17526 204b696c6c
17527 e5bb
17528 2076616e696c6c61
17529 204772616e74
17530 204754
17531 736561
17532 20736f75676874
17533 d0b2d0bed0b4
17534 206ec3a46d
17535 2041756e74
17536 4f574e
17537 2070756d706b696e
17538 7374656c6c656e
17539 20726167
17540 d0b5d0b3d0b4d0b0
17541 2073746f727974
17542 20666f72756d
17543 e6a99f
17544 20657374616261
17545 75636865
17546 20636f6e6772657373
17547 20526579
17548 206472616d61746963616c6c79
17549 2053706f7274
17550 2059656c6c6f77
17551 20eab384ec868d
17552 2064697367757374696e67
17553 20526563656e74
17554 206163717569726564
17555 206361626c6573
17556 e7949a
17557 64696e
17558 20766973746f
17559 20636f6d6d756e69636174696e67
17560 d181d182d0b0d0b2d0bbd18f
17561 d0b5d181d182d0be
17562 e383bbe383bbe383bb
17563 2072c3a967
17564 20736f636b73
17565 2070726f636573
17566 62656361757365
17567 207574746572
17568 20636f6c6f636172
17569 206e6577657374
17570 206772616d6d
17571 e8a1a8
17572 e4b88de79fa5e98193
17573 207368696674696e67
17574 2063617272696572
17575 20d181d0bad0bed180
17576 2053636877
17577 206578656375746564
17578 206d61696e7461696e6564
17579 20cf86
17580 204d6f736573
17581 206469737365
17582 20686f7272
17583 e3809c
17584 2072616c6c79
17585 20616c6c656d
17586 204576656e7475616c6c79
17587 206469796f72
17588 6c76616e6961
17589 207363686e656c6c
17590 20eab3bc
17591 20eba7a4
17592 207374727567676c6573
17593 6c617465
17594 20636c6172696679
17595 c3a96d656e74
17596 206d756c7469706c6963
17597 d0b8d0b1d0be
17598 206a6f75726e
17599 206672616772
17600 2073757270726973696e676c79
17601 20646573706572617465
17602 3532
17603 2073756c
17604 2052656164
17605 204672696564
17606 206d6f6e64
17607 776f6f
17608 206f7267616e697a696e67
17609 e38197e38287e38186
17610 20536f6f6e
17611 20d0b2d0bed0bfd180d0bed181
17612 204e7572
17613 20d097d0b4
17614 20737069646572
17615 d0b5d181d18f
17616 207475746f7269616c73
17617 206e75747269656e7473
17618 6f726572
17619 20636f656666696369656e74
17620 20617272616e67656d656e74
17621 2070726963696e67
17622 6e616e
17623 7975
17624 424c
17625 207472696265
17626 20486f77617264
17627 756e6b73
17628 206e65776572
17629 2070726f76696e
17630 2070726564696374696f6e
17631 686f73
17632 206f6c73756e
17633 2041726f756e64
17634 2076696572
17635 20d181d182d0bed180d0bed0bd
17636 2076616c6c6579
17637 20456c61
17638 696669
17639 2067616c617879
17640 207472616e7175
17641 20616476657273
17642 2054656d706c65
17643 69666673
17644 6967656e6365
17645 e887aae5b7b1
17646 206bc3b66e6e7465
17647 20c491c3b3
17648 446964
17649 2070686f746f677261706873
17650 20415753
17651 d186d0b8d18f
17652 20677561726473
17653 206170706f696e746564
17654 2047696c
17655 20d0bcd0bed0bc
17656 20636f64
17657 20556e6c696b65
17658 206576656e6c79
17659 6973636f6e73696e
17660 206573746f75
17661 206d6e6965
17662 2045786563
17663 204d56
17664 2045696e65
17665 e4bfa1
17666 20526f676572
17667 20466163
17668 204c697374
17669 2066756572
17670 d0b0d0b5d182d0b5
17671 6f6d6564
17672 2061747472616374696f6e
17673 e889b2
17674 207465727261696e
17675 2044726f70
17676 20636f72706f726174696f6e73
17677 20736369656e636573
17678 207468726f6e65
17679 e38184e3819f
17680 20616a
17681 20526f74
17682 e789b9
17683 20737570706f7274657273
17684 2042657265
17685 48657265
17686 206469666572656e746573
17687 207369676e69666963616e6365
17688 cf83ceb7
17689 e68891e8a6bae5be97
17690 20636c616d70
17691 20eb8c80eb
17692 20666162756c6f7573
17693 72657a
17694 e68c81
17695 20617373756d7074696f6e73
17696 7574686572
17697 776964
17698 706f74
17699 e8bf8e
17700 2079616e
17701 756c696e
17702 d180d18bd0b2
17703 20536c6f77
17704 2050656e6e7379
17705 20ed95b4ec849c
17706 206d65696f
17707 207765616c746879
17708 204569676874
17709 2070756c7365
17710 206672696374696f6e
17711 6964697479
17712 20486f6c6c
17713 69796f72756d
17714 20736f756e646564
17715 2043617272
17716 20666f726b
17717 e298
17718 205041
17719 20636f6e73706972
17720 20636f64696e67
17721 7274
17722 20547970
17723 20ec9691
17724 20d0bfd0bed0b3
17725 206d69736572
17726 20d181d0bcd0bed182d180
17727 2053776564656e
17728 206f6c6172616b
17729 205a68616e67
17730 20436869
17731 20546974616e
17732 2073637265656e696e67
17733 20537069646572
17734 20c59e696d6469
17735 206f62737461636c6573
17736 6c617261
17737 206368616c6c656e676564
17738 707365
17739 544f4e
17740 e1bba5
17741 205069
17742 206c616769
17743 6965757273
17744 2068757274696e67
17745 206e65676c656374
17746 2067656e65726174696e67
17747 20796f756e67657374
17748 206175646974
17749 20d180d0b5d0b7
17750 cf81ceac
17751 20646f6e617465
17752 20504446
17753 20766973697473
17754 20637275697365
17755 5050
17756 61736572
17757 20777370
17758 6261636b73
17759 6976616c73
17760 e38186e38293
17761 2064657665
17762 2070726f706f7274
17763 2063617468
17764 20456666656374
17765 2077696e6473
17766 20ec9994
17767 20636861727473
17768 2073616d61
17769 206175746f6d6174696f6e
17770 20d0bfd0bed0bad0b0
17771 206f6c616e
17772 20626f617473
17773 2063616665
17774 2064656e696564
17775 204d616d61
17776 20626c6f636b696e67
17777 2054686f72
17778 207068656e6f6d656e616c
17779 207374616b65686f6c64657273
17780 20756e6f73
17781 d183d0b5d182
17782 204162726168616d
17783 e381a7e38282
17784 20646574656374696f6e
17785 206a75726973
17786 20706f7765726564
17787 7a69616c
17788 2077656c66617265
17789 20757067726164
17790 206d6fc5bc6e61
17791 2043617365
17792 63756c6172
17793 94ec9db4
17794 e38381
17795 204775657373
17796 206379636c6573
17797 e4be8b
17798 e7b5a6
17799 726f636b
17800 756d69
17801 20656c697465
17802 207175c3a8
17803 e5a0b1
17804 d182d0bed0bc
17805 2073686f7265
17806 67756e7461
17807 206b75
17808 20666169746866756c
17809 204a6572656d79
17810 616964
17811 e0b7
17812 7567616c
17813 e5b08de5958a
17814 2056656c
17815 2076726169
17816 7374656c6c
17817 a8b8
17818 206b6f6c
17819 e8bd
17820 207175616e746f
17821 20d0b7d0b0d180
17822 2032303032
17823 657379
17824 2072657365727665
17825 20d0bcd0bed0bcd0b5d0bdd182
17826 206465706c6f796564
17827 20646566696e696e67
17828 20736175
17829 2067616174
17830 2229
17831 207472616e736d6974
17832 207075626c697368696e67
17833 2072616e6b696e67
17834 206f6666656e7365
17835 203436
17836 70696e
17837 2054616b696e67
17838 20656e7469746c6564
17839 2067656e75696e656c79
17840 20766172696174696f6e73
17841 2066696e6465
17842 20746175
17843 20756e666f7274756e617465
17844 20526168
17845 706f727473
17846 2063c5
17847 206d6f6e6b6579
17848 2062726163
17849 776569
17850 6c756e67
17851 206172746966
17852 207379727570
17853 20d094d0b0d0b2
17854 206c6966746564
17855 206368657a
17856 20416476656e74
17857 2053746f636b
17858 20646f6c
17859 d0bcd0b5d0bd
17860 d0b8d188d18c
17861 20796e
17862 67696f
17863 646574
17864 206465737365
17865 20677269
17866 2043686169726d616e
17867 e785
17868 206375656e7461
17869 616e696d
17870 2063726162
17871 20657363616c
17872 207072656d69c3a87265
17873 20476566
17874 2064696e696e67
17875 20736576656e7468
17876 2063686173696e67
17877 20546f776572
17878 2062727574616c
17879 2066756e64616d656e74616c6c79
17880 e381a8e38186
17881 d0bbd0b5d0bdd0b8d18f
17882 7374616765
17883 20616371756973
17884 2063796c696e646572
17885 20636f6d6d616e646572
17886 6d656d
17887 205556
17888 6861707079
17889 20657073696c6f6e
17890 20696e7669746174696f6e
17891 206661726d6572
17892 6368616972
17893 2064657374696e79
17894 20736f76657265
17895 20486562726577
17896 2073657276616e74
17897 20626577
17898 2067617374
17899 7574696573
17900 2061646d696e697374726174697665
17901 20436f6d6d616e64
17902 c3a97461
17903 206e6974726f67656e
17904 eab7bc
17905 20616269
17906 2076696c6c61696e
17907 20626c616e6b6574
17908 2053656e64
17909 2062656174656e
17910 b284
17911 20766f6c756e74
17912 207363686f6c6172
17913 20456d7065726f72
17914 203433
17915 7661626c65
17916 20447573
17917 204755
17918 20746172676574696e67
17919 777777
17920 20616d656e646d656e74
17921 ec868ceb
17922 2074696e67
17923 206e61737479
17924 206761756765
17925 20d180d0bed0b4
17926 2048616e73
17927 596f7572
17928 ceb1cebd
17929 2070726f6a6574
17930 20486177616969
17931 20737573706963696f7573
17932 2073636877
17933 2072656d6f76616c
17934 20696e74726967
17935 204d55
17936 20706f6e746f
17937 e0a4be
17938 20d0bed0b1d180d0b0d0b7
17939 206775657373696e67
17940 70616365
17941 206d6f7468657273
17942 206d696c6c696d65746572
17943 d0bbd0b5d0bdd0b8d0b5
17944 e6b2a1e69c89
17945 20617661696c6162696c697479
17946 69637a
17947 e6ada4
17948 206672616374
17949 206261736573
17950 6b6d
17951 20425453
17952 204669656c64
17953 20647a6965
17954 20736567756e646f
17955 20eb8298eb8a94
17956 206c65676974696d617465
17957 696d6173
17958 20d0b2d0bd
17959 20636f7272757074696f6e
17960 20736d617368
17961 2056616c656e74
17962 20616c69676e6564
17963 2050656e6e73796c76616e6961
17964 20676162
17965 2045756e
17966 656e7468
17967 204d6f726e696e67
17968 2063616e646c65
17969 206261636b7061636b
17970 2049736c616d6963
17971 61c3a7c3b56573
17972 20656e637279
17973 206d757368726f6f6d73
17974 ed8c8c
17975 646974
17976 207472616e736974
17977 20576973636f6e73696e
17978 20706172746963697061746564
17979 20496c73
17980 20756e666f6c64
17981 b680eb
17982 2070726f66697473
17983 207761726d696e67
17984 2047616e67
17985 206e6574776f726b696e67
17986 206d656761
17987 2074686f726f7567686c79
17988 6c656d656e7473
17989 20486d
17990 206465636964696e67
17991 20656d6f74696f6e616c6c79
17992 20657868617573746564
17993 20d09fd0bed182
17994 6369646f
17995 2048544d4c
17996 20636f70797269676874
17997 206d656c6f6479
17998 79696d
17999 20616e64657273
18000 6f73686f70
18001 20ebb3bc
18002 206174686c657465
18003 204745
18004 206672657175656e74
18005 2064657369726573
18006 206e656564696e67
18007 2059756e
18008 207269666c65
18009 206c6f766572
18010 2754
18011 2064656e7365
18012 2074c3a36f
18013 206e6f746966696564
18014 20696469
18015 ec97ad
18016 ed86
18017 20696e746572616374696e67
18018 20726170706f7274
18019 d0b5d180d0b8
18020 736b69
18021 20626573736572
18022 206d616e756661637475726572
18023 204b796c65
18024 206163636f756e7461626c65
18025 2053616b
18026 2050696c
18027 20446f6d696e
18028 2070726573756d
18029 20d092d181d0b5
18030 2076696e65676172
18031 2067756172616e74656564
18032 e79c8be588b0
18033 2068616e646c6564
18034 e99fb3
18035 636174
18036 20636976696c697a6174696f6e
18037 206163636f6d70
18038 20564d
18039 c3a96d6f6e
18040 2064657a65
18041 20677261646573
18042 20736f6c6c7465
18043 2073746172696e67
18044 d790d7aa
18045 61726e74
18046 20686f72697a6f6e
18047 207472617661696c
18048 686f7572
18049 e7acace4b880
18050 204544
18051 2044616b
18052 206e79
18053 20636f6e7665
18054 204368616d
18055 206669726d73
18056 204c6975
18057 20d181d182d180d0b0d0bd
18058 206c6962657274
18059 206c656e736573
18060 20696e74616b65
18061 20d0b2d18bd0b1
18062 206d656e73656e
18063 68656c
18064 2070726163746974696f6e
18065 20333530
18066 e382b3
18067 464f
18068 2062656473
18069 20616e636573746f7273
18070 20ec9784ecb2ad
18071 2064697374757262
18072 204c6173746c79
18073 20537570706f7274
18074 e0b8b5e0b989
18075 20436f726f6e61
18076 20656e7468757369
18077 20d0b2d0bed0b7d0bc
18078 20ec82aceb9e8ceb
18079 203532
18080 62697264
18081 2072656475636573
18082 20ec9e88ec9d84
18083 2047656e65
18084 eab590
18085 c49970
18086 20c39c626572
18087 20636f6e6365726e696e67
18088 75736572
18089 20636f6e63656e7472617465
18090 2057484154
18091 6973686f70
18092 6f6e796d6f7573
18093 6e6f6c64
18094 2073756767657374696e67
18095 a9b0
18096 2046697368
18097 2e2e2e2e2e2e2e2e
18098 2076657373656c
18099 2074726162616a6f
18100 e381b5
18101 204f6365616e
18102 e5a790
18103 7967
18104 20746f776e73
18105 64656c
18106 2074657272696679696e67
18107 20c3a7616cc4b1c59f
18108 2073696e6f
18109 2065617473
18110 2067657a
18111 2067656d65
18112 20ec9984
18113 20636f6d70617274
18114 20696d706c656d656e74696e67
18115 20506f74746572
18116 204765726d616e73
18117 2067c582
18118 2074656e6e6973
18119 20636172706574
18120 61756572
18121 205361756469
18122 79656f6e67
18123 206375727279
18124 20466f72657374
18125 d18bd0bb
18126 206669667465656e
18127 20626f6c7473
18128 207b5c
18129 acb4
18130 20736574746c656d656e74
18131 206c616e6765
18132 2062616d
18133 476574
18134 ed9599
18135 2073776170
18136 204b68616e
18137 20636f6d6d656e6365
18138 2071756172616e74696e65
18139 2073636f726564
18140 e796
18141 2031393530
18142 20746869636b6572
18143 2073c3bb72
18144 e58fa3
18145 204c61727279
18146 20616c6c657a
18147 ec8b9ceb8a94
18148 2067c3bc
18149 2073706563746163756c6172
18150 2f2f
18151 626f7468
18152 207374617473
18153 e5a6b3
18154 204e616e6379
18155 2062756e75
18156 206372757374
18157 20616374697661746564
18158 20eab7b8eb9e
18159 6f75746865
18160 20706f727473
18161 206e657572616c
18162 206a6177
18163 206f62736572766174696f6e73
18164 20766f6974
18165 6162616e
18166 e1baa369
18167 a6aceba5bc
18168 6f6d6573
18169 e0af8b
18170 717569
18171 206b696e646e657373
18172 d091
18173 203431
18174 206d6f646572617465
18175 20616e67656c73
18176 2054616d62
18177 c3a874
18178 2063686c6f72
18179 2042696c6c79
18180 ecb298eb
18181 61636f6e
18182 2073656c656374696e67
18183 2044656c7461
18184 206e756c6c
18185 64656e6c79
18186 2063697564
18187 2074656e64656e6379
18188 20627265616b646f776e
18189 206d696e74
18190 d184d0bed180d0bc
18191 6f727068
18192 206461776e
18193 737072
18194 2057494c4c
18195 c3a463686c696368
18196 207075707079
18197 373030
18198 20e0aea4
18199 206661696c73
18200 20436f6e63
18201 2072656c617469766573
18202 20696e766974696e67
18203 206175746f6e6f6d
18204 20636f6d706f736564
18205 20756e697479
18206 206465636973
18207 206163636573736f72696573
18208 2043617373
18209 2062697374
18210 20546970
18211 eca7b8
18212 2070756e74
18213 2072c3a170
18214 e980b2
18215 414e4b
18216 e3819a
18217 6578697374
18218 20636f6d70617469626c65
18219 206e6572
18220 20d0b5d0bcd183
18221 2061706c6963
18222 2062617074
18223 206661696c696e67
18224 2054616d616d
18225 206f7363696c6c
18226 206c65747a74656e
18227 2072657065617465646c79
18228 206a756e676c65
18229 2050757368
18230 686169
18231 20ceb7
18232 20646561646c79
18233 d18fd0b6
18234 7769c485
18235 20436f6d6d6f6e
18236 20ce95
18237 20736b617465
18238 5443
18239 204d696e69
18240 20686f626279
18241 e1baa76e
18242 20726f75746573
18243 20616d69676f73
18244 20636f6e6a756e
18245 20706172746e65727368697073
18246 206e6f766f
18247 2061766572
18248 20706f7576657a
18249 627269646765
18250 207072656f63
18251 68696d
18252 2074757262
18253 20736f62
18254 20536e6170
18255 20ecb0b8
18256 6d696e757465
18257 207472616a656374
18258 756ac499
18259 206561676572
18260 20726567756c61746f7279
18261 2062616e6b696e67
18262 626c696e67
18263 d188d18c
18264 61c5bc
18265 2062697a61727265
18266 697461746564
18267 64697265
18268 20746872656174656e6564
18269 207368696e696e67
18270 206e65737365
18271 20636f727073
18272 20d181d183
18273 2074656c6573
18274 2074656d70
18275 74656d
18276 20d0bad0b0d0bd
18277 206665766572
18278 4e6577
18279 2068656176696572
18280 20536168
18281 627564
18282 206f7574726f73
18283 20ecb0be
18284 20ebaa85
18285 617272696e67
18286 20eab49cecb0ae
18287 204e6170
18288 2073656d696e
18289 205468616e
18290 696673
18291 20646573656e
18292 20d182d0b0d0bad0bed0b5
18293 206c6f736573
18294 2042616c74
18295 6b6f6e
18296 20d0bdd0b0d0bfd180
18297 20766f6973
18298 204d6f73636f77
18299 20636861697273
18300 686973
18301 207265667567656573
18302 6b67
18303 206b6f6c65
18304 8da8
18305 d0b0d181d0b8d0b1d0be
18306 a6bd
18307 20556e697665727365
18308 20446972656374
18309 206368656174696e67
18310 2043696e
18311 207061747269
18312 20616476697365
18313 204e6574686572
18314 207072696d6569726f
18315 206d656e74696f6e696e67
18316 6e7574
18317 3536
18318 6172c4b1
18319 20706574697465
18320 626c6564
18321 2070656e736172
18322 6963696f
18323 494e44
18324 207665746572616e
18325 206c6164646572
18326 20636f6e73657175656e6365
18327 d0bed0b6d0b0d0bb
18328 204275726e
18329 20727567
18330 204d616465
18331 20676974
18332 222e2e2e
18333 20636f6d70657469746f7273
18334 2070727a6564
18335 206170706172656e74
18336 20417267656e74696e61
18337 20576f726b696e67
18338 20636f6c6c61626f72617465
18339 776f6d616e
18340 2072657461696e
18341 206c65757273
18342 2064617368626f617264
18343 d799d793
18344 204561726c79
18345 424d
18346 20d0b5d191
18347 d0bed0bbd0bed0b3
18348 2073617469736679696e67
18349 206f6674656e74696d6573
18350 206d617070696e67
18351 c3bc6e6bc3bc
18352 61727468
18353 666f6c64
18354 206c61756e6368696e67
18355 2061757261
18356 20707265636973696f6e
18357 776f726b73
18358 476f64
18359 207374726170
18360 20496d706572
18361 20726976657273
18362 207c
18363 2063756572
18364 7265676f6e
18365 206172726976616c
18366 d0bad0b0d185
18367 204d69616d69
18368 d0b0d0bdd18b
18369 207375727669766f7273
18370 2053656e696f72
18371 4461766964
18372 2065737461646f
18373 20736563746f7273
18374 20706f7070696e67
18375 206368696d
18376 6179c4b1
18377 206b756e6e656e
18378 2067616c6c657279
18379 2073756e6c69676874
18380 65736568656e
18381 2079656c6c696e67
18382 204d65696e
18383 2050686f656e6978
18384 206d616e6f
18385 20686973746f726961
18386 206f6363757272696e67
18387 e6acb8
18388 ecb8
18389 d0b0d0b4d0b8
18390 e5be85
18391 20696e737469747574696f6e616c
18392 20547574
18393 e7b2
18394 20736c61766573
18395 e381a9e38186
18396 20666f72676976656e657373
18397 207477696e
18398 204879756e
18399 d0bdd18c
18400 204b6f6d6d
18401 616e647261
18402 73686f74
18403 7373c3a4
18404 20d186d0b5
18405 61747461
18406 20657870656e7365
18407 20475055
18408 2050617374
18409 7269626c79
18410 20ebad90ec95bc
18411 20d0b3d0bed0b4d0b0
18412 20726573706972
18413 e69db1
18414 20517565656e73
18415 686f7073
18416 2073c3a9726965
18417 2070726566
18418 20636f6d6564
18419 20706c7574
18420 204f766572616c6c
18421 20e3819d
18422 2063757368
18423 2072696e67696e67
18424 20696e636f7272656374
18425 20d181d182d180
18426 2067656f6d65747279
18427 206164766572746973
18428 20d0a8
18429 207265766965776564
18430 e38182e38182
18431 20646f7a656e73
18432 2064657465726d696e6174696f6e
18433 205068696c6c
18434 20636f6e7472696275746564
18435 20436974
18436 2070617373656e67657273
18437 2063c3b474c3a9
18438 207265766572
18439 20746563686e6f6c6f676963616c
18440 20616c6c656e
18441 207261696e696e67
18442 617669
18443 2073616c7479
18444 20747970696e67
18445 20d182d0b5
18446 2074696c74
18447 20ecb998
18448 20d0bed180
18449 20d0bfd180d18fd0bc
18450 20726f75
18451 206172656e61
18452 61726174
18453 e588ab
18454 48484848
18455 206d616e75666163747572657273
18456 20456477617264
18457 207475636b
18458 20626c6f7773
18459 696e676f
18460 204d617263
18461 ec9584ec849c
18462 4d696368
18463 20436c65616e
18464 e8b4
18465 6573746f
18466 205061636b
18467 207368616674
18468 4252554e4f
18469 206176656e
18470 757572
18471 d181d0bad0bed0bbd18cd0bad0be
18472 eab480
18473 206175746f6d61746564
18474 2076656e74757265
18475 207375727665696c6c616e6365
18476 2047726f77
18477 20456d6572
18478 20d0b4d0bed180
18479 20696e766573746f72
18480 20596f6b
18481 206c6174746572
18482 204e49
18483 2066756e6374696f6e696e67
18484 2048616d696c746f6e
18485 203531
18486 206d75726465726564
18487 20616e63686f72
18488 20637563
18489 20534350
18490 204d6164616d
18491 20636f6e73747261696e7473
18492 206261726e
18493 616e6b656e
18494 20eba78eec9d80
18495 204d6f746f72
18496 20446f696e67
18497 20616d656e
18498 65747473
18499 20696e7374727563746f72
18500 656774
18501 616b6f
18502 20706f7374757265
18503 69766961
18504 20506f6c697368
18505 20d0b4d0b2d0b0
18506 20636f6c6f7266756c
18507 20656c626f77
18508 207061726c65
18509 20706173736572
18510 20636f6e64656d
18511 6f7274616c
18512 2066657274696c
18513 d8a7d8af
18514 20436f6c6f6d62
18515 20616c69676e6d656e74
18516 20617374726f6e617574
18517 204d7574
18518 2073616c6d6f6e
18519 2073747275637475726564
18520 9ed7a8
18521 20636c69636b73
18522 206d69656a
18523 e694bf
18524 e38184e38284
18525 20526f756e64
18526 207261696e626f77
18527 205641
18528 e38194e38196
18529 eca788
18530 6f747a
18531 2c3c2f
18532 204e69636f6c65
18533 6c697368696e67
18534 207768696c7374
18535 2072657075626c6963
18536 2074616d616d
18537 766572746564
18538 207265636f676e697a696e67
18539 20d0b3d0bbd0b0d0b2
18540 20647562
18541 204a6f73
18542 66616c6c73
18543 69636869
18544 20637ac499
18545 20d0a6
18546 204d69746368
18547 4352
18548 636c69636b
18549 e38184e381a6
18550 207374756e6e696e67
18551 204a756c6961
18552 6d657273
18553 20506f6c79
18554 206465737361
18555 20696e74c3a9
18556 20eab3a0eb
18557 20646fc49f
18558 206469766572
18559 20737472696b696e67
18560 6170686f72
18561 206170656e6173
18562 6f75736573
18563 2074726167656479
18564 2046616e
18565 205475726b697368
18566 2070726f70686574
18567 2064697374616e63696e67
18568 2048656d
18569 20636172746f6f6e
18570 4b65
18571 616e74696e67
18572 20436c61726b
18573 e7bf
18574 206461766f6e
18575 20ed85
18576 2079756d6d79
18577 20636f6d70726f6d697365
18578 2073746172747570
18579 72697474
18580 20636572746966696564
18581 2070696c6c6f77
18582 62657265
18583 eca480
18584 20736567756972
18585 207374616469756d
18586 617469766f
18587 2073696d706c6572
18588 b3b8
18589 2076697361
18590 2070617468776179
18591 206e7565766f
18592 20726179
18593 e38390
18594 e99c
18595 c3b6c39f
18596 20d0b7d0b0d0bd
18597 2063656c656272697479
18598 d0b7d0b0
18599 2065696e6573
18600 20476976656e
18601 20417261
18602 204a6f62
18603 2079616b
18604 20417262656974
18605 72657373696e67
18606 c3a16e64
18607 2067726162626564
18608 70656e64
18609 2073696e65
18610 69726b
18611 20d09ed182
18612 20466c65
18613 696368656e
18614 e7a6
18615 204e65696c
18616 e8999f
18617 20726570656174696e67
18618 2064726177696e6773
18619 72697365
18620 20676c6974746572
18621 66697665
18622 2073757274
18623 20736963686572
18624 2061646a7573746d656e7473
18625 20e982a3
18626 69707069
18627 636b65
18628 20726570726573656e74617469766573
18629 206d69647374
18630 2073706f696c
18631 6d657965
18632 2074616773
18633 20796570
18634 205374657068616e6965
18635 2067657265
18636 20527564
18637 e78b
18638 2067726f73
18639 207175657565
18640 206163636f7264
18641 206f7267616e69736174696f6e
18642 656e6479
18643 2054657874
18644 c3bc796f72
18645 20c3ad
18646 20636f6e636c7573
18647 20eca480eb
18648 20616d70
18649 204c657373
18650 20eb9098eb8a94
18651 63616e6f
18652 20506978
18653 61706564
18654 20646172617566
18655 756f
18656 796e7468
18657 6162656c
18658 20446f6e65
18659 206469636b
18660 6174686f6e
18661 2068696c6172
18662 6163636f
18663 20ec868d
18664 204f7265676f6e
18665 205765696c
18666 206d617468656d6174696373
18667 20616c6d
18668 20706978656c73
18669 206672c3a56e
18670 d0b1d0be
18671 4643
18672 d0bdd18e
18673 6865696d
18674 676f73
18675 20466f72676574
18676 66656e64
18677 20566f696cc3a0
18678 204772656574
18679 20ceb1cf85cf84
18680 207265637572
18681 e694b6
18682 3531
18683 20ec9e88eab3a0
18684 4174
18685 207961726473
18686 d0b8d182d0b8
18687 206f6666736574
18688 726f6c6c696e67
18689 20d09fd0bed181
18690 20656e6c69676874
18691 20506164
18692 6c696d69746564
18693 d0b8d0bbd18cd0bdd0be
18694 2053617261
18695 20d181d0b4d0b5d0bbd0b0d182d18c
18696 6d617274
18697 204a756d70
18698 2061646f7261626c65
18699 6f727365
18700 6368656572696e67
18701 20656d7061746879
18702 20546f6e69676874
18703 6f7270
18704 2048756e746572
18705 506f696e74
18706 d0b3d0b0
18707 2070617373656e676572
18708 204b6e69676874
18709 207365656d696e676c79
18710 687568
18711 2074686561747265
18712 20746f6d62
18713 20646570726573736564
18714 2073756d6d6f6e
18715 20736174697366616374696f6e
18716 646f6f7273
18717 20486f7573746f6e
18718 d0b0d18ed189
18719 2052696f
18720 d0b3d0bbd18f
18721 20617272616e676564
18722 2068616e646c6573
18723 207472696c6c696f6e
18724 206e696768746d617265
18725 205175616e646f
18726 206f6c65
18727 204775696465
18728 6f6f6f
18729 2062696c65
18730 20656d70657a
18731 203732
18732 637269626564
18733 2070726f6772657373696f6e
18734 204c696e7578
18735 eba6ac
18736 20ecb298ec9d8c
18737 20666f7373696c
18738 20717565726f
18739 ec86a1
18740 6174697661
18741 2070757a7a
18742 205a7573
18743 e382aa
18744 20746872696c6c6564
18745 204342
18746 206d696e6572
18747 d180d0b0d189
18748 20534152
18749 204e6f73
18750 20d0b3d0bed180d0bed0b4
18751 2063616d62
18752 20d182d0b0
18753 20726573756c746564
18754 204469636b
18755 6f756e67
18756 20636f6d696373
18757 206162736f6c7574
18758 7374616e
18759 64696d656e73696f6e616c
18760 2074656e7365
18761 6d7573
18762 20496e74656c6c
18763 20d18dd182d183
18764 20706861736573
18765 20766f6c7461
18766 2076c3a36f
18767 626f756e64
18768 20416e646572736f6e
18769 20637572696f73697479
18770 20706f6e74
18771 e98099e8a3a1
18772 2064656d6f6e73747261746564
18773 6f6c696e65
18774 205370656564
18775 206d616d61
18776 2073686f636b696e67
18777 206b69656479
18778 2065617274687175616b65
18779 20696d706c696573
18780 20656e74657273
18781 9e80
18782 20656c657661746f72
18783 2064656c696768746564
18784 204d697474
18785 204261736564
18786 20446f6c
18787 206b656e
18788 20776f727279696e67
18789 2066696c6564
18790 61696c616e64
18791 20d0bcd0b5d182
18792 206d617363
18793 20ce91
18794 204a756c6965
18795 2064696d656e73696f6e616c
18796 68756d616e
18797 546f6b
18798 c3bf
18799 20756e7374
18800 207365756c65
18801 20656d626172
18802 20ed95a9eb8b88eb8ba4
18803 6163696f6e
18804 20ec89
18805 20ebb680ebb684
18806 20686561746564
18807 e280a6e280a6
18808 2221
18809 207265616c697365
18810 d0b5d182d18b
18811 69656e6961
18812 69657a
18813 2066c3bc68
18814 2045737365
18815 207073
18816 2064c3b3
18817 617374657273
18818 206f6e73
18819 504d
18820 20726574726f
18821 6d616b6572
18822 7768656e
18823 20656c6c61
18824 204c6976696e67
18825 204c616d
18826 2074726f6e67
18827 20617070726f7665
18828 20ceb8ceb1
18829 2073756e67
18830 d0b5d0bdd0b8d18e
18831 2052656d6f7665
18832 c3a86e65
18833 6972656e
18834 20737472616e676572
18835 d0b8d0bdd18b
18836 2076c3a6
18837 6166746572
18838 6f74746f
18839 94eba19c
18840 2041686f7261
18841 6d696c6c
18842 495348
18843 2067726164756174696e67
18844 6b7465
18845 2072656e6f76
18846 2070726f636573736564
18847 6b657973
18848 d0b5d0bad0be
18849 20656e72696368
18850 20c59f656b
18851 20696e736563
18852 204e616e
18853 63616b6573
18854 20696c6c7573696f6e
18855 98eba5bc
18856 206169726c
18857 696d73
18858 20616e74656e
18859 e1bbaf6e67
18860 736e
18861 2070726563697361
18862 eab8b0ec9e90
18863 20d8a7d984d8b9
18864 20666f72656d6f7374
18865 20706172616772617068
18866 6176616973
18867 20d0b2d0bed181
18868 206d616e73
18869 c3ad666963
18870 626f74
18871 20d8b9d986
18872 2062726f7468
18873 20616c7465726e617465
18874 2043686170746572
18875 20766563746f7273
18876 65736172
18877 20696e6469636174696f6e
18878 204e65696e
18879 b681
18880 206a65616e73
18881 5945
18882 636f6e64
18883 20756e69746564
18884 616269
18885 205365726765
18886 207061727469616c6c79
18887 206d6163726f
18888 e6898d
18889 e5bcb5
18890 206574686963616c
18891 72756974
18892 2073686966746564
18893 2063616265
18894 206d617468656d61746963616c
18895 2072756465
18896 d799d795d7aa
18897 204d657263
18898 2067616e7a65
18899 6963696f6e
18900 20756e636f6e7363696f7573
18901 206275726e74
18902 20d180d0b5d0b1
18903 ed8ab8eb
18904 20636861726d
18905 616e64616c
18906 ecb29c
18907 6f746879
18908 2048616469
18909 20617070726563696174696f6e
18910 454e44
18911 2072c3a9616c
18912 b684eb93a4
18913 204e6167
18914 a0a4eab3a0
18915 204c617572656e
18916 2076e1bb9b69
18917 20427269646765
18918 20556d6d
18919 20576567
18920 20636861717565
18921 20536f7068
18922 2067647a6965
18923 ed919c
18924 2073746572
18925 20426c61
18926 207265666c65637473
18927 2062656e63686d61726b
18928 d0b2d0b0d182
18929 616d696e65
18930 e381a1e38283
18931 20616e68
18932 20636f6e74696e656e74
18933 20464441
18934 eca1b0
18935 20c3aa746573
18936 d799d790
18937 e5bc80
18938 20626c6f6f6479
18939 204e696e65
18940 69656c74
18941 656d616e64
18942 20ebb3b4eab3a0
18943 20746964616b
18944 20536369656e74
18945 706c6578
18946 6f7374656e
18947 20616e696d61746564
18948 61737361
18949 2064657269766564
18950 20d0b8d181d182d0bed180
18951 204d6967
18952 ec8598
18953 20726f73
18954 706c7573
18955 6f73617572
18956 205e
18957 20696e74656e73697665
18958 20676c6f62616c6c79
18959 206469666572656e
18960 ec9db4eab3a0
18961 e4bda0e79a84
18962 c48564
18963 2064c3a973
18964 2070726573656e746174696f6e73
18965 2043726f
18966 206573736573
18967 204265747765656e
18968 5061
18969 206e6177
18970 e0b8ade0b887
18971 206272656564
18972 6963687465
18973 20d09ed0bdd0b8
18974 204275696c64696e67
18975 20636f6e666f726d
18976 4d4f
18977 20d096
18978 204b6964
18979 6e6173
18980 20447565
18981 72c3a973
18982 2064696f78
18983 2042696e
18984 2074617869
18985 20736170
18986 20487562
18987 e782bae4bb80e9babc
18988 2063656e7465726564
18989 207375726765
18990 2061766f6e73
18991 206c6561726e74
18992 2059616d
18993 204469657365
18994 d0bdd0b8d0bad0b8
18995 204265696a
18996 57696c6c
18997 20617474656d70746564
18998 206772696566
18999 c3b36a
19000 206b69646e6579
19001 206f70706f6e656e7473
19002 e69bb4
19003 206e6f6d65
19004 3537
19005 d18fd182d0bdd0be
19006 206d69646e69676874
19007 416e6e6f756e636572
19008 6163697479
19009 6f6e6564
19010 20707565646573
19011 2070726f626c656d61746963
19012 20636f7073
19013 2050657465
19014 72696e74
19015 756e746564
19016 20626970
19017 e6a2
19018 20c380
19019 2063656e73
19020 61746976656c79
19021 20e4b88d
19022 20757267656e74
19023 207374727567676c6564
19024 6163687573
19025 206d6963726f77617665
19026 2053696465
19027 2044656e6e
19028 20d18fd0b2
19029 2075726765
19030 20666f7263696e67
19031 77616e67
19032 20d0bad0bed182d0bed180d0b0d18f
19033 206d616d6d
19034 20f09f8e
19035 20747269626573
19036 20536861646f77
19037 2053616e67
19038 204869746c6572
19039 206c756e
19040 207363656e74
19041 eca791
19042 206f7665727768656c6d6564
19043 20626f6d6273
19044 206372696d696e
19045 20636f6e736f6c6964
19046 206d6f6c6563756c6172
19047 d795d7a7
19048 6e6f72
19049 20706572636569766564
19050 2076c3a9
19051 20616c746f676574686572
19052 206f727468
19053 2076656d
19054 207a776172
19055 697a6f
19056 c5ab
19057 206d656c746564
19058 6f7264656e
19059 20436861726c6f747465
19060 20457863656c
19061 61727461
19062 ec9ca0
19063 20476577
19064 20726f6d616e6365
19065 6572656d6f73
19066 20636f6c6f6e69616c
19067 20747261646974696f6e616c6c79
19068 207175616e
19069 686f6f
19070 206368616d70696f6e73686970
19071 20617262697472
19072 ec8594
19073 20d0bcd0b8d0bd
19074 2073656c66697368
19075 20626c6577
19076 7279696e67
19077 206f70657261746f7273
19078 206a7572697364
19079 8f85
19080 756974696f6e
19081 204543
19082 20416e79626f6479
19083 76617465
19084 696574696573
19085 20616e616c797374
19086 b4ec9790
19087 20d0b2d181d0b5d0b3d0b4d0b0
19088 c3a7656b
19089 204b756e
19090 206167696e67
19091 d5a1
19092 d180d0b0d184
19093 204d6f6d656e74
19094 20487561
19095 e883
19096 7468656e
19097 d0b5d0bbd0b0
19098 6573746f6e65
19099 20656e6465
19100 2061776172646564
19101 206ec3a463687374656e
19102 2053706f74
19103 204e6567
19104 206661697279
19105 e4bba3
19106 20436f766572
19107 206465706f736974
19108 2073747265737366756c
19109 206a756e6b
19110 206d657461626f6c
19111 4a61
19112 20eab780
19113 20756e6465726772616475617465
19114 2063616e63656c6c
19115 20636f6e73656e737573
19116 206f736f
19117 e98791
19118 e1bab7
19119 c49f6572
19120 72616461
19121 2050616c616365
19122 20706564616c
19123 2065786167676572
19124 206265686176696f72616c
19125 706c61796572
19126 6c6c6573
19127 20636f6e6e6563746f72
19128 20736b657074
19129 8d94eb9dbceab3a0
19130 206d697474
19131 2048616861
19132 207065717565
19133 20476f7474
19134 66616e67
19135 e0b0
19136 6a6f73
19137 206b69636b696e67
19138 206d6f756e746564
19139 207265706c6163696e67
19140 766f73
19141 2071756965746c79
19142 206d696c6974
19143 206f776e73
19144 206e6976656175
19145 20617572
19146 20427579
19147 20707265646963746564
19148 20636f7773
19149 20706f6e6572
19150 20447269
19151 2072656d61726b73
19152 207265706f72746572
19153 2061726b616461c59f
19154 d0b5d181d182d0b8
19155 207361766573
19156 20c3a76f63
19157 206d65746170686f72
19158 204b656c
19159 73746174696f6e
19160 73656d626c79
19161 2061647669736f72
19162 20776f726b73686f7073
19163 206163636f756e74696e67
19164 20746f6b
19165 6e696572
19166 696e6e6572
19167 20627572616461
19168 204242
19169 204f6c796d706963
19170 205072616374
19171 436872697374
19172 20d181d18e
19173 206b6173
19174 20766965776564
19175 206d61726b657273
19176 20666f746f
19177 6765746963
19178 204c75636173
19179 2070616473
19180 204a6f68
19181 20434455
19182 616666656e
19183 6172656d
19184 204265636b
19185 20476f7368
19186 73686974
19187 e3818ce381a8e38186
19188 204d61746572
19189 6162756c617279
19190 20526f6f6d
19191 6c6c656e
19192 20466f6c6c6f77696e67
19193 20646f6974
19194 62616c6c73
19195 697861
19196 2067726f756e6473
19197 20ec9e88eb8a94eb8db0
19198 4c53
19199 2077696c646c696665
19200 2053514c
19201 20736869667473
19202 e4b880e9bb9e
19203 426f6f6b
19204 20686f73746564
19205 6c6c6f72
19206 20736e617073
19207 206265736f696e
19208 20d7a9d794
19209 207065616e7574
19210 c3a46674
19211 b9a0
19212 c59b6c
19213 41756469656e6365
19214 2042617262617261
19215 2061646f7074696f6e
19216 20776f6c66
19217 20d0bed181d0bdd0bed0b2
19218 61726461
19219 206578706f7365
19220 20eca6
19221 6a6173
19222 c493
19223 20636f756e746c657373
19224 20eca781
19225 6865616c7468
19226 75656e74
19227 69736f
19228 6f74696f6e
19229 2068756e676572
19230 206d6f6973
19231 6f666673
19232 20636c61696d696e67
19233 20ce9a
19234 2042656c67
19235 20d0bdd0b0d0b9
19236 eab8b0eb8f84
19237 20756e707265
19238 20676564
19239 20496f
19240 20d0bfd0bed181d0bcd0bed182d180
19241 20636fc59b
19242 204e61727261746f72
19243 20c3876f6b
19244 ed99a9
19245 e0b8ade0b8a2
19246 6369706c
19247 2074696d6572
19248 206465666963
19249 6176696e
19250 2063617465676f72
19251 207468726f7773
19252 20eb829c
19253 20d0bfd0bed181d0bbd0b5d0b4
19254 2054686169
19255 206d617363756c
19256 2062656b6f6d6d656e
19257 20696e7465726e6174696f6e
19258 756c7365
19259 20617965
19260 20706f69
19261 20706978656c
19262 4368726973
19263 2073746f7665
19264 cebfceb9
19265 2067656e657261746f72
19266 20ecbbaceb
19267 2061636164656d
19268 20707261637469636564
19269 20617175657374
19270 20636f6e747269627574696e67
19271 204967
19272 20e1bb9f
19273 20636f6e7461696e696e67
19274 2077726573746c696e67
19275 20d187d0b5d0b3d0be
19276 6861757074
19277 206573736173
19278 76656c6f7065
19279 20657863657074696f6e616c
19280 5955
19281 204170706c61757365
19282 726963616e65
19283 20636f6e76656e69656e6365
19284 20d0b4d0b5d0bbd0b0d182d18c
19285 d0b8d0bbd0b8d181d18c
19286 20456e7669726f6e
19287 3835
19288 2063c3a2
19289 20ec9588eb8595ed9598ec84b8ec9a94
19290 204d4f
19291 20506f7065
19292 20736168
19293 6f6269
19294 206d617374657273
19295 61696e6573
19296 20626c657373696e6773
19297 206f626579
19298 20666c7578
19299 2062726f77
19300 20ec8ba4
19301 20706f70756c6172697479
19302 204c616d62
19303 7a657567
19304 ec9994
19305 8f84eba19d
19306 6974756174696f6e
19307 206163636f6d70616e
19308 206469616c6f67
19309 204a616d6965
19310 e58aa0e6b2b9
19311 20736577696e67
19312 20626c656564696e67
19313 206261696c
19314 2074687265616473
19315 6f646765
19316 205368616e67
19317 206465706c6f796d656e74
19318 63686564
19319 2073617469736679
19320 206c617a
19321 206d697373696c65
19322 204c696e6b6564
19323 206d616b657273
19324 6369756d
19325 667265
19326 20eba8bc
19327 20ebacb4eb
19328 2045646765
19329 20736f63696574696573
19330 2061677561
19331 2073796e6368726f6e
19332 a1a0
19333 756e6674
19334 20756e6d
19335 20747269616e67
19336 20696e6a757374
19337 746f70
19338 206f72616c
19339 6b6f72
19340 20ed95a8
19341 6c64696774
19342 6365c49f
19343 71756574
19344 204c656f
19345 207361766f6972
19346 206561737465726e
19347 696575
19348 206578706564
19349 20d0a1d0bf
19350 20756e6e6563657373617279
19351 20506572666f726d
19352 204d696e67
19353 20d180d0b0d0b2
19354 20696e74656e74696f6e73
19355 20636f6d7072657373696f6e
19356 20536163
19357 cebfcebb
19358 6172736f6e
19359 2074726f757665
19360 204d7568616d6d6164
19361 20d0b2d18bd181
19362 2066696e697465
19363 20d0bdd0b0d185d0bed0b4
19364 756761
19365 d180d0b0d0b7d183
19366 2063656c65627261746564
19367 20636f6e66657373
19368 2073717561726573
19369 20476f72646f6e
19370 20eb8298ec98
19371 2073796e64726f6d65
19372 20636f6d706c6574696f6e
19373 206261636b696e67
19374 2064617266
19375 20517572616e
19376 20696e7465726d656469617465
19377 206b6572
19378 2064c3bc
19379 686573697665
19380 206163636f756e746162696c697479
19381 2052656265636361
19382 e89197
19383 20536c656570
19384 2064696666c3a972656e74
19385 6f6c73
19386 2052696365
19387 20ebb3b8
19388 20616e746962696f74
19389 cf84ceac
19390 727a
19391 616d626c696e67
19392 2073656e7369746976697479
19393 206368726f6e
19394 616c6c6173
19395 3634
19396 20666c656574
19397 206f7074696d6973746963
19398 d181d0bad0bed0b3d0be
19399 206a616469
19400 61696c6c65757273
19401 20456e6f756768
19402 2073656e696e
19403 207061636b73
19404 626e
19405 2041726561
19406 2054726f
19407 a8eba6ac
19408 d0b0d194
19409 2054686f6d
19410 206861726d6f6e79
19411 d0bdd0b8d0bad0b0
19412 20736f6d65646179
19413 495345
19414 2042726f6164776179
19415 6c61726573
19416 65726e657373
19417 e0b984e0b8a1
19418 2054656e6e
19419 204e41544f
19420 e3828ae381bee38199
19421 206d696e75746f73
19422 204b616e736173
19423 204d6f6e67
19424 20636f6d707465
19425 e59b9b
19426 8aa4
19427 20ec97ad
19428 2073757065726865726f
19429 2047617264656e
19430 204d6f73
19431 206174746163686d656e74
19432 2062757374
19433 e0af8a
19434 20546861696c616e64
19435 73746174
19436 207370696365
19437 204c6562
19438 206c656170
19439 7a656368
19440 474c
19441 207665726c
19442 20666978696e67
19443 20ebb3b4eba9b4
19444 20706f726e
19445 2062c3bc79
19446 20d985d8a7
19447 2056697274
19448 20546f6d6d79
19449 20636172676f
19450 204f6c6861
19451 20726f6b75
19452 d983d986
19453 2062616b6564
19454 2074616374696373
19455 206d61726b6574706c616365
19456 206b74c3b37261
19457 61726c6f
19458 207377697463686573
19459 206361636865
19460 204852
19461 2047616e
19462 20475053
19463 2064756173
19464 6865726573
19465 d0b5d180d188
19466 747261636b
19467 206c756e6773
19468 53746174696f6e
19469 6967676c6573
19470 2063616d70696e67
19471 e59387
19472 20636f6d706c6574696e67
19473 616d6173
19474 206379636c
19475 2070726f746f74797065
19476 204a75646765
19477 6f7479706573
19478 20696e66656374696f6e73
19479 a0a4eb
19480 d0b5d180d0b3
19481 6f6261
19482 20426f64
19483 205365636f6e646c79
19484 2061706f7374
19485 20736f676172
19486 207265617373
19487 69656b
19488 e696bc
19489 20617368616d6564
19490 20637572766573
19491 20d0b2d0b0d0b6
19492 20656e73656d626c65
19493 61747572
19494 2070686f746f67726170686572
19495 20656967687468
19496 20776173746564
19497 e7ae97
19498 2064616d70
19499 20d0bcd0b0d0bb
19500 6172656e61
19501 20696e7465726e616c6c79
19502 206865656c73
19503 2053616c74
19504 20626c6972
19505 88eb8298
19506 20636f6e7472617279
19507 207072696d61
19508 206f7373
19509 20726162626974
19510 206175746f72
19511 2062726f61646c79
19512 c3ad7374
19513 206261636b73
19514 ed9484
19515 65746f
19516 206a757279
19517 e8b1
19518 2070726f737475
19519 2062617261
19520 207061726c69616d656e74
19521 6f7269656e74
19522 d0b8d0bbd0b0d181d18c
19523 20696e646972656374
19524 c3a16d
19525 20c3a572
19526 20747261697473
19527 2064c3ad6173
19528 d984d985
19529 204354
19530 616c797374
19531 206c6976657374
19532 206b6f73
19533 4d6179
19534 204a696e67
19535 206a6f75726e616c69737473
19536 d187d0b8d0ba
19537 61726d73
19538 20eab090ec82ac
19539 20d0b8d0bcd0b5
19540 20c3a967616c
19541 204e6577746f6e
19542 207265636f7665726564
19543 20627261756368656e
19544 2042726f6e
19545 d0b0d0bdd0be
19546 2070616c65
19547 707269736573
19548 20686f726173
19549 63687473
19550 e9809a
19551 c3bfc3bf
19552 616b657273
19553 20416c61736b61
19554 7a69656a
19555 2073636f6f70
19556 ec9db4eab080
19557 e38195e38184
19558 636f72
19559 c3a96cc3a9
19560 2073757267
19561 207669656e65
19562 204b72697374
19563 3534
19564 2062616e6e6564
19565 20736d6f6f74686c79
19566 20747265617473
19567 2070726f6e6f756e6365
19568 20666c757368
19569 2063616d6269
19570 206d7573696369616e
19571 204173686c6579
19572 20535044
19573 20426f626279
19574 20676c6f7373
19575 72657370656374
19576 20726576696577696e67
19577 2067656e65726963
19578 c6b0e1bb9b63
19579 617473c3a463686c696368
19580 206865616c7468696572
19581 7562657273
19582 20d0b4d0b0d0bd
19583 204d65646963617265
19584 3533
19585 20636f6d706c61696e7473
19586 6a6163
19587 206167726963756c747572616c
19588 537065
19589 204a6f6e67
19590 2064696f78696465
19591 eab2a8
19592 656c696a6b
19593 2053686974
19594 61696e7473
19595 2049616e
19596 2053696d706c79
19597 2053747265
19598 e69c8b
19599 20474450
19600 3539
19601 61737a
19602 204b61746965
19603 20d0b1d180
19604 207065656b
19605 6f77796368
19606 207265736f7274
19607 207265736964656e6365
19608 20737069636573
19609 6369c3b3
19610 206a65646572
19611 20656d6f
19612 617269756d
19613 2070756666
19614 eba789
19615 d183d0bbd18cd182
19616 206d657461
19617 20eca084eb
19618 206f7074696d697a6174696f6e
19619 67616e67
19620 20ed9584
19621 20656666696369656e746c79
19622 2076697375616c6c79
19623 2066726f7374
19624 20417274687572
19625 20c5bc
19626 20616368696576696e67
19627 20726f746174696e67
19628 206c696e696e67
19629 206f63637570696564
19630 e5bc9f
19631 6d656e746174696f6e
19632 2073747265746368696e67
19633 207374616c6c
19634 6f73746963
19635 205365766572
19636 20676c7563
19637 2072c3b3c5bc
19638 206f75747265616368
19639 73747261
19640 696b656e
19641 20ec9698eab8b0
19642 204a6f696e
19643 20696d7065
19644 20636f6d70656e736174696f6e
19645 20546174
19646 204361726c6f73
19647 c3bc687274
19648 204672616e636973
19649 636a69
19650 79656168
19651 206d656d6272616e65
19652 20657868616c65
19653 2072656c69
19654 204f52
19655 20726566726967657261746f72
19656 2056656e657a
19657 4c696b65
19658 20726169736573
19659 6f74746c65
19660 6174757261
19661 2072756c6572
19662 2077656572
19663 20677569646564
19664 204d61676e
19665 20436f72706f72
19666 8d94
19667 20617474726962757465
19668 20576f6168
19669 206172726f7773
19670 206177616974
19671 205072696d
19672 206469676e697479
19673 204f6e746172696f
19674 697363686572
19675 20ec8b9d
19676 696d656e
19677 6f75766572
19678 415353
19679 e1bb876e
19680 6f7079
19681 616368757365747473
19682 20656c6465726c79
19683 e58e9f
19684 4641
19685 204461696c79
19686 7368696e65
19687 203536
19688 e8a2
19689 6965726e6f
19690 20736b696c6c6564
19691 2067726fc39f65
19692 204f616b
19693 e7acace4ba8c
19694 6967676c65
19695 d0b5d0bbd0b5d0b9
19696 20626972617a
19697 2061726775696e67
19698 20d0bfd0bed18dd182d0bed0bcd183
19699 206472696674
19700 206861726e657373
19701 20646569786172
19702 6175747265
19703 20536565696e67
19704 206361706974616c69736d
19705 20456c64
19706 7a696f6e65
19707 204265796f6e64
19708 2070657266656374696f6e
19709 20686f65
19710 206465636c617265
19711 d0b0d0bbd0b0d181d18c
19712 20706f6b65
19713 20d7a1
19714 206669676874657273
19715 eab2a0eb8ba4
19716 d0bed180d0bed0b2
19717 206163636f7264696e676c79
19718 20497361
19719 206f7074696d697a65
19720 204d696e6973747279
19721 2073616765
19722 ec8b9ceba9b4
19723 2062656e69
19724 20646f6e6174696f6e
19725 20636c6561726564
19726 204c75636b696c79
19727 206861726d66756c
19728 b5ecbba4
19729 2063656d656e74
19730 d0bfd0b8d181
19731 2064656469
19732 204372616967
19733 2064656d6f6e73
19734 20637573746f6d697a65
19735 2069676e6f726564
19736 205469616e
19737 20686f706564
19738 20427572656175
19739 207269
19740 20596168
19741 20736f636b6574
19742 20666561747572696e67
19743 2070617266
19744 205445
19745 2054656163686572
19746 20636174616c6f67
19747 eab080eca780eab3a0
19748 205365697465
19749 20636f6e65
19750 2050616c657374696e
19751 206765776f6f6e
19752 206761696e696e67
19753 20d8a2
19754 20636174617374
19755 206e65696768626f7572
19756 495354
19757 20737465616c696e67
19758 2074726f6973
19759 20696e74656e64
19760 2053686f6f74
19761 2070696f6e65
19762 20496e74656c
19763 204c494e
19764 206272696768746572
19765 20596573746572646179
19766 20736f77
19767 73696e
19768 6f6473
19769 20657468696373
19770 20696e746572766965776564
19771 72656c6c
19772 2072656672657368696e67
19773 73c3a5
19774 20616273757264
19775 2070686f737068
19776 66696c
19777 2073746568656e
19778 76616c73
19779 206361726564
19780 e68896
19781 2064656c6c
19782 626f6e65
19783 20686f6368
19784 20707570
19785 20696f
19786 2061636f6e74656365
19787 656c6c6573
19788 2053706c
19789 696769
19790 2074c3a46e
19791 20656c657068616e74
19792 206761746573
19793 20736c69636573
19794 207072616e6b
19795 6f6b726174
19796 2068696c6172696f7573
19797 20536964
19798 20eb92a4
19799 20657373657265
19800 2074656c6570686f6e65
19801 696e616c6c79
19802 7261746f72
19803 2068656c69636f70746572
19804 2069c59f7465
19805 20676964
19806 20746f7572697374
19807 20636f6e666c69637473
19808 d0b0d182d0b0
19809 2074c3a9
19810 20617373657274
19811 206c61756e647279
19812 20426f6d
19813 207370656369616c697a6564
19814 204d6f6465726e
19815 6f67726166
19816 20616e6f
19817 20726574726965
19818 20507574696e
19819 20484152
19820 20d0bcd0b0d188
19821 20ceb1cf80cf8c
19822 207475747469
19823 20d0b2d182d0bed180
19824 ec96b5
19825 2042756c
19826 eb8ba4eba9b4
19827 c58265
19828 e69c8be58f8b
19829 6172696e
19830 20746865726170697374
19831 2067c3a572
19832 20437a79
19833 707065
19834 6d6972
19835 205465726d
19836 2042656172
19837 6c616365
19838 204d6f72656f766572
19839 2044697363
19840 20ed8380
19841 207469746c6564
19842 20737472697073
19843 2046616872
19844 2052696e67
19845 72616e646f
19846 616661
19847 e8baab
19848 2073686f727473
19849 207472756e6b
19850 2073656e7469646f
19851 cf89cebd
19852 206163726573
19853 206f76657264
19854 204f6c796d70696373
19855 e58fab
19856 204d65726369
19857 20eb8298ec98a4
19858 206765726d
19859 616d6d6564
19860 2070726567756e74
19861 204e7574
19862 203c2f
19863 2074726176656c73
19864 20766f636162756c617279
19865 6574656e
19866 6f646572
19867 20636f6e73756d696e67
19868 77726974696e67
19869 e8b685
19870 20617070656172696e67
19871 2061646a7573746564
19872 73656d
19873 206672656e7465
19874 206d6178696d697a65
19875 207a7769736368656e
19876 207a616d
19877 636f6e7363696f7573
19878 7a656b
19879 e8b0a2e8b0a2
19880 68616f
19881 ecb298eb9fbc
19882 20457069736f6465
19883 207669736962696c697479
19884 206d696a6e
19885 207669656c656e
19886 2042726f7468657273
19887 d799d791
19888 2076c3a46c64696774
19889 2063727573686564
19890 7566656e
19891 e4bda0e58091
19892 6163746963
19893 20426564
19894 204641
19895 69737369707069
19896 2072656d6f74
19897 2070657473
19898 207468756e646572
19899 204d616d
19900 ec95b5ecbba4
19901 706172656e7473
19902 2062c4b1
19903 20737572746f7574
19904 207365676d656e7473
19905 206e65686d656e
19906 207574696c697a
19907 2052756279
19908 2072e1bb9369
19909 2068617070696c79
19910 2062757368
19911 756c74616e
19912 e78ea9
19913 d8b8
19914 2048696c
19915 206c61776e
19916 2065796562726f7773
19917 6d657a
19918 20537964
19919 726570
19920 696e66
19921 e9a0ad
19922 206f76657268656164
19923 637a6e6965
19924 206f786964
19925 20576f6c
19926 2064657374726f79696e67
19927 204164646974696f6e616c6c79
19928 756d626c6564
19929 646570
19930 206465706f73
19931 20636f6d6d6f64
19932 2063616b6573
19933 2074616c656e7473
19934 20706f757271756f69
19935 20636f6e74656d706c
19936 6e656c73
19937 d0bed189
19938 20417261626963
19939 204d6172796c616e64
19940 e78e8b
19941 6f776f
19942 20506c61
19943 c49f6c756d
19944 2070726f706865
19945 20526570726573656e74
19946 6f706f6c
19947 6163636f7264
19948 204d65616e696e67
19949 206a6f696e7473
19950 206272616b6573
19951 636b74
19952 2031393939
19953 207075626c69636174696f6e
19954 20526576696577
19955 d0bed0b9d0b4
19956 206e69636865
19957 207369676e6966696361
19958 2064656272
19959 206f7665726c6170
19960 2064656d616e64696e67
19961 2053c3b3
19962 2073756273657175656e74
19963 2071756f746573
19964 2043757272656e746c79
19965 2070726576656e74696e67
19966 20313330
19967 2043656c
19968 6f6e6e
19969 776e6965c5bc
19970 ec95bd
19971 20d0bad0b0d0bad0b8d0b5
19972 414348
19973 2067756d
19974 2049737261656c69
19975 ec9cbceb8b88eab98c
19976 e5a8
19977 72756b74
19978 20636c617070696e67
19979 204d617373616368757365747473
19980 20726573696c69656e6365
19981 207375627363726962696e67
19982 206a6577656c7279
19983 6765627261
19984 20636f7272656374696f6e
19985 626f6f
19986 d8a6
19987 6c696f
19988 73616d
19989 20656e76656c6f7065
19990 6b616c
19991 204661726d
19992 20636174746c65
19993 2062726173
19994 20726570656e74
19995 20746f6e6573
19996 6f73696f6e
19997 70656374696f6e
19998 2064656e656e
19999 c89b69
20000 204d617267
20001 2061637175697265
20002 69626c696e6773
20003 206173706972
20004 2073697a6564
20005 20616c63
20006 20766962726174696f6e
20007 74696c
20008 656d696e
20009 20636f7272656c6174696f6e
20010 2073696e67756c6172
20011 20d0bfd0bed18fd0b2
20012 72656b
20013 206368617074657273
20014 6d627265
20015 206175646974696f6e
20016 c3a76173
20017 2076616d70
20018 20746573
20019 20d180d0b0d0b7d0b2
20020 20726573706563746564
20021 63696e
20022 206675636b696e
20023 20c3bc6265726861757074
20024 20d0bfd0bed0b1
20025 20616c696b65
20026 b688
20027 726f6269
20028 c3ae74
20029 20546f756368
20030 616e7a61
20031 206669726d6c79
20032 204772656574696e6773
20033 7363616c65
20034 646164
20035 d0b0d0bad182d0b8
20036 206261636b79617264
20037 d0bed0b6d0b4
20038 4772
20039 20535445
20040 d0bed180d182
20041 2068c3a4747465
20042 2046697273746c79
20043 204f6674656e
20044 617375726573
20045 206472617773
20046 7265646974
20047 415445
20048 5065
20049 4350
20050 20636f6d70656c6c696e67
20051 20737562736964
20052 206e65696768626f72686f6f6473
20053 206469706c6f6d
20054 20656e74656e646572
20055 706572696e67
20056 617567
20057 63686174
20058 d09dd183
20059 20446f6c6c
20060 20eca090
20061 20686f7365
20062 6e6172
20063 20726577617264696e67
20064 20536f6c64
20065 2074616b69
20066 20626c61646573
20067 204b617468
20068 206a6f676f
20069 2073656e736174696f6e
20070 75616e61
20071 70656c
20072 20526563656e746c79
20073 20706f6c796d6572
20074 205550
20075 2d2d2d
20076 20686f766572
20077 2072756c6564
20078 e6b5b7
20079 20d794d790d7
20080 20616666656374696f6e
20081 20c491e1bb83
20082 2062726565
20083 e7a781
20084 204c6179
20085 20596f6e67
20086 207265636569766572
20087 9ceba5bc
20088 20646973736f
20089 2051696e67
20090 20c3a976
20091 206dc3ba73696361
20092 20616573746865746963
20093 204272656174
20094 205441
20095 2061636375726174656c79
20096 3fe2808b
20097 207761676573
20098 72617764c499
20099 207377616c6c6f77
20100 20636f6d706c61696e74
20101 206c696564
20102 6265637565
20103 2072656c6178696e67
20104 20506f6bc3a96d6f6e
20105 207465636e
20106 62616e67
20107 b3b4ec
20108 20717569656e
20109 d0bdd0bed0bcd183
20110 2068616269746174
20111 2e2e2e2e2e2e
20112 61626c696e67
20113 20d182d0b0d0bad0b8d0b5
20114 206265736f6e64
20115 20656d706c6f796564
20116 2061727269766573
20117 2076657373656c73
20118 204178
20119 20646973706c617973
20120 313530
20121 6f6c6f676965
20122 20ec9790
20123 20636c6f
20124 20d0b4d0bed0b2
20125 20d09ed0b4
20126 207675656c
20127 e88ab1
20128 77656e64
20129 20736c697070
20130 757270
20131 204c6f74
20132 2062756c6c657473
20133 2072616765
20134 20736b697274
20135 69656e746573
20136 206e68e1bbaf6e67
20137 204e61747572616c
20138 2068696e64
20139 20776f726b6c6f6164
20140 6d75
20141 ed839c
20142 2073756e736574
20143 d0b2d0bed0bb
20144 706974
20145 e58d81
20146 20415348
20147 20ebb684eb93a4
20148 20646f776e737461697273
20149 e9ad
20150 20636f756e746564
20151 206e617a
20152 d795d7a4
20153 205068696c697070696e6573
20154 20313130
20155 205061726b6572
20156 2067697475
20157 20696e7465726573
20158 20756d627265
20159 204e6174757265
20160 206a6572
20161 656e6f73
20162 2070616e656c69737473
20163 20636f6174696e67
20164 20636865727279
20165 2050656e74
20166 204d697374
20167 7265676174696f6e
20168 2076696e64
20169 20436f727073
20170 204d697373696f6e
20171 206e6f626c65
20172 20666f6e6374696f6e
20173 2077617272696f72
20174 2070726f7465737473
20175 6f757269
20176 20636f6e737469747574696f6e616c
20177 c582616d
20178 20656d6572676564
20179 20647965
20180 20547279696e67
20181 69676d
20182 e4b880e4b8aa
20183 c3a97175
20184 4c4f
20185 205665726d
20186 657276696e67
20187 2054494d
20188 204369
20189 20667265657a6572
20190 20677275706f
20191 2053706f727473
20192 20d0bfd180d0bed0b3
20193 20d984d8a7
20194 6f746865726170
20195 696666616e79
20196 6269616e
20197 2072616e6b6564
20198 2070726f706f73616c73
20199 20c491c3a279
20200 20667265657a696e67
20201 20696e7365637473
20202 76696c
20203 20636f6d706f7374
20204 e78eb0
20205 2073656d616e61
20206 2064697374696e6775697368
20207 20666163696c6974617465
20208 20706c75736965757273
20209 2076657267
20210 20616c67756e73
20211 2054696b546f6b
20212 2045787072657373
20213 d0bcd0b5d0bdd182
20214 5355
20215 20696e74696d617465
20216 20417574686f72
20217 207769746e6573736573
20218 206b616c6175
20219 20617267756564
20220 2061766f6964696e67
20221 6374697665
20222 207075727375696e67
20223 2073796c6c
20224 c3a176656c
20225 2041746c616e7461
20226 2055746168
20227 2054696c6c
20228 20657266
20229 2032303232
20230 c3a4746572
20231 2066756e6572616c
20232 20466c617368
20233 2041746c616e746963
20234 2067656c65
20235 eca688
20236 206d6f727467616765
20237 20eb8498
20238 6c69636874
20239 20616d626974696f7573
20240 204265696a696e67
20241 20646976696e67
20242 20756e626f78
20243 696c6c6173
20244 206f74726173
20245 2065766163
20246 206d6172696e65
20247 20d181d0bed0b7d0b4
20248 20437265617465
20249 20676a
20250 206672657175656e63696573
20251 696e67746f6e
20252 20526f6d616e73
20253 2061696d696e67
20254 2042756666
20255 20656d7065726f72
20256 204d6f69
20257 2070726f6d6973696e67
20258 e3819c
20259 20616c67756d61
20260 2070617361
20261 206469736f7264657273
20262 5349
20263 20737563636565646564
20264 2063756572706f
20265 20736f6469756d
20266 2073747562
20267 686569726f
20268 2064656c61796564
20269 6574657261
20270 7477
20271 2073796e63
20272 6864
20273 20746f757269737473
20274 2073797374
20275 206dc3a974
20276 207175616c696679
20277 204f7468657273
20278 6c6c657273
20279 d0b0d182d0b5d0bbd18cd0bdd0be
20280 20d09ed0bdd0b0
20281 207065726365697665
20282 20eab280
20283 20eab080ec9ea5
20284 20d0b8d181d0ba
20285 204d6174746572
20286 20426c7565746f6f7468
20287 20706561726c
20288 206172697365
20289 206d6f6e756d656e74
20290 20d0b8d0bcd0b5d0bdd0bdd0be
20291 616769
20292 d984d98a
20293 2072686f
20294 20736d6172746572
20295 20636f6e6a
20296 d0bed0bad0b0
20297 206b65656e
20298 205472656174
20299 d0bad0bbd18ed187
20300 207061636b6574
20301 656c73697573
20302 20416c6162
20303 d0b8d0bdd0b8
20304 20707369
20305 20656e6a6f7961626c65
20306 20456c6c656e
20307 20d0b2d0bc
20308 20656c696d696e61746564
20309 20526f77
20310 207a6f6d626965
20311 204b75
20312 2070687261736573
20313 206772656e
20314 75746572
20315 20646972656b74
20316 d796
20317 656e656e
20318 757361
20319 20d181d0bbd0bed0b2
20320 c4b0
20321 204768
20322 20636f72726964
20323 207175656572
20324 204c696e6461
20325 206f6e61
20326 206f626c69676174696f6e
20327 646172
20328 20d8b5
20329 656d6d656e74
20330 6163696573
20331 2073637265776564
20332 206e616b
20333 2061797564
20334 e4b894
20335 c3a172
20336 6c657a
20337 2064726f776e
20338 204d65646963696e65
20339 206c616273
20340 206a75737175
20341 20476f6e6e61
20342 20746572726f72697374
20343 7175657374
20344 2066617274686572
20345 207265706c696564
20346 205357
20347 204d69737369737369707069
20348 6973686e61
20349 20686f6c646572
20350 20726569676e
20351 20616363657074616e6365
20352 20756c
20353 b68c
20354 20486f74656c
20355 20436f6f706572
20356 74616e
20357 2047726162
20358 207661706f72
20359 206163746564
20360 204b616e67
20361 66616e
20362 20ec9db4ec8381
20363 e7949ae9babc
20364 75746574
20365 20776f726474
20366 206661726d73
20367 646174
20368 20636f75706c6573
20369 206265616473
20370 69656e746f73
20371 5468656e
20372 e4bf82
20373 6f73697479
20374 205374616e666f7264
20375 2e2d
20376 57616974
20377 206461746173
20378 6f697265
20379 2068617368746167
20380 696d6d65
20381 20656e636f756e7465726564
20382 2073686f7574696e67
20383 20726573697374616e74
20384 205365756e67
20385 20747261676963
20386 2044726177
20387 2c2c
20388 2073686f7763617365
20389 204146
20390 2053747269
20391 206261636b6564
20392 20d183d0b3
20393 20d0b1d183d0b4d183d182
20394 20436f6c65
20395 65757273
20396 283f29
20397 2065736361706564
20398 415354
20399 20417373656d626c79
20400 20737469636b6572
20401 206d69657578
20402 20656e7465727461696e696e67
20403 20444f4e
20404 20416d656e64
20405 204b61726c
20406 20696e686962
20407 737374
20408 696567
20409 7e7e7e
20410 20686f6f6b6564
20411 206c69746572616c
20412 2073756e6e79
20413 7374657073
20414 20ebb09ceb
20415 204d6172696e65
20416 20737565
20417 20707269736f6e657273
20418 204562
20419 3538
20420 206472756d73
20421 206775696c74
20422 616c67
20423 2068617070696572
20424 20434d
20425 20ec9584eb8b88ec95bc
20426 20d09fd0b5d180
20427 d183d0bbd18f
20428 206b6579776f7264
20429 205061726365
20430 20466f726569676e
20431 20416d616e6461
20432 e7a59e
20433 20ebaaa9
20434 706c657373
20435 88ac
20436 c3b36d6f
20437 207175616c71756572
20438 ec9db4eb9dbceab3a0
20439 20636f6e73706972616379
20440 2073747261776265727279
20441 2068617474656e
20442 4573
20443 2073706f73
20444 2076696c6c61676573
20445 206c6576
20446 20d181d180d0b5d0b4
20447 2077616b696e67
20448 2063616c63756c6174696f6e73
20449 20d985d8b9
20450 20706f7572696e67
20451 206c65626968
20452 20706f6c697368
20453 20546f7574
20454 2066756e6b74696f6e
20455 d0bcd0be
20456 205469
20457 2077617374696e67
20458 6973746963616c6c79
20459 206d616e6970756c617465
20460 2073696d706c696679
20461 207465616d6d61746573
20462 20d0b1d0be
20463 20636f6e74616d
20464 205175697465
20465 206b75727a
20466 2043616e64
20467 74797065
20468 6f75746865617374
20469 2066696e616e6369616c6c79
20470 d0bed0bbd0bd
20471 656c736f6e
20472 20666f726568656164
20473 75616765
20474 6e61756469626c65
20475 20426568696e64
20476 206e65676f74696174696f6e73
20477 20eba788ec9d8c
20478 20616c7465726e617469766573
20479 72616e6b
20480 686f6c646572
20481 e68789
20482 206865616c6564
20483 d182d0bed187
20484 2053706563
20485 e4bbb6
20486 e4bb96e58091
20487 2065786869626974
20488 207368616c6c6f77
20489 20676f62
20490 20eb9c
20491 206672757374726174696f6e
20492 c3ad6f
20493 206d656c74696e67
20494 2053746f726d
20495 20706174656e74
20496 2042617263656c
20497 20706564657374
20498 d988d985
20499 20746169
20500 204d6f6465
20501 2077696c
20502 20ebaaa8eba5b4
20503 20c3a967616c656d656e74
20504 e982a3e9babc
20505 20d790d797
20506 6179616e
20507 20616d617a6564
20508 eca780eb8a94
20509 2068616369656e646f
20510 20ec9db4ec95bc
20511 cebbceb1
20512 e0b882
20513 d0b5d182d0b0
20514 206578616d73
20515 2074726176656c6c696e67
20516 5072657373
20517 d0b8d180d183
20518 20626173656c696e65
20519 206275736573
20520 207265696e666f72
20521 76656e616e74
20522 205472757468
20523 9dbd
20524 6f6265
20525 2079656c6c
20526 2073617573616765
20527 5446
20528 204576696c
20529 206d65696e6572
20530 d799d7a7
20531 20686f706566756c
20532 2072c3b3776e6965c5bc
20533 20506572c3b2
20534 74776f
20535 6e646572
20536 20d0bcd0b8d180
20537 20636f6e736369656e6365
20538 2057617272656e
20539 69636b79
20540 2061696d6564
20541 2067c3b67261
20542 5854
20543 20707972616d
20544 526564
20545 e99bbb
20546 617475
20547 2045737461
20548 206561726e696e6773
20549 2068617473
20550 205374616474
20551 69636b6574
20552 706f696e7473
20553 696e616e646572
20554 206d6f746f726379636c65
20555 20eb8f8c
20556 20ed95b4ec95bc
20557 6b6f6d
20558 2044696e67
20559 e692
20560 20726563757273
20561 20657374696d61746573
20562 206465726e69
20563 20766572736368
20564 e3819de381ae
20565 204d4943
20566 d0b8d0b2d0b0d182d18c
20567 20d0bfd180d0bed188
20568 20646f7374
20569 20d0b2d181d182d180
20570 207769656c
20571 207369626c696e6773
20572 20d0b4d0b5d0b2
20573 206561726c69657374
20574 2066617469677565
20575 206e6869
20576 206775737461
20577 20626f6e6e65
20578 e69c80e5be8c
20579 66726f6d
20580 204a656e6e79
20581 20737570706f7365646c79
20582 696e74616765
20583 20636f756e74696573
20584 20756e7265
20585 20706c616e74696e67
20586 2047726163
20587 2047656e65736973
20588 20416c706861
20589 79737a
20590 2074696c65
20591 20eab2bdec9ab0
20592 20d799d7a9
20593 7175656c
20594 2064697374726962757465
20595 646566
20596 c3a972616c
20597 20636c75746368
20598 6164656c7068
20599 20506c617953746174696f6e
20600 84b8
20601 20736a
20602 627265616b696e67
20603 20eb9098eb
20604 2043756261
20605 205275737369616e73
20606 204d41524b
20607 207065727365
20608 2072657374726963746564
20609 69676573
20610 2054726176656c
20611 20656c656374726f6e696373
20612 207175617274657273
20613 204b65697468
20614 73697a6564
20615 20646561646c696e65
20616 6172656e7468
20617 2076c3ad64656f73
20618 2070726f746f636f6c73
20619 616d6d656e74
20620 20547261696e696e67
20621 20c3a2
20622 2073657175656c
20623 d0bdd0b0d0ba
20624 206b65696e656e
20625 206d61747472657373
20626 6c7564696e67
20627 20636c6173736966696564
20628 2072656163746f72
20629 204b6f6e74
20630 20706173736172
20631 20686f6e6f7572
20632 6f726967
20633 494e41
20634 204e617468616e
20635 d0b2d0b0
20636 20d181d0bad0b0d0b7d0b0d182d18c
20637 74c4b172
20638 206578636c75736976656c79
20639 20736861646573
20640 20d0bfd180d0bed186
20641 206f63636173696f6e73
20642 696a61
20643 e79a84e69982e58099
20644 e58eb2
20645 e685a2
20646 666967
20647 20747573
20648 2072656d656d
20649 204368726973746f70686572
20650 20736c696d65
20651 20616c67756e61
20652 20466f7274756e6174656c79
20653 206c6f7273
20654 766f6c6c
20655 61766572
20656 206f75746c6574
20657 204c696e6b6564496e
20658 20457865637574697665
20659 206f7267616e73
20660 20426567696e
20661 20ed9994
20662 207472616e73706c616e74
20663 726167656e
20664 564f
20665 2046c3b672
20666 20d8a8d8a7d984
20667 20416e647265
20668 6973696e65
20669 206c61737473
20670 2068697374c3b3726961
20671 206c757a
20672 20636f6c6c6172
20673 206b69646e61
20674 206f70746963616c
20675 696f76
20676 20746f62
20677 206578746572696f72
20678 206d6574726963
20679 69657572
20680 2074726f6c6c
20681 20d180d0bed0b7
20682 e6989f
20683 2074c3b4
20684 20ec9888ec81
20685 2047657365747a
20686 20d0b5d0b4
20687 2064656e6f6d696e61746f72
20688 ecb3
20689 206c657474
20690 e58589
20691 206772c3b6c39f
20692 e9a198
20693 204c7574686572
20694 207265737465
20695 20726573656d62
20696 207065726d6574
20697 6b7369
20698 20666973686572
20699 e3819fe38184
20700 20566f6e
20701 ed94bc
20702 20cf83cf84cebf
20703 206c6f636b73
20704 2073686f6f7473
20705 206b616d75
20706 204b6572
20707 204f6273
20708 e79d80
20709 2062696c69
20710 20ebb0b1
20711 20746f7274757265
20712 61737379
20713 20d0b8d0b3
20714 206c617374696e67
20715 e5a5bde79a84
20716 207469656e6573
20717 207265636569766573
20718 204f73636172
20719 2072656d656d626572696e67
20720 2070726f626c656d6173
20721 206961
20722 e5989b
20723 206d656d6f7261626c65
20724 206a6f757273
20725 206661c3a76f6e
20726 616d6963
20727 20ebb4a4
20728 617469717565
20729 20ebad94eab080
20730 207a6970
20731 68616c74
20732 20f09f98
20733 206672696573
20734 2066696e64656e
20735 677261
20736 d180d183d0b4
20737 696d706f7274
20738 20eb8baceb
20739 20696b69
20740 20636f6d706c61696e696e67
20741 2066617a656e646f
20742 20676f6f676c65
20743 2074616273
20744 20eb93a4ec96b4ec
20745 e382a6
20746 75676f
20747 696572746f
20748 617566656e
20749 20eba8bceca080
20750 20736b756c6c65
20751 2073756976
20752 20737079
20753 204b6169
20754 e982a3e5808b
20755 206d61727469616c
20756 206f6e646572
20757 e8aab0
20758 6174696c697479
20759 20697267656e64776965
20760 20636c6170
20761 696e74656c6c
20762 20696e7374616c6c696e67
20763 20756e697175
20764 2043656e747265
20765 61737473
20766 756172
20767 207265766973
20768 20746872656174656e696e67
20769 72616973
20770 2063756964
20771 736b61
20772 207265736f6c766564
20773 207269646573
20774 206661696c75726573
20775 2073656d62
20776 206d616c6573
20777 554646
20778 e5be88e5a49a
20779 207472c3aa73
20780 6170706564
20781 206e657773706170657273
20782 72696574
20783 206170706c61756473
20784 d093
20785 20e381af
20786 204e43
20787 e58d83
20788 e69982e99693
20789 206865746572
20790 2068617a617264
20791 207279
20792 207374726963746c79
20793 203534
20794 20eb93a4ec96b4eab080
20795 2073706f6e74
20796 2074617473c3a463686c696368
20797 20eba790ec94
20798 6c617562
20799 206162736f72626564
20800 616361c49fc4b17a
20801 206f6e75
20802 20d090d0bd
20803 206578706c696369746c79
20804 20ec9eac
20805 20467574757265
20806 61636874656e
20807 c3a06f
20808 796f6e
20809 207365726961
20810 2048657272656e
20811 63656a
20812 20416c62657274
20813 ec9db4eb8a94
20814 6563746f72
20815 207061636b696e67
20816 20766972747565
20817 2076656e6972
20818 4444
20819 2079617a
20820 206c6f6773
20821 2050686f746f73686f70
20822 20736964
20823 6c696e6773
20824 2072656d6f74656c79
20825 20446966666572656e74
20826 206f70657261746564
20827 6c6967687473
20828 206469736372696d696e
20829 697374616e6365
20830 20475245
20831 20706c6163
20832 20736869727473
20833 206a757374696679
20834 2074726162616c686f
20835 7574696c
20836 766f63
20837 207175617274
20838 20cea4
20839 5343
20840 205352
20841 202d22
20842 206865736974617465
20843 2070616b
20844 e887b3
20845 677561
20846 4a6f
20847 20736f7576656e74
20848 20416e67656c61
20849 6573736565
20850 6164656c70686961
20851 61726b73
20852 2077656564
20853 206b616e6e7374
20854 e58299
20855 20eab7b8eb9faceb8b88eab98c
20856 20706c7574c3b474
20857 20436f6d6d616e646572
20858 2073756d6d6172697a65
20859 e0af80
20860 203938
20861 e38187
20862 20646576656c6f706d656e7473
20863 20436f7374
20864 207468656f7265746963616c
20865 206f7265
20866 206d6574616c6c
20867 cebfcf85cebd
20868 66616872
20869 d09ad090
20870 20636875636b
20871 2061646170746564
20872 204f6b6c6168
20873 204e65746865726c616e6473
20874 20706f6574
20875 73746f
20876 6b6174
20877 207765617273
20878 e7af
20879 20ec96b4eb9494
20880 204573746f
20881 206c617567686564
20882 20646f6e6e6572
20883 20eb8db0
20884 20ec9b90eb
20885 6f637572
20886 204b69636b
20887 20446574726f6974
20888 2062696379636c65
20889 206c61636b696e67
20890 706861626574
20891 204b656e64
20892 417373
20893 2072657665616c73
20894 20cea0
20895 204e6f6168
20896 a6aceb8a94
20897 2073656c6c73
20898 20416c6162616d61
20899 207465727269666963
20900 20456c656d656e74
20901 20ed86
20902 20747572626f
20903 20486f6d
20904 207468656f72656d
20905 20616476656e7475726573
20906 2070757263686173696e67
20907 2054c3a1
20908 20d0bcd0b0d182
20909 2076656d6f73
20910 20647574696573
20911 2077656e6967
20912 20626f6f7468
20913 20656e74726172
20914 5641
20915 206765617273
20916 204a6165
20917 c3a86e
20918 2063616c6369756d
20919 20526f6265727473
20920 20d0bfd180d0bed0b1d0bbd0b5d0bc
20921 20726962626f6e
20922 20d0bdd0b0d0b7d18bd0b2
20923 206c6176
20924 20696e74657276656e74696f6e73
20925 20556c747261
20926 206e616d656c79
20927 206164657175617465
20928 207265636170
20929 20646f636b
20930 6674696e67
20931 20766f69
20932 20636f6e73756c746174696f6e
20933 20d181d0b5d0bc
20934 20706f64656d
20935 20706f7373657373696f6e
20936 20636c756573
20937 2052757373656c6c
20938 2072656e657761626c65
20939 e58eb2e5aeb3
20940 20d183d0b7
20941 696e666f726d6174696f6e
20942 696767657273
20943 57697468
20944 776e6f
20945 20656c61626f72617465
20946 63746f72616c
20947 20446f77
20948 2072616d656e
20949 e68f90
20950 e1bb95
20951 206572737465
20952 205a656c
20953 e38397
20954 207175617369
20955 20d0bdd0b0d0ba
20956 e7a792
20957 205374617273
20958 2074726962616c
20959 20736561746564
20960 20776f6c
20961 2063686f6c
20962 c3a46dc3a4
20963 206f7574627265616b
20964 2063726573
20965 20756e7365726572
20966 20ed919c
20967 20756e6465727761746572
20968 20617373757265
20969 4f4f44
20970 206e617072617764c499
20971 2065737461626c6973686d656e74
20972 20696e636f6e
20973 206469666572656e7465
20974 206578637573
20975 2044696d
20976 d0bed185
20977 204c696e67
20978 726f6c6f67
20979 20e381be
20980 206f7574646f6f7273
20981 6e616a
20982 2065706964656d6963
20983 20756e74657273
20984 2033303030
20985 204761627269656c
20986 20ec9786eb8a94
20987 20656e636c
20988 204f646572
20989 20466f6f74
20990 706173
20991 205a756b
20992 e593a1
20993 20776f726b666c6f77
20994 20756e70
20995 20616c6c69616e6365
20996 656e736368616674
20997 20796f67757274
20998 d0b8d0bdd0b5
20999 20657275
21000 2066697a
21001 e4ba94
21002 2061c59f
21003 20617072656e64
21004 206375616c7175696572
21005 20636172726f7473
21006 c4b16ec4b16e
21007 61666f6f64
21008 20666c6f6f7273
21009 206b6579776f726473
21010 2073706f74746564
21011 206472616e6b
21012 207061726173
21013 20c3ba6c74696d6f
21014 206861626c6172
21015 2070726f7365637574
21016 ec9790eb8f84
21017 e9968be5a78b
21018 20c3a970
21019 20737469636b657273
21020 20707573686573
21021 6b68
21022 2072657374617274
21023 205468756e646572
21024 e1bb9d69
21025 206d75697461
21026 20666f78
21027 61726465c59f
21028 205a616368
21029 204d696e656372616674
21030 e7b8
21031 203d3d3d3d
21032 2067c3b67265
21033 207374616e6365
21034 6967756e67
21035 d98ed991
21036 6bc3a4
21037 207465616368696e6773
21038 e986
21039 206465636179
21040 20726963
21041 6f6d656e61
21042 20d0b2d181d0b5d0bc
21043 636874656e
21044 2056657274
21045 20ed959ceab5ad
21046 acb4eb
21047 20636f63
21048 3a29
21049 6b656974656e
21050 204241
21051 657468656c657373
21052 20686561647175617274657273
21053 207370696b65
21054 2042617365
21055 20313031
21056 20636f6f7264696e61746573
21057 2074617264
21058 20626f696c6564
21059 204d6f6e73746572
21060 206e6f7465626f6f6b
21061 20eab480
21062 2057616b65
21063 2053657474696e67
21064 ec9db4ec97
21065 205379646e6579
21066 2046696e6e
21067 206c6f626279
21068 e5be9e
21069 2073656e696f7273
21070 d0bdd0b8d185
21071 6176616e
21072 204a45
21073 207472616666
21074 7468696e6b
21075 20736c6170
21076 20436173746c65
21077 a96e67
21078 20616c67756e6f73
21079 20506572736f6e616c6c79
21080 204d616c65
21081 ed8bb0
21082 2047656e6572616c6c79
21083 2050656c
21084 2064696173
21085 2065766f6c76696e67
21086 69746f6c
21087 d0b2d0bed180
21088 20706c65696e
21089 20666c6967687473
21090 20656c6576656e
21091 6f77656a
21092 e1bb916e67
21093 20616b75
21094 20676c616e6365
21095 20636f6e6e6563746976697479
21096 2062616c64
21097 d18bd187
21098 20696e74657374
21099 c3a167
21100 204752c39c
21101 69626c6963616c
21102 2050617061
21103 2070697479
21104 206661696e74
21105 2077757264656e
21106 206c6567616c6c79
21107 2070726579
21108 20536369656e636573
21109 20d0bfd180d0bed181
21110 20747261696e6572
21111 2070726f626cc3a86d65
21112 206b696c6f
21113 d0bad0bed0b3d0be
21114 2062726964676573
21115 3839
21116 206c6173746564
21117 20656c6567616e74
21118 626f7773
21119 2070616c6162
21120 206469726563746f7279
21121 e4b88de69c83
21122 2062756c62
21123 70656f706c65
21124 4958
21125 20676562
21126 203636
21127 2054656e6e6573736565
21128 61686c656e
21129 696576616c
21130 2063617574
21131 2044616d656e
21132 706c6f
21133 69616e65
21134 d0b0d0bbd0b5
21135 617474616e
21136 20d8a7d984d8b3
21137 207269736b79
21138 20736c65657665
21139 20696e636964656e7473
21140 20ebb095
21141 436f
21142 206170706c696361626c65
21143 20696d70657269616c
21144 205068696c6970
21145 20596561
21146 d0b5d180d0be
21147 20d0bfd0bed0bad0b0d0b7
21148 c3bc6e65
21149 ec9880
21150 487562
21151 746f72
21152 2073696775
21153 63656e64
21154 20706f6c69746963616c6c79
21155 20ec82b4
21156 2070617273
21157 206f7576
21158 207072696d65697261
21159 2053686168
21160 207361747572
21161 20636f6d62757374
21162 2070726f6d6f746564
21163 eca3bceb
21164 e68095
21165 2074656d706c61746573
21166 20eb8bac
21167 206861756c
21168 20d182d0b5d180
21169 20736c6964696e67
21170 636564656e746564
21171 20e381ae
21172 6368696c6472656e
21173 4d52
21174 20576569
21175 2062c3b672
21176 e697a9
21177 207072c3b378696d6f
21178 6172c3ad61
21179 2073616d706c696e67
21180 d0b5d0bbd0b5d0bd
21181 657369
21182 2044616e69656c6c65
21183 204f6b6c61686f6d61
21184 e885
21185 e7958c
21186 d0b5d181d0bf
21187 20445644
21188 20d0b2d18bd0bf
21189 726f7573
21190 636f6e73
21191 20656e68616e636564
21192 e99ba3
21193 20706173746f72
21194 2053756464656e6c79
21195 e8ae93
21196 666172
21197 504552
21198 204e67
21199 31303030
21200 2063686577
21201 2072756d6f7273
21202 20416e61
21203 20616e6ec3a96573
21204 20d183d181d182
21205 205068696c6164656c70686961
21206 e597af
21207 d0b5d0b6d0b4d183
21208 206566666563746976656e657373
21209 e8bf99e6a0b7
21210 c3a974c3a9
21211 2064696e67
21212 2072656c6967696f6e73
21213 2061676564
21214 7a6965c487
21215 20526963
21216 204b6170
21217 2050616765
21218 2073c3bc
21219 206ec3a46d6c696368
21220 206d616e6b696e64
21221 2072657374696e67
21222 20696e666c75656e636573
21223 20536368756c
21224 20d0bdd0b5d0b2
21225 206d616e61
21226 20636f6e73756d6564
21227 20506f6d
21228 e7be8ee59c8b
21229 20636f6e736567756972
21230 205468616e6b73676976696e67
21231 2048696e6475
21232 6c616973
21233 20746872697665
21234 20636f6e746f7572
21235 d0b0d186d0b8d18f
21236 2066616c616e646f
21237 204ac3a1
21238 7a616e
21239 d0b8d182d183
21240 6970686572
21241 6a616d696e
21242 2048616c6c6f
21243 20313630
21244 20d0bed181d0bed0b1
21245 206d657465
21246 20ec958ceb
21247 2042617263656c6f6e61
21248 6c6574746572
21249 20d09dd0b5d182
21250 e599
21251 206164656dc3a173
21252 20636f6f7264696e6174696f6e
21253 756e7473
21254 20736c6f70
21255 20d0bfd180d0b8d0b4
21256 eca780eba789
21257 207175657374696f6e696e67
21258 2064696573656c
21259 2064656a
21260 2061666669726d
21261 8d94eb9dbceab3a0ec9a94
21262 69656e6e65
21263 206372616e6b
21264 2070726564696374696f6e73
21265 207068797369
21266 636873656c
21267 20636f6d62696e6174696f6e73
21268 20657863656c6c656e6365
21269 e98099e9babc
21270 e1bb9d
21271 7769647468
21272 77656564
21273 84eba5bc
21274 84eba788
21275 20616c746f
21276 206461697279
21277 204e6f726d616c
21278 7070656e
21279 206f62656e
21280 206465766173746174696e67
21281 20706f7a
21282 20487573
21283 6d617a
21284 207761726e6564
21285 2064656e6b
21286 2041757373
21287 20747261646573
21288 68656c6c
21289 207072696d65726f
21290 206d6961
21291 d0b2d0b0d180
21292 d8a8d98a
21293 206b69636b73
21294 2061c49f
21295 204dc3bc
21296 206c7563
21297 d0b5d0bdd0b8d0b5d0bc
21298 205374616e64617264
21299 72696365
21300 20437562
21301 20676f75
21302 204a6fc3a36f
21303 d183d181d0ba
21304 20656e7175
21305 a38c
21306 676577
21307 20ed81b0
21308 6f77616e6961
21309 69616e69
21310 2066616b74
21311 d18fd0bdd0b8
21312 20626566
21313 207468756d626e61
21314 2063657578
21315 e6ada1e8bf8e
21316 6170706c65
21317 4e454e
21318 20676164
21319 61706f6e
21320 2046616e746173746963
21321 20636f6e63656e747261746564
21322 6769726c
21323 6c656e65
21324 20d094d0bbd18f
21325 20c3a97461
21326 61616e
21327 206f75747461
21328 206e617263
21329 20426f6479
21330 6272757368
21331 206c656769736c6174697665
21332 204d6567616e
21333 206d697374616b656e
21334 204d6973736f757269
21335 206c6162656c6564
21336 d0bbd18fd0b5d182d181d18f
21337 207265616c69736564
21338 796f7273756e
21339 e38182e3828ae3818ce381a8e38186
21340 20536166657479
21341 20616363656c6572617465
21342 2073616e6374696f6e73
21343 20706565
21344 206a7565676f
21345 2070657070657273
21346 2077616c
21347 eab889
21348 656c6c6f77
21349 20d0b6d0b5d0bd
21350 2063696e636f
21351 20d181d0b8d181d182
21352 636f76657279
21353 206772616d
21354 20c3a9706f
21355 20424d57
21356 69766f6c
21357 204368656d
21358 e79a84e8a9b1
21359 7573656d656e74
21360 20537570706f7365
21361 20eab080eca780eab3a0
21362 206d696c6c656e6e
21363 2054756e
21364 206d6564616c
21365 206861636961
21366 207374696d756c7573
21367 206272696768746e657373
21368 6169656e74
21369 2048616e6473
21370 696e6574
21371 20636f616c6974696f6e
21372 e5adb8
21373 207269736573
21374 72696e61
21375 2073636f6f74
21376 20e381a7
21377 20646566656e64696e67
21378 20696e76657273
21379 2068696c6c73
21380 2066756c66696c6c6564
21381 e588b0e4ba86
21382 6c6c6965
21383 2061646f6c6573
21384 204368617365
21385 e5969ce6ada1
21386 204a4a
21387 206e6575656e
21388 20547275
21389 20696e6865726974
21390 207369787479
21391 20457870
21392 20436c6179
21393 d0bed181d0bed0b1
21394 61726e61
21395 20496d70657269616c
21396 20d18dd182d0b0
21397 20736f6369616c6c79
21398 617479
21399 6f64796e616d
21400 2072696273
21401 6f6d6963
21402 20546f6c
21403 d0bed0bbd0b6
21404 2031393938
21405 206672616d
21406 2072616e6b73
21407 20d0b1d183d0b4d183
21408 20436f6c6f6e
21409 487a
21410 206163636f6d6d6f64617465
21411 206578706c6f6465
21412 ed84b0eb
21413 4841454c
21414 2048617274
21415 20d0b6d0b8d0b7d0bdd0b8
21416 e6a1
21417 2064656c6963617465
21418 a0d797
21419 20746f6675
21420 20616368696576656d656e7473
21421 20536f72
21422 2061677265656d656e7473
21423 203537
21424 2074616d70
21425 206672616ec3a7616973
21426 206865726273
21427 636f726e
21428 206b6f6e6b
21429 414e41
21430 205169
21431 207072c3b370
21432 207469676572
21433 20eb9198
21434 c4836d
21435 2061707072656e74
21436 6168616e
21437 2072756c696e67
21438 20747370
21439 2074776974746572
21440 207465656e61676572
21441 627573
21442 20ed92
21443 20416d656e646d656e74
21444 2074617070696e67
21445 2041504973
21446 e5a0b4
21447 206d617463686564
21448 eba9b4
21449 5741
21450 20426561757479
21451 20696e6576697461626c65
21452 206761736573
21453 20d9be
21454 68696768
21455 204f7074
21456 20707265646f6d696e
21457 cf81cf8c
21458 207475626573
21459 20ec95a0
21460 204161
21461 20e69c89
21462 6f6d65746f776e
21463 20494d
21464 206465736172
21465 c3a472656e
21466 20d0bcd0b0d181
21467 204dc3b6676c696368
21468 2072656e74616c
21469 20ed95a8eabb98
21470 204469616e61
21471 2061757469736d
21472 2050756572746f
21473 c4b16c64
21474 2066616c616e
21475 20647265616d696e67
21476 2067757465
21477 20d0bad0b0d0bc
21478 20777265636b
21479 2073746f727974656c6c696e67
21480 204c6567656e64
21481 20556b7261696e
21482 20d0bfd180d0bed0b8d181
21483 20534b
21484 20ed9689
21485 20c59b7769
21486 2042656c69657665
21487 206d6f7374726172
21488 20546f6464
21489 204e69676572
21490 696374696e67
21491 68617264
21492 3a2f2f
21493 697261626c65
21494 69676174696f6e
21495 204d656d62657273
21496 20eca09ced9288
21497 20646973636f7572
21498 9fbd
21499 72696b61
21500 20444e
21501 20466966
21502 204361706974616c
21503 d180d0bed0bc
21504 2053616e73
21505 79756e
21506 2070696c6f7473
21507 2074726174
21508 206e7974
21509 20ebafbc
21510 206578706f6e656e7469616c
21511 20656d65726765
21512 207472616a6563746f7279
21513 20d0bfd0bed187d0b5d0bcd183
21514 207365616c6564
21515 61747469
21516 207769646573
21517 20d0bed0b3d180
21518 69616e636573
21519 207769746e6573736564
21520 4f72
21521 6f7369
21522 204a6f656c
21523 6f6e616c
21524 e881bd
21525 20496e7465
21526 6365646573
21527 20476f747461
21528 616e69756d
21529 2066656d616c6573
21530 204c6562656e73
21531 206d6f6973747572
21532 2053696d706c65
21533 20446f6368
21534 6172c3a1
21535 206765736568656e
21536 555354
21537 c6a169
21538 20636c617373696669636174696f6e
21539 20646961676f6e616c
21540 207065726d657474
21541 636f6d70
21542 20d8a7d984d8ad
21543 204d616c617973
21544 20676568c3b67274
21545 20706f70706564
21546 20636f6e746163746564
21547 20d79bd79c
21548 20313430
21549 2061646170746174696f6e
21550 206d616e7573
21551 207475726b6579
21552 20707265616368
21553 627269676874
21554 20646f776e73
21555 20756e707265636564656e746564
21556 206d6967687479
21557 206361746572
21558 69747469
21559 6773
21560 20446570757479
21561 7772697465
21562 20426c657373
21563 c3a163
21564 2073756d6d6974
21565 20eb8fbcec9a94
21566 2074686f7567687466756c
21567 207368726564
21568 73696e67696e67
21569 20d0bbd183d187d188d0b5
21570 2079656e
21571 2076696272616e74
21572 2057616c746572
21573 20686f737473
21574 20616d62756c
21575 20696e766173696f6e
21576 6f67616e
21577 20726561736f6e696e67
21578 2073756363
21579 d0bbd0b5d0bad182
21580 2066616c61
21581 206b696e6773
21582 20676f696e
21583 2063616c6962
21584 204752c39c4e454e
21585 6f746572
21586 2065696e7a
21587 20696e73756c696e
21588 8aa8
21589 207363616c696e67
21590 20436f726e
21591 687964
21592 206d61747465
21593 504c
21594 20616c69656e73
21595 20536567
21596 e8af9d
21597 65737469
21598 617374696373
21599 207761726d6572
21600 20696e67656e
21601 204d4c
21602 20726f6465
21603 20457965
21604 6265697473
21605 204261726e
21606 c2bb2c
21607 20436875636b
21608 2070726f66697461626c65
21609 756775657365
21610 20417261626961
21611 20636f636f
21612 20707565646f
21613 20696e666c616d6d6174696f6e
21614 636c6970
21615 207461626c6573706f6f6e73
21616 20eca091
21617 2053776564
21618 20616e6174
21619 ec88a0
21620 206172726962
21621 2064616e636572
21622 20436172746572
21623 206d61676e69666963
21624 73746f7265
21625 e981b8
21626 2066616465
21627 206163636f6d70616e79
21628 2077616872
21629 207965617374
21630 206d696e6572616c
21631 206c656769736c6174757265
21632 e4bd8f
21633 69726f73
21634 2063726f77646564
21635 d180d0b0d188
21636 6f6361646f
21637 ec96b4ec95bc
21638 20ed9b84
21639 204261727279
21640 6d6173746572
21641 206e69636b6e616d65
21642 20222e2e2e
21643 205273
21644 204d6f6f7265
21645 2076656e7565
21646 20d0b1d183
21647 e383a1
21648 6c69686f6f64
21649 204167656e6379
21650 d0bbd0bed0b2
21651 206b6168
21652 20ec868ceba6ac
21653 206d61727368
21654 20696e636f72706f7261746564
21655 616e74776f7274
21656 206b696d636869
21657 20776f6f
21658 2064697374726163746564
21659 6572696573
21660 20696e666f726d616369c3b36e
21661 2043686f6f7365
21662 204a616469
21663 20616e616c6f6779
21664 736179
21665 7566666c65
21666 626f6b
21667 206163696473
21668 206163717569736974696f6e
21669 2076617269616e7473
21670 e8b5b7e4be86
21671 207061737369657274
21672 ec9db4eb8298
21673 72756374697665
21674 62726967
21675 20e3808c
21676 6570686572
21677 207048
21678 75746c696368
21679 e5b7ae
21680 2072656c6965
21681 75697465
21682 20726563657074696f6e
21683 20636f68
21684 2050726570
21685 20616e7469636970617465
21686 e680a7
21687 6b6565
21688 2064657369676e61746564
21689 d18fd182d0b8
21690 204b6f72
21691 20416e696d
21692 c3bc686c
21693 2057686974
21694 20756e636f766572
21695 204d617961
21696 20d182d0bed0b3d0b4d0b0
21697 b095
21698 7574656e616e74
21699 20ec96bceb
21700 20666f7265737473
21701 206d656d65
21702 2064697374696e67756973686564
21703 204d617278
21704 204c696f6e
21705 2073657276616e7473
21706 204469616d
21707 e795b6e784b6
21708 20506f6c696379
21709 8dbc
21710 20747269676765726564
21711 6162696c6972
21712 20ec9d91
21713 206e65676f7469617465
21714 2066657a
21715 20657277
21716 20766172696573
21717 206a656d616e64
21718 20646973636861726765
21719 d181d18fd187
21720 20504152
21721 2041666661697273
21722 20766f746572
21723 206174656e
21724 2063726f6973
21725 6f62696c
21726 204f6f7073
21727 20417263
21728 2048656174686572
21729 616e6b61
21730 2073696d706c6573
21731 cebfcebd
21732 223e
21733 2063686f726473
21734 2053616e64657273
21735 20ebb684eb
21736 42656e
21737 20646172c3bc626572
21738 696c69616e73
21739 206f72646572696e67
21740 204d616e68
21741 206b696c6f6772616d
21742 206b6172c59f
21743 206772617370
21744 2067686f737473
21745 616c656e
21746 204a656469
21747 20d0b1d0bbd0b8
21748 20646f776e6c6f61646564
21749 20636f6e64756374696e67
21750 2048616b
21751 2072657365617263686572
21752 696c616e
21753 676f6f64
21754 2048616e6e6168
21755 2064c3bcc59fc3bc6e
21756 204d657373696168
21757 75697479
21758 696f6e61
21759 2070726f6261626c65
21760 205945
21761 20696e646570656e64656e746c79
21762 20627566666572
21763 6275726e
21764 6f757264
21765 204d634b
21766 206c696e6775
21767 756a656d79
21768 d0b5d180d182
21769 20696e74756974697665
21770 20637261636b73
21771 617070726f707269
21772 6e7479
21773 206765656e
21774 206c656e64
21775 2063657274696669636174696f6e
21776 494453
21777 756e746572
21778 70656573
21779 207472756d70
21780 2062616e6b72757074
21781 2066656173
21782 e897
21783 206475c5bc
21784 e6b885
21785 2076697275736573
21786 203538
21787 676f64
21788 20d0b6d0b5d0bb
21789 207374616c6b
21790 496e64
21791 61636869
21792 204346
21793 20436f6e64
21794 2073616e6374
21795 20636f6e74656e
21796 206672656564
21797 205254
21798 206d656e746f7273
21799 eca1b1
21800 20706f727461626c65
21801 205061756c6f
21802 72616e65
21803 48414841
21804 2053656374696f6e
21805 e786
21806 6879756e
21807 20ceadcf87
21808 20507562
21809 20496e646570656e64
21810 20636f6d706f756e6473
21811 20d181d18b
21812 206d6573736167696e67
21813 2064656469636174696f6e
21814 206e6f746963696e67
21815 206465766f746564
21816 d18ed182d181d18f
21817 20736e616b6573
21818 20626174746c656669656c64
21819 70657273
21820 2064656c61
21821 3932
21822 20686169
21823 696c6cc3a4
21824 c3a9726572
21825 6576657279
21826 20726573706f6e73697665
21827 d799d795
21828 6f7066
21829 e989
21830 8ab8
21831 42656361757365
21832 20746f757269736d
21833 20eab7b8eab28c
21834 d795d7a6
21835 2063616e73
21836 7374c3bc74
21837 20646f6e6e65
21838 2044696f73
21839 2055626572
21840 6163746f7279
21841 206f7269656e746564
21842 204865726d
21843 20706174726f6e
21844 757266
21845 626569
21846 2070726f6772616d61
21847 204f6868
21848 67656e6572
21849 2066697374
21850 2057656e6479
21851 20616e6461
21852 2067756573736564
21853 20667265616b
21854 e4b8ade59c8b
21855 204b696e6773
21856 63686f6f6c
21857 206f66666c696e65
21858 20496e6469616e61
21859 20416c6c69616e6365
21860 203533
21861 20706172746963756c
21862 20466f637573
21863 20696e6861626974
21864 20eab099ec9d80eb8db0
21865 204d6347
21866 6f77736b69
21867 20ec9db4eab1b4
21868 207061c5847374
21869 d0bed0bdd0b8
21870 69747461
21871 20636f6e6669726d6174696f6e
21872 2042726f6f6b6c796e
21873 206e6f6f646c65
21874 66756e64
21875 69747564
21876 206772616e64706172656e7473
21877 206261726265637565
21878 ceb5ceb9cf82
21879 20e1
21880 2062616c6c6f74
21881 205665746572
21882 207069706573
21883 6967696f7573
21884 204772617068
21885 6573746564
21886 20ebb88ceb
21887 204b45
21888 e381a1e38287e381a3e381a8
21889 2065696e73
21890 20686174726564
21891 e38191e381a9
21892 2064616e67
21893 65656565
21894 20617263686165
21895 204a65737365
21896 206465746563746564
21897 2073656e69
21898 6275726768
21899 20646973706c6163656d656e74
21900 20646f70
21901 20636f6e646974696f6e696e67
21902 20d0bdd0b5d181d0bad0bed0bbd18cd0bad0be
21903 2064697374757262696e67
21904 5048
21905 207468696e6e6572
21906 20776f756e646564
21907 204375616e646f
21908 2063757368696f6e
21909 20776869746573
21910 20707265666572656e636573
21911 20eca480ebb984
21912 206b61c5bc
21913 2047617465
21914 2050617468
21915 646c6573
21916 e0b884e0b8a3
21917 696d6f7265
21918 20ebb3b4ec97ac
21919 206469736369706c696e6573
21920 e1bb8f
21921 206d65736d61
21922 20ec8388eb
21923 20ec8bac
21924 2067696e67
21925 20756d6272656c6c61
21926 49474854
21927 2070656e73696f6e
21928 20636f6d62696e696e67
21929 5353
21930 2072656374616e676c65
21931 e1bb8774
21932 2070726f78696d
21933 20436f77
21934 b88c
21935 20696e74656e74696f6e616c
21936 e69599
21937 206465636964
21938 20d181d0bad0b0d0b6
21939 20556d61
21940 6961736d
21941 62757a
21942 20646562726973
21943 2063617373
21944 2050726f70
21945 69736b61
21946 eba0a5
21947 65737465726f6c
21948 75737369616e
21949 ec9db4eb9e91
21950 20756e6c696d69746564
21951 2061646d697265
21952 2074696768746c79
21953 2067656e6f6d65
21954 204a756e696f72
21955 76656e6972
21956 677573
21957 2063c483
21958 20566c6164
21959 20ed82
21960 2072656c61746976
21961 696e6369
21962 2061756e717565
21963 20426f7973
21964 d186d0b8d0bed0bd
21965 205377697373
21966 2070687973696369616e73
21967 20ed8f89
21968 20504554
21969 20776f756e6473
21970 61626f7574
21971 c3a069
21972 6f6e7a
21973 75726974696573
21974 20d183d0b2d0b8d0b4
21975 e5b7a6
21976 206d656e74616c697479
21977 2076617269616e6365
21978 20736567756e6461
21979 20766f6c63616e6f
21980 616c6965
21981 e0a587
21982 2074696c6573
21983 205465727279
21984 20d8a7d984d984d987
21985 2063616e6f6e
21986 20736361747465726564
21987 70746f6e
21988 20646566696e6974696f6e73
21989 20616c6765627261
21990 6f74656e
21991 61626c6f
21992 696a75616e61
21993 207772617070696e67
21994 20736573616d65
21995 20d0bdd0b0d187d0b8d0bdd0b0
21996 20416c66
21997 20d0a0d0bed181d181
21998 6f726e6f
21999 20616e6b6c65
22000 207370656369616c7479
22001 20617474656d7074696e67
22002 696c696174696f6e
22003 2031393230
22004 207068656e6f6d656e61
22005 2050726f64756374
22006 204275636b
22007 20417777
22008 7365656e
22009 20766f6964
22010 204672616e6b6c696e
22011 206164766f63616379
22012 20536570
22013 20636f6f6c657374
22014 20d181d180d0b0d0b7d183
22015 205175616e64
22016 20393030
22017 2054726164
22018 64696573
22019 2068617368
22020 e68891e5b0b1
22021 e4b99fe698af
22022 20706f7473
22023 207361646c79
22024 20766961626c65
22025 205469676572
22026 204f4e45
22027 206e6575726f6e73
22028 6f77616e6965
22029 c497
22030 2053686172
22031 204c616e646573
22032 20636f6e666572656e636573
22033 e8a9b2
22034 2063726564656e7469616c
22035 206c696d65
22036 696e6565
22037 786974
22038 706179
22039 20696e636f6e73
22040 203e3e3a
22041 e8aa8d
22042 20ed9e98eb
22043 206c6573736572
22044 207370696c6c
22045 207072656d697365
22046 20333635
22047 20486f7374
22048 20746f6d6172
22049 d790d79c
22050 ebb288
22051 205768617473
22052 206c69676874776569676874
22053 204d6170
22054 666961
22055 656c6c736368616674
22056 2076656e646f7273
22057 756573746f
22058 204d6973746572
22059 20d09fd180d0b8
22060 e58fb3
22061 686d61
22062 20696e74656e74696f6e616c6c79
22063 2054616e67
22064 e997ae
22065 206964656e74696669636174696f6e
22066 206574636574657261
22067 204e6565
22068 20d182d180d0b8
22069 eab7b8
22070 2063727970746f637572
22071 20696e68616c65
22072 20616464696374
22073 e59084e4bd8d
22074 206d6175
22075 20d182d0b0d0bad0b0d18f
22076 20ebb284
22077 20636f6d70726172
22078 6965647a6965c487
22079 20d0bed182d0bdd0be
22080 20626567696e6e6572
22081 20d0bcd183d0b6
22082 206f627363
22083 206c696d6974696e67
22084 617363756c6172
22085 20696e7370656374696f6e
22086 616369
22087 2072656a6f
22088 4d7573
22089 207a6174656e
22090 20737a637a
22091 204d6164726964
22092 20766172696574696573
22093 20657374c3a0
22094 205368616b6573
22095 206b697473
22096 2061646d696e6973746572
22097 206c617661
22098 2067c3a5
22099 e8a9a6
22100 d7aad799
22101 205761796e65
22102 20696e7374616772616d
22103 207261746564
22104 7061706572
22105 2062696c64
22106 2070726574656e64696e67
22107 206f6273657276696e67
22108 20d181d0b0d0bcd0bed0bc
22109 2074726f72
22110 206f7267616e69736d73
22111 2066616c7461
22112 20686f6d65746f776e
22113 e7b1
22114 20ed8b
22115 2063686567
22116 20eca1
22117 20636f6d6d61
22118 6973c3a9
22119 206c696b656c69686f6f64
22120 61766f726564
22121 2067656c6469
22122 d0bdd0b8d0bad0bed0b2
22123 206d6564696f
22124 206a616b6965
22125 204a7570
22126 20677265656e686f757365
22127 2073706974
22128 d0bad0bed0b5
22129 20d0bad0b0d0b6
22130 204772616d
22131 20436f6e666572656e6365
22132 2064656669636974
22133 73c4b16e
22134 696e7365
22135 75c49f
22136 207269636874
22137 20636f696e636964656e6365
22138 e58f8d
22139 206575726f70
22140 20627574746572666c79
22141 7072656164
22142 20ec96bc
22143 e880b6
22144 20776176656c
22145 20496e66696e
22146 20506c616e6574
22147 2073656c666965
22148 69656e74726173
22149 206172726f67
22150 6f736572
22151 6964616c
22152 a0d797d7a0d795
22153 c3bc74c3bc6e
22154 2066726573686d616e
22155 204d616368696e65
22156 cf83cf84
22157 20446961
22158 ec9db4eb8ba4
22159 e38193e38186
22160 6e6561
22161 206c697374696e67
22162 20636f6e666967757265
22163 75746f72
22164 5570
22165 74736368616674
22166 7269c3a87265
22167 2075707761726473
22168 20d185d0bed187d183
22169 207377656570
22170 4272
22171 2065787072657373696e67
22172 20756e6861707079
22173 206d616e6461746f7279
22174 67656e646572
22175 2041c3ad
22176 20696e64696361746f7273
22177 206f696c73
22178 6e6f7465
22179 207365677572
22180 d0bed0b6d0b5d182
22181 796e61737479
22182 2064697374616e636573
22183 206d65726765
22184 42455254
22185 2073757272656e646572
22186 2062756174
22187 20417761726473
22188 207365c3b16f72
22189 6f646f78
22190 20666c61766f7572
22191 206162646f6d
22192 20636f6e6669677572
22193 3836
22194 20444959
22195 207269676964
22196 b098
22197 20636f72706f726174696f6e
22198 2067726f6f6d
22199 6a6177
22200 204e656172
22201 d0b8d0bbd0be
22202 206f70657261
22203 20496e6e6f76
22204 d0b8d180d0b0
22205 93b1
22206 20737065636966696564
22207 20636f736d
22208 2046726565646f6d
22209 20636c6f776e
22210 204e656d
22211 20d0b2d0bed0bb
22212 d191d0bd
22213 2063686172676572
22214 e0b981e0b8a5
22215 20696e666c75656e7469616c
22216 c3a4736964656e74
22217 e9a4
22218 20ec84a0eb
22219 20766f6c756d6573
22220 e690
22221 206f7574726173
22222 20547769746368
22223 20666f756e64696e67
22224 20617768696c65
22225 20636f696c
22226 eab099
22227 2063e1baa3
22228 205468726f77
22229 2048656e6365
22230 6f6d6d74
22231 2042656e6a616d696e
22232 d0b3d0bbd18fd0b4
22233 54696d65
22234 6f626963
22235 206d6f7572
22236 206472656164
22237 204cc3a0
22238 204368696c65
22239 2070726576616c
22240 207661696e
22241 20617274c4b16b
22242 20707265736572766564
22243 20d0bed182d0b4
22244 2077617265686f757365
22245 206265737465
22246 205365766572616c
22247 20536974756174696f6e
22248 2063617264626f617264
22249 546f64
22250 65726e61
22251 20676172616e74
22252 2067657374757265
22253 2068656e
22254 207370656c6c696e67
22255 6f73657875616c
22256 20616e6e65
22257 206d696365
22258 204d65696e65
22259 63617264
22260 20726562656c6c
22261 20636572746f
22262 20ec9ca0eb
22263 20766572736368696564
22264 20426f73
22265 20696e76656e74696f6e
22266 2074727a65
22267 206d616e69c3a87265
22268 2043686164
22269 2073707265
22270 206f7267616e69736174696f6e73
22271 20706f6f726c79
22272 20616e746572696f72
22273 207374616972
22274 d0bad180
22275 2061746f6d6963
22276 2073796d70617468
22277 20636f6e74696e75616c6c79
22278 206b6c65696e65
22279 c3a87465
22280 d0b8d189
22281 cebfcf82
22282 70657574
22283 207265706f736974
22284 20656e747261
22285 456d
22286 2066696e616e63696e67
22287 20d0bcd0bdd0bed0b3
22288 20746865736973
22289 20436f6d7075746572
22290 656175
22291 2054726565
22292 206272696465
22293 6f6e7369657572
22294 7368697265
22295 776963
22296 4445
22297 20ec8898eb
22298 2061636f6d
22299 20504f
22300 6572736368
22301 20d0bfd0bed0bcd0bed189
22302 2041726d656e
22303 20eca3bd
22304 207a6f72
22305 207072696e7473
22306 2044617373
22307 e6b8af
22308 2064757261626c65
22309 205472616e73706f7274
22310 ec9e90eab080
22311 20d0bbd0b5d0b3
22312 2064c3a974
22313 c3b46c65
22314 616d6f7573
22315 594e
22316 20636c696666
22317 206772616d6d6172
22318 20d09fd0bed18dd182d0bed0bcd183
22319 206cc3a06d
22320 65736368
22321 206d6973657261626c65
22322 20766f6c7473
22323 20436164
22324 756b616e
22325 d182d0b8d0b2
22326 72757374
22327 20ec98aceb9dbc
22328 207665726b
22329 20636869636b656e73
22330 20596f6f
22331 206f757466697473
22332 636f6465
22333 20686965726172636879
22334 6e65746573
22335 20636f756e74657270617274
22336 2074c3b469
22337 20746564
22338 2042617274
22339 20eb9dbc
22340 2047656e6175
22341 20696e636f6d696e67
22342 20414243
22343 7269717565
22344 20d0bed182d0bf
22345 7175616c
22346 20696e63656e74697665
22347 20696872656e
22348 d7a0d799
22349 6c6f65
22350 2031393330
22351 2062617267
22352 2064696374696f6e
22353 20c3b66e6365
22354 494e53
22355 20726568
22356 697369616a
22357 6d6f757468
22358 2073636f72696e67
22359 6cc4b16b
22360 20ec9584eca3bc
22361 4f524941
22362 2045737461646f73
22363 20636f6d70616e696f6e
22364 20617373656d626c65
22365 2070756e6973686564
22366 206974616c
22367 2070726576656e7473
22368 6973746573
22369 204b656e7475636b79
22370 206c6f63617465
22371 2066617374696e67
22372 e381a8e6809d
22373 8380
22374 20536562
22375 2043726f776e
22376 6f706961
22377 2077686970
22378 75737a
22379 d0bad0b0d0bcd0b8
22380 20646174616261736573
22381 e5ad97
22382 2070726f736563
22383 2031393937
22384 20ec82b4eca79d
22385 20536f6c6172
22386 2050756573
22387 205a656e
22388 6f6c6c6f
22389 2047757275
22390 2073717565657a
22391 20d097d0b0
22392 20c48d
22393 63657074696f6e73
22394 636361
22395 697a61626c65
22396 6d616e64
22397 20627265616b7468726f756768
22398 207461626c6573706f6f6e
22399 20534543
22400 696b68
22401 2053c3a36f
22402 20d0bfd0bbd0be
22403 616d656e
22404 2070726163
22405 206461726c696e67
22406 2074616c6c6572
22407 2072656e646572696e67
22408 20ec9ab0eba6aceab080
22409 20cf84ceb7cf82
22410 206dc3a3
22411 2065736f73
22412 756572646f
22413 20d181d187d0b8d182
22414 616c6c6572
22415 ec9788ec96b4ec9a94
22416 206d696c6c6f6e6573
22417 6c6572696e
22418 207065676172
22419 6f6e6e65
22420 20656e726f6c6c6d656e74
22421 206c69656774
22422 20626f61
22423 7769c499
22424 627370
22425 206379636c696e67
22426 204265726e6965
22427 2031393839
22428 20d0b4d0b0d0bbd18c
22429 2044616b6f7461
22430 20d181d0b2d18fd0b7
22431 204350
22432 207374617265
22433 ed82a4
22434 2070726f73706572697479
22435 20617272616e67656d656e7473
22436 206172726976696e67
22437 6dc3a4
22438 206b6179616b
22439 697074
22440 20706172646f6e
22441 2072656c6174
22442 20766572737465
22443 20466967
22444 20666f696c
22445 2054616c6b696e67
22446 7065617265
22447 206e6f69
22448 20d0bfd180d0b8d188
22449 20686f636b6579
22450 2061646f
22451 204f5554
22452 3637
22453 20686f726d6f6e6573
22454 204176656e7565
22455 2053757065726d616e
22456 20707265736372697074696f6e
22457 756265726e65746573
22458 434c
22459 6f74697665
22460 4e4953
22461 69656e656e
22462 207361646e657373
22463 20566974
22464 5479
22465 2073746172746572
22466 2062656465
22467 20666f756e646174696f6e73
22468 20736f7265
22469 e5ba97
22470 d189d0b5d181d182d0b2
22471 ec9ab0eb
22472 20d187d183d0b2
22473 6c696e6b
22474 206d616e6575
22475 776f726b696e67
22476 c3a06e
22477 2041747461636b
22478 2043617274
22479 76656973
22480 2052657370
22481 656e73696e67
22482 20eca28bec9584ec9a94
22483 20657363756368
22484 20524e41
22485 82b4
22486 2061646f70
22487 2062656e64696e67
22488 d8b9d8af
22489 206d616e61676573
22490 757370
22491 2074617274
22492 20726f75746572
22493 426f
22494 2065737461626c697368696e67
22495 2062616c616e63696e67
22496 206174686c65746963
22497 20536c6f
22498 2066696c6c73
22499 20d0bdd0b0d0b1
22500 20d0b4d0b0d0bb
22501 20706f73736f
22502 205669656c656e
22503 2063726974696373
22504 206c617773756974
22505 204973616163
22506 20d184d0b8d0bbd18cd0bc
22507 2074726173
22508 2070726177
22509 204372617a79
22510 206e6575
22511 206b756c6c
22512 2074756d6f72
22513 20415050
22514 67617465
22515 20415245
22516 3938
22517 20537465616d
22518 206675636b6564
22519 6c616765
22520 20e299ac
22521 204d44
22522 6679
22523 207368656c6c73
22524 205365656d73
22525 697a657273
22526 2072616e676573
22527 20416e746f6e696f
22528 4154494f4e
22529 2042616261
22530 20ec8389
22531 6b756e
22532 20707261796564
22533 d180d18f
22534 20d0bfd180d0bed182d0b8d0b2
22535 2073656173
22536 62757279
22537 20d794d7a9
22538 207472616974
22539 20446570656e64696e67
22540 20647265
22541 206bc3b66e6e74
22542 d186d183
22543 206c6970737469636b
22544 65657a
22545 20d0bfd180d0b8d0bcd0b5d180
22546 2061737369676e6d656e7473
22547 426f62
22548 206d6574616c73
22549 207370656369616c6c79
22550 e5b08de4b88de5b08d
22551 20ec9888eb
22552 20c5a1
22553 207669737461
22554 20ceac
22555 207477696e73
22556 206e6f7461626c65
22557 20536175
22558 2064c3a976656c6f70
22559 20c3a7656b
22560 20706f6c796e6f6d
22561 6176616d
22562 2074616d62c3a9
22563 d0bed0bdd0bed0bc
22564 20706c61736d61
22565 206566656374
22566 206cc3a46e67
22567 2063617369
22568 d181d0b0
22569 c4b16dc4b1
22570 e38199e3828b
22571 93a4ec9d80
22572 206c61626f7572
22573 6f7373656e
22574 2050756e
22575 726966
22576 20646f736573
22577 206f70657261746573
22578 d0b8d0bbd0bbd0b8
22579 206a616172
22580 73746177
22581 20ec82aceb9e91
22582 2061746d
22583 2070726f7465637473
22584 20696d706564
22585 484f
22586 2063696d61
22587 20746f6368
22588 61626973
22589 2073656e646f
22590 6c617573
22591 206375726c
22592 204e756d
22593 2073706f6e736f7273
22594 2064c3a9627574
22595 20416c657861
22596 2042c3bc72
22597 20416d6572
22598 20636f7065
22599 20d0b8d0b7d0b2
22600 6a616c
22601 2031393935
22602 61706174
22603 7265737365
22604 205072697a65
22605 20436c61697265
22606 204272616e646f6e
22607 2077737a7973746b6f
22608 2076616c756564
22609 e0b899e0b8b0
22610 2073656374
22611 207365637265746c79
22612 206469616d6f6e6473
22613 204576616e
22614 20525047
22615 e381abe381aa
22616 88eb8f84
22617 20556e6976657273616c
22618 20646f75627473
22619 2050696e
22620 7769c4857a
22621 9aa9
22622 20616c626f
22623 2062726175636874
22624 41554c
22625 204d6f62696c65
22626 677261646573
22627 20736368656d
22628 776879
22629 204e69636874
22630 7069
22631 676c65
22632 2063686f727573
22633 20676c79
22634 207265696e666f726365
22635 206d756666
22636 205368656e
22637 20486f6c61
22638 d183d0b3
22639 766964656d6d656e74
22640 7669616c
22641 6163696f7573
22642 6c61696d6564
22643 205269636f
22644 2076656767
22645 20696c6c757374726174696f6e
22646 20427574746572
22647 6f776164
22648 20657578
22649 20656e66616e7473
22650 204c6561646572
22651 2056696c6c616765
22652 65746963616c6c79
22653 d986d98a
22654 2073746577
22655 20737572707269736573
22656 20637565
22657 204772616e646d61
22658 2043656c73697573
22659 205269636874
22660 656e63
22661 207065746974696f6e
22662 2068657262
22663 207769636b6564
22664 207363686c65
22665 6f63616c79
22666 207472616e7366
22667 20746f6b656e73
22668 2047726179
22669 20424243
22670 494b
22671 2031353030
22672 7a6e
22673 204e6576
22674 206b6f79
22675 207a6172
22676 2062756c6c73686974
22677 20436f6c6f6d626961
22678 756c6174697665
22679 2077696465737072656164
22680 79656374
22681 6b6974
22682 20656d7072657361
22683 206e6f7572
22684 206275726e73
22685 6174696e
22686 6169726564
22687 207265766f6c7574696f6e617279
22688 20d0b3d0bed0b4d183
22689 204c6f67616e
22690 2031393936
22691 2047726168616d
22692 726562
22693 204e4853
22694 e69c9b
22695 20636f7374756d6573
22696 206e61776574
22697 206c6f76657273
22698 204c756379
22699 20496e646967656e6f7573
22700 ed9598eab8b0
22701 20696d6d756e697479
22702 a5b4eb
22703 7569746f
22704 20657863657373697665
22705 20646f6e6174696f6e73
22706 20d794d7a8
22707 20ecb2ab
22708 e98984
22709 20647279696e67
22710 6d656c6f6e
22711 2073757276657973
22712 20ebacb4ec8aa8
22713 e9a2a8
22714 616161
22715 2070726f6265
22716 616e6369616c
22717 206c6f75646572
22718 20686f74656c73
22719 c3bcc49f
22720 61676e6572
22721 206f726967696e73
22722 20eba788eca780eba789
22723 202a2a
22724 20737472616e67657273
22725 2048617573
22726 636f6d6564
22727 20616e7468726f70
22728 2075736f
22729 20ec9584eca781
22730 205975616e
22731 20ed9584ec9a94
22732 706c6572
22733 72657373697665
22734 207370726177
22735 2053746577
22736 2031393934
22737 20656c64657273
22738 206d65696e656e
22739 206a756e74
22740 2061636f757374
22741 20576f686e
22742 2062616e616e6173
22743 2070726f6a656374696f6e
22744 20537469636b
22745 6c656774
22746 7370656564
22747 2063c5a96e67
22748 20576f7274
22749 2042616c74696d6f7265
22750 20d186d0b5d0bb
22751 2064756e6e6f
22752 e5bcb7
22753 3f2c
22754 e38389e383b3
22755 204c6f63616c
22756 6f73746f
22757 d0ad
22758 d0bed0b4d0b0
22759 20506f7274756775657365
22760 20746865697273
22761 2064c3a96d
22762 e58fa6
22763 206472617566
22764 204275646468697374
22765 65727461
22766 4765
22767 20636172726f74
22768 20576f6e64657266756c
22769 20736f616b
22770 2063686169726d616e
22771 676769
22772 494341
22773 6672696564
22774 20666c69636b
22775 205468726f7567686f7574
22776 20ec9ab0eb
22777 20636f756768
22778 20666c75666679
22779 7363686f6f6c
22780 20726970706564
22781 2d2d2d2d2d2d2d2d
22782 205a756b756e6674
22783 20d0bdd0b5d0b1
22784 2073746f
22785 20424f
22786 70656e74
22787 204c617772656e6365
22788 cf89cf82
22789 737469636b73
22790 2045696e73
22791 20d180d18b
22792 205374726f6e67
22793 20636172616d656c
22794 207370697465
22795 617a6172
22796 e983bde698af
22797 20637269746963616c6c79
22798 206f627261
22799 6f7769747a
22800 205a6f6e65
22801 20d180d0b5d0ba
22802 20737567
22803 6172646564
22804 2067c3ac
22805 6666656e746c696368
22806 616e636865
22807 d89f
22808 6173746963616c6c79
22809 ec9dbceb
22810 d0bbd0b0d0b2
22811 2073696d706c657374
22812 20467269656e64
22813 207175656c6c6f
22814 20616d626974696f6e
22815 2061626269616d6f
22816 e5ba95
22817 20d184d0bed180d0bc
22818 2045737361
22819 206564756361746f7273
22820 20737461746973746963616c
22821 e98099e9828a
22822 206368616e676572
22823 2061746175
22824 c3a974616973
22825 205368616b65737065617265
22826 eb9098
22827 207472696767657273
22828 207265616c697a
22829 2063656c7569
22830 776865656c
22831 206c6f79616c7479
22832 2073637265616d73
22833 6b656872
22834 204d656761
22835 65617374
22836 20746f7073
22837 20546f74616c6c79
22838 6f756e7461696e
22839 6c6f7264
22840 2076696f6c6174696f6e
22841 204741
22842 206e69636572
22843 204672657368
22844 204d656c69737361
22845 66756e6374696f6e
22846 2072617065
22847 20657863657074696f6e73
22848 2073696c69636f6e
22849 206c696265727479
22850 20686f757365686f6c6473
22851 e3818de381bee38199
22852 204341
22853 20d09ed0b1
22854 206c6962
22855 9e8c
22856 6369666963
22857 2074726f706963616c
22858 20696e7665737469676174696e67
22859 4844
22860 2061646170746572
22861 2050697474
22862 616e636961
22863 205368656c6c
22864 667269656e646c79
22865 20636f6e636c7573696f6e73
22866 20747572746c65
22867 206465636f6d70
22868 20616e696d6174696f6e73
22869 20d181d0b5d0ba
22870 696e7369
22871 20726574656e74696f6e
22872 6b6965
22873 20696e6a656374696f6e
22874 204d616469736f6e
22875 ecb0b0
22876 207669656e74
22877 20766172696564
22878 2076696f6c696e
22879 2042696c
22880 206c75636b696c79
22881 20687474
22882 6cc3a4
22883 2072616e6368
22884 e79c8be79c8b
22885 2073c3b36c6f
22886 ec9585
22887 20446572656b
22888 20536372697074757265
22889 d0bed180d0b0
22890 20636c617373726f6f6d73
22891 6176696c
22892 666f726d6564
22893 206265666f726568616e64
22894 2047656d
22895 7072656368
22896 206c696e
22897 20677265656e73
22898 d186d0b5d0b2
22899 204d65726365646573
22900 2064726f75676874
22901 6761737073
22902 2061626f7274696f6e
22903 207465727269626c79
22904 2073706f73c3b362
22905 2073656375726564
22906 20617472c3a173
22907 20776176656c656e677468
22908 20677261696e73
22909 656374697665
22910 2073706163656372616674
22911 20746f757273
22912 2070726f666573
22913 2073757267656f6e
22914 20506965
22915 20696465616c6c79
22916 61726e6572
22917 5550
22918 6f70617264
22919 736365
22920 20696d6d656e7365
22921 204f7274
22922 726f6c6c6572
22923 2044616c6c6173
22924 204e6963686f6c6173
22925 2073756c66
22926 20546f796f7461
22927 207175616e746974696573
22928 6365616e73
22929 20637569
22930 616ec3a761
22931 2043414e
22932 69747a65726c616e64
22933 e584bf
22934 207a6f75
22935 204379626572
22936 6c6567656e
22937 20496e6974
22938 656475
22939 206170657274
22940 2061646a6163
22941 6f7576
22942 e8808ce4b894
22943 7273
22944 2063616262616765
22945 20776865656c6368616972
22946 696e796c
22947 2044796e616d
22948 20ec9584eb8b88eb9dbc
22949 206c696e67
22950 686c
22951 20d0bcd0bed0b3d183
22952 206372697370
22953 206d696a
22954 20647567
22955 6e696e
22956 20626c6f7373
22957 2062656c6f6e67696e67
22958 206c6f75646c79
22959 206d696e6572616c73
22960 20636f6e636c75646564
22961 207365617263686564
22962 3936
22963 204d656574
22964 2053454f
22965 20d0a1d0ba
22966 20486f62
22967 6f747461
22968 2070726f706167616e6461
22969 2063696e6e616d6f6e
22970 2068756e746572
22971 2067656d65696e73
22972 207363756c7074757265
22973 756c73696f6e
22974 2076c3a46c
22975 206d6167617a696e6573
22976 20636f6e74726f7665727379
22977 e4b880e6a8a3
22978 2073657175656e636573
22979 e38184e3828b
22980 20ed9a8c
22981 2064656c65746564
22982 e4bdbf
22983 90eb8f84
22984 2076617279696e67
22985 e38386
22986 206d6f756e74696e67
22987 20616666616972
22988 207061746877617973
22989 e6a6
22990 206469676f
22991 e4baae
22992 20d0b4d0bed0ba
22993 416c6578
22994 20746f626163636f
22995 204356
22996 20626f746865726564
22997 20616d6269656e74
22998 696e6b79
22999 20534c
23000 206861746573
23001 206a65c5bc656c69
23002 20636f6e67726567
23003 20656c6173
23004 206465757473
23005 2053747564696f73
23006 6368c499
23007 20646f63756d656e746564
23008 204372757a
23009 204c656e
23010 20446f75676c6173
23011 20506f72747567616c
23012 656e7469
23013 2073706f757365
23014 20616e616c7973
23015 61766961
23016 20656469746564
23017 206ce1baa169
23018 6275696c74
23019 2076696c6c65
23020 61646f7261
23021 2062726163656c6574
23022 207375736869
23023 20706d
23024 20747261696c73
23025 206c7567
23026 20c3b6766572
23027 20736f72726f77
23028 20636f6c6f6e79
23029 61646f78
23030 207365726965
23031 616e79616b
23032 20d8b7
23033 2047756c66
23034 e698afe4b88de698af
23035 205056
23036 2053616d75656c
23037 204b6974
23038 2052616c
23039 6f6e74696e
23040 6578706c
23041 20656e7472696573
23042 20616374697669737473
23043 5073
23044 2073616e74
23045 20d182d0bed187
23046 204272756e6f
23047 6b656c6579
23048 20747574746f
23049 e994
23050 2076696e74616765
23051 20746572726966696564
23052 20d0bfd0bed185
23053 7573697665
23054 6f77657273
23055 d0b0d0b9d182
23056 eb8f99
23057 2074776973746564
23058 2054686f75676874
23059 20746168
23060 20736872696e6b
23061 207368656572
23062 6c6974
23063 2064616c616d
23064 20646962
23065 2076617264
23066 6f77616e65
23067 20646f6272
23068 2052656e61
23069 20d181d0b2d0bed18e
23070 207061c3ad736573
23071 20457261
23072 e381aee381a7
23073 20425554
23074 7369676873
23075 20eab7b8eab1b0
23076 2067726fc39f656e
23077 20ebb9a8eba6ac
23078 206e6572766573
23079 20636f6e73746974
23080 207072656f637570
23081 20476179
23082 205875
23083 6b6565706572
23084 6865757265
23085 2e2e29
23086 2043616c6d
23087 20556e69646f73
23088 20ec9db4eab283
23089 2041717569
23090 20eca09cec9dbc
23091 64c4b172
23092 eca698
23093 796f7572
23094 20d18dd182d0b8d0bc
23095 32303230
23096 2072756e64
23097 20484f
23098 20436174686572696e65
23099 69656c69
23100 20667573696f6e
23101 206964656f6c6f6779
23102 20666f72616d
23103 736861706564
23104 20ed9b84eb
23105 207774
23106 2072657472
23107 207072c3a963
23108 20eab091
23109 206f70656e6c79
23110 76697479
23111 eab5acec9a94
23112 206f62737461636c65
23113 20626f6f
23114 207365696e6572
23115 69636f726e
23116 20656967656e6c696a6b
23117 20686561646572
23118 6172656d6f73
23119 20736f66746572
23120 20d09fd0bed0b4
23121 207072656a7564
23122 20646566696e6573
23123 6965727465
23124 20626c656e64696e67
23125 2062656c696576657273
23126 20576f6368656e
23127 20d0bdd0b8d0bad0b0d0ba
23128 20d09ad0bed0b3d0b4d0b0
23129 205479706963616c6c79
23130 20ed81ac
23131 e7aea1
23132 63696f73
23133 206d697373696c6573
23134 2073706f6e6765
23135 204b69746368656e
23136 207472656e
23137 6e696e67656e
23138 207363726170
23139 20736572616974
23140 b4eca0
23141 e7b9
23142 20ebb098eb
23143 20726573746f726564
23144 2070727a796bc5826164
23145 204b756265726e65746573
23146 2073616974
23147 207577
23148 20656e61626c696e67
23149 2074726176657273
23150 616d7073
23151 e58f97
23152 204f4d47
23153 656e736f72
23154 207a6f737461
23155 2070726f6e6f756e636564
23156 416e67
23157 6e6f726d616c
23158 2065636f6e6f6d696573
23159 74696e
23160 204368616d70696f6e
23161 697a656e
23162 20617262656974656e
23163 20476f7370656c
23164 205a75
23165 6e6761
23166 206c69746572616379
23167 204d616e73
23168 2063697263756c6174696f6e
23169 2061646170
23170 20546f74616c
23171 206d6572656b61
23172 206f6c6163616b
23173 d181d182d0b0d182d0b8
23174 4a61636b
23175 206d756e64
23176 207468696566
23177 62696573
23178 20eab281
23179 61717565
23180 20daa9db8c
23181 2053636172
23182 e5b2
23183 2061626f6c
23184 206465766f7465
23185 203031
23186 2073697474656e
23187 2056697375616c
23188 7765656b
23189 736f6d65
23190 696e6774
23191 206a6f75726e616c69736d
23192 20486972
23193 2042616368656c6f72
23194 696e657279
23195 c39c4e44
23196 e3839f
23197 e7bb99
23198 20636f6c6f72696e67
23199 204372697374
23200 2063656c6562726974696573
23201 20d187d0b8d181
23202 2043726974
23203 20646966666572656e7469617465
23204 20d09cd0bdd0b5
23205 656c696d
23206 20736561666f6f64
23207 20616c67756d6173
23208 6f74686572617079
23209 e688b0
23210 20676c617562
23211 20617262697472617279
23212 67656e73
23213 20d0b1d183d0b4d0b5d0bc
23214 20746176
23215 20637265616d79
23216 20436f756e747279
23217 61c3b1
23218 d0bcd0b5d182
23219 2068696e746572
23220 206d69736d
23221 20696c6c75737472617465
23222 c39c4e444e4953
23223 2064656372656173696e67
23224 2077656e69676572
23225 414b49
23226 69786f6e
23227 20d0bdd0b5d0b9
23228 20666174746f
23229 206e657264
23230 e7a0
23231 206269747465
23232 506572
23233 2074616e65
23234 2067c3b67a
23235 20666f727465
23236 204579
23237 20d0bdd0b0d0b2d0b5d180
23238 e8a2ab
23239 20576f72645072657373
23240 204d6973
23241 c5af
23242 7ac3a468
23243 20696e74c3a972657373
23244 6f7361757273
23245 2046616c6c73
23246 206e65737361
23247 3937
23248 206d757365756d73
23249 20636f72726573706f6e6473
23250 2073696e6773
23251 666f7572
23252 2065646572
23253 20436f6d6d756e697374
23254 6f61
23255 6e656b
23256 2057484f
23257 20636f72706f
23258 206d657373696e67
23259 cf84ceb1ceb9
23260 2062727573686573
23261 2062697363
23262 2041726265697473
23263 20546178
23264 2073656c65
23265 20666c616773
23266 6f757065
23267 20616e746963697061746564
23268 e38391
23269 204e6164
23270 20706f75726564
23271 206d6c
23272 206c6c616d61
23273 2076697375616c697a65
23274 206c697374656e657273
23275 d984d983
23276 616c74656e
23277 4d69636861656c
23278 20636f73c3ac
23279 d5a1d5
23280 6f707573
23281 20ed95b4eca3bc
23282 2068696b65
23283 204174746f726e6579
23284 2048696c6c617279
23285 75646564
23286 20ed9598eca780eba78c
23287 20646f7665
23288 2073746f726d73
23289 d0b0d0bad181
23290 20646f637472696e65
23291 20686578
23292 696b73
23293 6e6fc59bc487
23294 2073637269707473
23295 20ceb4ceb5cebd
23296 20d18dd182d0b8d185
23297 20d086
23298 61626572
23299 20566173
23300 2063656e74696d6574657273
23301 d79ed794
23302 d0bdd0b8d0b1
23303 20726964657273
23304 2054726962
23305 e58c85
23306 2074616bc5bc65
23307 206e6f756e
23308 2069636f6e73
23309 20736f6c656c79
23310 6d696e646564
23311 20646973706f6e
23312 20537769747a65726c616e64
23313 20636c757374657273
23314 207175656461
23315 61696c696e67
23316 206d616e6761
23317 203638
23318 8488
23319 20746574
23320 67696e73
23321 68617573
23322 e7a9ba
23323 e5b7a5
23324 204f50
23325 6f746564
23326 206e6f7576656175
23327 414c4c59
23328 d988d8af
23329 c3b26e
23330 206d6f7274616c697479
23331 20476974487562
23332 64726f70
23333 206469736775
23334 207265636f6d
23335 206c6f63616c73
23336 20686f6d656d616465
23337 616d6261
23338 2070726f6e756e63696174696f6e
23339 20616c706861626574
23340 d0b0d0bdd18c
23341 6f77616e79
23342 69726173
23343 6964656e6379
23344 4f4d45
23345 20d180d0b0d181d181
23346 6172616b
23347 7669616d656e7465
23348 206e6f6e70726f666974
23349 20596f755475626572
23350 20706172656e7468
23351 20426f6f
23352 766174
23353 2053746972
23354 20707265636970
23355 20616e7473
23356 20616c6c79
23357 204d616f7269
23358 20eb8c80ed959c
23359 e58fafe698af
23360 6f67656e65
23361 204c61626f7572
23362 617265747465
23363 2072656379636c696e67
23364 656e7361
23365 2070757273756974
23366 2073616b
23367 20d097d0b4d0b5d181d18c
23368 20746f6c6572616e6365
23369 2073616174
23370 20636c69636b6564
23371 e299a5
23372 2066616365626f6f6b
23373 20496e746f
23374 20696e63656e7469766573
23375 eab8b0eb8a94
23376 2044656e6e6973
23377 2057696b
23378 6765736368
23379 e0b980e0b89b
23380 20cf80ceb1
23381 2057686f6f
23382 20726f756e646564
23383 20646f7065
23384 20636170747572696e67
23385 205761727269
23386 20636976696c69616e
23387 20636861726d696e67
23388 2065736173
23389 207375737461696e6564
23390 206c65616e696e67
23391 206162756e64616e6365
23392 c3ad6c6961
23393 d0b0d0bbd18cd0bdd18bd0b9
23394 207068e1baa369
23395 61636a61
23396 20eab099ec9584
23397 6163746976
23398 e0b8b2e0b8a2
23399 203937
23400 20d0bcd0bed0b9
23401 63726f
23402 204a61636b6965
23403 697474656573
23404 627261636874
23405 756c656e74
23406 20eca09ceb
23407 20706c7567696e
23408 76616e74616765
23409 7061727479
23410 2073756173
23411 20616e7465
23412 d183d0bb
23413 d09dd090
23414 e682a8
23415 20cf83cf85
23416 206d657468
23417 20656e746875736961736d
23418 d18fd182d181d18f
23419 ed9994eb
23420 2073796e746865746963
23421 20736561736f6e696e67
23422 204c6f7374
23423 6f6e6f6d79
23424 20537061726b
23425 2062757265
23426 2061737375726564
23427 20696d6167696e
23428 20636172726f
23429 536861
23430 c48574
23431 d0bdd183d182d18c
23432 c3a174696361
23433 5459
23434 206b65726e
23435 204272617a696c69616e
23436 c3b0
23437 2073757370656e646564
23438 204361726962
23439 2062697a696d
23440 204f6c69766572
23441 e381b6
23442 546f6d
23443 20d0bfd0bbd0b0d0bd
23444 206e6f7065
23445 6f6d657468696e67
23446 2062656964656e
23447 d186d0b5d0bd
23448 20666c756374
23449 20cebccebfcf85
23450 2066617468657273
23451 20426c616b65
23452 20757077617264
23453 2044617368
23454 204c696c
23455 20ec8898eb8f84
23456 20726576656c6174696f6e
23457 20656c657661746564
23458 204a69616e67
23459 4c4544
23460 2054686f6d70736f6e
23461 20d0bcd0bed0b3d183d182
23462 d181d182d180d183
23463 696669657273
23464 20636f6d656261636b
23465 20627579657273
23466 eab2b0
23467 2053616c6573
23468 d0b8d187d0b5
23469 63696f6e6573
23470 2077686973746c65
23471 2064756c6c
23472 4c4558
23473 20ed9598eab2a0ec8ab5eb8b88eb8ba4
23474 206372696d696e616c73
23475 2064657363656e74
23476 6970706c65
23477 6d6173c4b1
23478 20666f6f6c697368
23479 20d0b4d183d0bcd0b0d18e
23480 746172
23481 206d616e676f
23482 2063686f72656f677261706879
23483 4d617474
23484 207465727269746f72
23485 206163616261
23486 2045696e737465696e
23487 2049424d
23488 204d6574616c
23489 204372797374616c
23490 20726168
23491 20666f756c
23492 2049736c616e6473
23493 20696e74616374
23494 205261696c
23495 2e3a
23496 206163c3a1
23497 20d0bfd180d0bed0bf
23498 d0b5d180d0b5
23499 205772697465
23500 68656865
23501 20464f
23502 20cf83cf84ceb7
23503 20646f696e
23504 68656c64
23505 20617070726f7072696174656c79
23506 2064656c696265726174656c79
23507 2061726368697665
23508 206769766561776179
23509 e38193e38193
23510 2066696e616c65
23511 d0bbd0b0d181
23512 d0b5d0bdd0be
23513 c6a16e
23514 e6a392
23515 6f676f
23516 e789a9
23517 2041756469656e6365
23518 e385a0
23519 207375627572
23520 206865616461636865
23521 d0b0d0bdd0bdd18f
23522 205769746368
23523 2053776564697368
23524 204249
23525 206572617365
23526 206b6869
23527 20636f6d6d656e74617279
23528 2053756c74616e
23529 ed839d
23530 204c6562616e
23531 20ebb3b4ec8b
23532 2050616d
23533 70656b74
23534 6d6f6e7468
23535 2067726f756e646564
23536 eabe
23537 20c59f656b696c6465
23538 323530
23539 20534348
23540 696f736f
23541 20696e617567
23542 6865696d6572
23543 207265666c656374696e67
23544 2052757468
23545 204f696c
23546 2074726f75766572
23547 756570
23548 2e2e5d
23549 20ec9e88eb
23550 206f6c6861
23551 20726561736f6e61626c79
23552 20676c69746368
23553 5542
23554 204772616e
23555 206164616c6168
23556 206c656e74
23557 d8b1d8a7
23558 207472616374696f6e
23559 2061646a757374696e67
23560 b4a4
23561 d0bdd0b8d0b1d183d0b4d18c
23562 20d0b4d0bed0bf
23563 20737472657463686564
23564 206f7274
23565 20636f73696e65
23566 76696f6c
23567 20ec85
23568 636972
23569 2062617374617264
23570 e4b887
23571 20d185d0bed0b4
23572 207175696572
23573 20707265737375726573
23574 20416e68
23575 e5b9be
23576 20656c6c6573
23577 20d0b4d180d183d0b7
23578 20d0bcd0bed0b6d0b5d182d0b5
23579 206368e1bb
23580 204dc3a9
23581 c3b66b
23582 e1baa775
23583 eca088
23584 7a696e
23585 2063617574696f6e
23586 6962616e
23587 206a756467696e67
23588 d183d18ed182
23589 2062616a
23590 20d0a1d0b5d0b9d187d0b0d181
23591 20506f6f72
23592 204e617a69
23593 20757062656174
23594 79616e67
23595 207765656b656e6473
23596 20457373656e7469616c6c79
23597 206f6c75796f72
23598 207370617469616c
23599 61636b6572
23600 2073656c6c6572
23601 20d790d795d7aa
23602 91d79c
23603 207669766964
23604 20426f6e64
23605 eab68c
23606 69736b74
23607 e382b5
23608 20676f6174
23609 647269766572
23610 206d7567
23611 696374696f6e616c
23612 20616c6c74
23613 20496e697469
23614 2052616e64
23615 2066696e6973686573
23616 20eab088
23617 20766974616d
23618 207465656e6167657273
23619 204d6f72726973
23620 eca484
23621 204f7269
23622 697961
23623 206d79c3b673
23624 53746570
23625 204b7265
23626 e8bea6
23627 2064696e6f73617572
23628 20ebaa87
23629 61666665
23630 20eb90a9eb8b88eb8ba4
23631 207a6567
23632 e58887
23633 204d616e68617474616e
23634 2073756a6574
23635 75656c6c65
23636 73746f6666
23637 2064c3bc72
23638 207375626d6172
23639 65736573
23640 20617175656c65
23641 206e6f75
23642 204661697468
23643 747a
23644 20d182d0bed0bcd183
23645 6163657574
23646 6c69657273
23647 2062616e647769647468
23648 c6b0e1bb9d
23649 2072657370656374697665
23650 20417665
23651 20737072656164736865
23652 2053656e74
23653 6963616d656e7465
23654 20696e667261
23655 206c6561726e657273
23656 20e0ae89
23657 61696168
23658 72656e616c
23659 206d757374617264
23660 2068616274
23661 e783
23662 205175c3a9
23663 20616e616c797a696e67
23664 e6af8f
23665 20736f6c6963
23666 20d794d795d790
23667 206361757361
23668 2077656c636f6d6564
23669 2053756363657373
23670 20666163696c65
23671 20d09fd0bed182d0bed0bcd183
23672 73636865696e
23673 206665746368
23674 207374726174
23675 20d181d182d0bed0b8d182
23676 ec9790ec849ceb8a94
23677 20d181d0bfd0bed181d0bed0b1
23678 6d616d
23679 20736572c3ad61
23680 6e616d656e7473
23681 777269746572
23682 20636f6e73756c74696e67
23683 ed9880
23684 204265726b656c6579
23685 6575
23686 6173697665
23687 5555
23688 20416e616c7974
23689 207375626d697373696f6e
23690 206d61676e69666963656e74
23691 656e7a61
23692 2065636f6e
23693 2070726f66696c6573
23694 20696e636172
23695 4162
23696 204e756e
23697 20686963
23698 73637265616d696e67
23699 20726573696c69656e74
23700 e588a9
23701 6772756e64
23702 20636f6e637572
23703 2062657265697473
23704 4c44
23705 206e757274
23706 ec89
23707 206665617374
23708 20656e6375656e74
23709 204d696368656c
23710 2073757072656d
23711 225d
23712 206665656473
23713 204b6f6c6c6567656e
23714 6973736572
23715 2046656e67
23716 2057656e
23717 6d756e
23718 2074656ec3ad61
23719 205772657374
23720 20ec98a4eb8a98ec9d80
23721 207374656164
23722 20726573746f726174696f6e
23723 20646f6e61746564
23724 2064656c73
23725 2063656e737573
23726 206465737065726174656c79
23727 776f72746879
23728 4845
23729 20537061
23730 20427279616e
23731 20686a
23732 20526177
23733 ec9584eb
23734 2043616d657261
23735 207a69656e
23736 207374796c
23737 205457
23738 20436865657365
23739 626f726e65
23740 206f626c
23741 20416c7265616479
23742 20756e737461626c65
23743 20666c616d6573
23744 706f7374
23745 4861
23746 726f6d61676e
23747 20ec9784eba788
23748 64657374
23749 206b6f6c656a
23750 2074656d706f726172696c79
23751 2064657465726d696e696e67
23752 20476c617373
23753 d180d0bed0bd
23754 6f6c616e
23755 20646f6d696e61746564
23756 e58c96
23757 5f5f5f5f
23758 20d987d8b0d8a7
23759 2044616e61
23760 2064696e686569726f
23761 617175
23762 ebafbc
23763 20c3a073
23764 204a6f6579
23765 204772696666
23766 2061747461696e
23767 207472616e736974696f6e73
23768 204c69746572616c6c79
23769 d0b5d0bdd0b4
23770 20486176656e
23771 206772616262696e67
23772 206372797374616c73
23773 20466f75727468
23774 2063616e646c6573
23775 20d181d0bbd183d187d0b0
23776 7269636f
23777 2035303030
23778 6574746f
23779 20756e646f
23780 206b746f
23781 20646976657274
23782 2063686972
23783 20706572736563
23784 2068696b696e67
23785 20616e6e6f756e63656d656e7473
23786 e794b1
23787 d0b7d18b
23788 20617563
23789 2073797374656d6963
23790 20524d
23791 cf83ceb1
23792 20d094d0b6
23793 20796172
23794 2057617264
23795 20706973736564
23796 206361726e
23797 206175746f6e6f6d6f7573
23798 e3858ee3858e
23799 736f766572
23800 e6b292e98caf
23801 e5be88e5a5bd
23802 207265666c6578
23803 2067617264656e73
23804 206461746564
23805 ecb1
23806 616d69c499
23807 20636f6e74696e75697479
23808 20636974697a656e73686970
23809 20736368776572
23810 207a616b
23811 7461626c65
23812 20d181d187
23813 e8a781
23814 20cf83ceb5
23815 2067656e657261746573
23816 eab5aceb8298
23817 c3b668
23818 c3b36d
23819 616c616d
23820 204a554459
23821 20427567
23822 20e381a6
23823 2064726f6e6573
23824 20c3a1677561
23825 6163616b73
23826 e69a
23827 20d09ad0bed0bd
23828 d796d794
23829 20737472697665
23830 20416c7465726e
23831 206e656172657374
23832 2070726f79656374
23833 74657261
23834 204153484c4559
23835 20776f726d
23836 207265706c6179
23837 2074617261
23838 20496e6469616e73
23839 e382b0
23840 6963616964
23841 20ec889c
23842 2061707065616c696e67
23843 20576573
23844 206d656e74696f6e73
23845 20d0b4d0b5d0bbd0b5
23846 206b77
23847 2066726167696c65
23848 69737a
23849 6bc3b377
23850 68616e67
23851 636f6c6f72
23852 20707265736964656e7465
23853 3837
23854 d0b5d184
23855 e788b8
23856 20d0b4d0bed0b1d0b0d0b2
23857 204e656c736f6e
23858 c3a1666963
23859 204d49434841454c
23860 206d656368616e6963
23861 206d6574726573
23862 206f637a797769c59b636965
23863 2043696e64
23864 206f6773c3a5
23865 206c616e64736361
23866 414345
23867 20686561646c696e6573
23868 20636174616c797374
23869 204361746368
23870 696e6b6c6573
23871 2070696c6c73
23872 6f72646f
23873 20696d6d696772616e74
23874 206578616d696e6174696f6e
23875 206163636964656e7473
23876 7ac48564
23877 20717569657265
23878 206e656c6c61
23879 203637
23880 207061737361
23881 207375706572666963
23882 6973746f72
23883 206e6f76
23884 eb8bb5
23885 206d616e64617465
23886 69736f6e73
23887 205669727475616c
23888 2073656c626572
23889 20636f756e73656c696e67
23890 204e4241
23891 2073657074
23892 2062656c6965766572
23893 206d617276656c
23894 20496e74656772
23895 20d0bcd196
23896 206f727068
23897 206261636b77617264
23898 2047656e65726174696f6e
23899 2050696374
23900 20d182d0bed182
23901 2074617069
23902 70726f6368656e
23903 2068616c6c776179
23904 687465
23905 20db81db92
23906 205a756d
23907 e88081e5b8ab
23908 6163686d656e74
23909 6971756572
23910 666f6c67
23911 204564646965
23912 204b696c
23913 2077656c6c6e657373
23914 73746f636b
23915 e8bc83
23916 206b61c3a7
23917 20746572726f7269736d
23918 20706f696e746572
23919 4f66
23920 6865726963
23921 20556c74696d6174656c79
23922 206d65736573
23923 205472616465
23924 2070696e74
23925 2074756974696f6e
23926 2064697361677265
23927 20eab28cec9e84
23928 206d616e75736372697074
23929 20726f6f6d6d
23930 206f757470757473
23931 d0b5d186d0b8
23932 2072696573
23933 2073616c7564
23934 6f747a64656d
23935 206d6173736573
23936 206279c58261
23937 20636c656172696e67
23938 20646973636f75727365
23939 6174736f6e
23940 20666f6c646564
23941 204a6172
23942 d984d989
23943 393030
23944 20d183d181d0bf
23945 2070726f7068656379
23946 20696e74657266657265
23947 d0b8d185d0bed0b4
23948 e0b98c
23949 2074687269
23950 20d79ed7a9
23951 206c617ac4b16d
23952 2031393932
23953 2066757475726f
23954 206c6f636b696e67
23955 20656d626172676f
23956 204e656974686572
23957 6976616d656e7465
23958 206dc3a5737465
23959 206d696b
23960 20636f6c6c6563746f72
23961 d0b5d0bad0bed182d0bed180
23962 2047616e64
23963 2073656e746972
23964 204d69676874
23965 e5a194
23966 2067616e7a656e
23967 5543
23968 2072656c6174696e67
23969 5344
23970 206d6f73717569746f
23971 4752
23972 20686f6c6c6f77
23973 e29885
23974 2057616c6b6572
23975 20616666696c69617465
23976 206475706c6963617465
23977 d0bdd0b5d0bc
23978 206772617065
23979 204f7267616e697a6174696f6e
23980 2073796e74
23981 4a6f65
23982 20676567
23983 2072657665616c696e67
23984 20457468616e
23985 6f75746572
23986 20796179
23987 e9ab94
23988 d0bbd0b0d180
23989 207265706f727465646c79
23990 206968726572
23991 207265636f676e697365
23992 2062756d706572
23993 2052616e6479
23994 2056656e7573
23995 746c6573
23996 206170706574697465
23997 20676c75636f7365
23998 2063686f647a69
23999 20467572746865726d6f7265
24000 746972
24001 20636f6e7461
24002 20696e74756974696f6e
24003 20616c746974756465
24004 206368756e6b73
24005 204a6f73687561
24006 c4b1c49fc4b16d
24007 72796c6963
24008 6c65616e73
24009 20ed94bceb
24010 4c4c
24011 517565
24012 20676f72
24013 20d0b7d0bdd0b0d187d0b8d182
24014 20706f656d73
24015 20657863656c
24016 206578706c6f726564
24017 20706f70756c
24018 20696e636c75736f
24019 7374c3a4
24020 20476176696e
24021 616c6c696e67
24022 20cf84cebfcebd
24023 e9a9
24024 617262656974
24025 20476173
24026 20676c6f72696f7573
24027 72696562656e
24028 207370616d
24029 20696e646f6f72
24030 20746872757374
24031 20416c64
24032 205072696f72
24033 206f6e626f617264
24034 e381a0e38195e38184
24035 6f6361
24036 415348
24037 a3a0
24038 20436872697374696e65
24039 20647261776572
24040 206e6f6f6e
24041 20ec9e98eb
24042 207065726d616e656e746c79
24043 e6b7b1
24044 20d0bdd0b0d0bfd180d0b8d0bcd0b5d180
24045 20706f646361737473
24046 65726170657574
24047 70726974
24048 20737461696e6c657373
24049 20daa9db92
24050 2066616d696c6961
24051 20d180d0b0d0b7d180
24052 756e746f
24053 20d181d182d0bed0bb
24054 2068c3a4
24055 20486169
24056 205042
24057 697a6f6e
24058 206b6f6e6e7465
24059 2062c3bc79c3bc6b
24060 207574696c697a6172
24061 da86
24062 2061717565737461
24063 206d69786572
24064 7564656e74
24065 d0bbd0b5d0bad181
24066 c58275
24067 20d181d0b8d181d182d0b5d0bc
24068 20d0bdd0bed180d0bc
24069 20666174616c
24070 20636f6e73696465726174696f6e73
24071 2076616c69646174696f6e
24072 206f6c69
24073 206b61726465c59f
24074 20474c4f524941
24075 2070616c6c
24076 d0b5d181d182d0b5
24077 2072656374616e67
24078 206d6564696576616c
24079 616c6c616869
24080 61737469
24081 2053797269616e
24082 207368656172
24083 206465627567
24084 204d6169
24085 206b6e6f636b696e67
24086 204c6578
24087 617264616e
24088 726f76
24089 206d656d6f7269616c
24090 e6b0a3
24091 6f6f6b79
24092 2073747566666564
24093 2070617373c3a9
24094 20776967
24095 82a0
24096 207072c3b378696d61
24097 2031393931
24098 20d0bcd0b5d0b6d0b4d183
24099 206e75657374726f73
24100 204265617374
24101 20736d6f
24102 617463686564
24103 6f6c6f676961
24104 20d0bcd0bed0b4
24105 20676565
24106 20636f6e6365707475616c
24107 20c3b4
24108 20646563726561736573
24109 2071756572696573
24110 d0bed0bbd18cd188
24111 204170617274
24112 206578656d706c
24113 e5b1b1
24114 20666c6564
24115 204f4646
24116 6767616b
24117 2062656164
24118 686972
24119 6c696573
24120 20436c6561726c79
24121 c4b16c6172
24122 206368657373
24123 20776869636865766572
24124 203936
24125 e1bab1
24126 207265737065637473
24127 20d0bcd0bed180
24128 206f7267616e69736d
24129 206772616e647061
24130 20566965
24131 e8b79fe4bda0
24132 20666c6f6f64696e67
24133 207570677261646564
24134 d191d180
24135 20636865656b73
24136 20636f6e71756572
24137 2073747562626f726e
24138 2070757a7a6c6573
24139 2061756374696f6e
24140 2072656c79696e67
24141 2050524f46
24142 204573706572
24143 20d09cd0a3
24144 2068797065
24145 20706f73736962696c
24146 20696d707269736f6e
24147 2045726e
24148 ec9788ec8ab5eb8b88eb8ba4
24149 20656e766965
24150 20726573757272656374696f6e
24151 e4b88de8a18c
24152 2073706572
24153 2056656e657a75656c61
24154 736f6d
24155 20ec9ea0eab9
24156 206e6f7576656c6c65
24157 20636c6f736573
24158 2031393430
24159 20717561
24160 204a61726564
24161 20506972
24162 20696e6465
24163 207363727562
24164 756b75
24165 20726571756972696e67
24166 20d0b2d0b0d0bcd0b8
24167 20636f6e736964657261626c65
24168 e5909b
24169 696c6961
24170 20696e6e65
24171 206d65696e656d
24172 206861726473686970
24173 207472617073
24174 726f63
24175 20ec84a4eb
24176 207265736561726368696e67
24177 204d61726761726574
24178 2070656e6e79
24179 2062c4b172616b
24180 d191d0bb
24181 20776f6f6c
24182 2072686574
24183 20666c617474656e
24184 e787
24185 e0b980e0b8a3
24186 2070696564
24187 2043686170
24188 20756e6465726d
24189 2066726574
24190 2063726173686564
24191 2046726175656e
24192 d8b0d987
24193 6976616e
24194 206c69746572617279
24195 6c617465676f
24196 207370c3a4746572
24197 2073696d696c61726974696573
24198 e286
24199 20436f726f6e
24200 20437265656b
24201 20626f73736573
24202 206163636f6d70616e696564
24203 2064656261746573
24204 20617373656d626c6564
24205 20c381
24206 20566169
24207 207472616374
24208 2073696d706c656d656e74
24209 204172696e
24210 2076756c6e65726162696c697479
24211 20686f726d6f6e65
24212 49454c
24213 4f4f4b
24214 2072656c6179
24215 20416e64726561
24216 72696c
24217 206e6563657373697479
24218 61636575746963616c
24219 d18ed189
24220 6f7573696e67
24221 6e61686d656e
24222 20666f6f747072696e74
24223 6d6170
24224 2054696572
24225 616e6e7961
24226 696e74656e64
24227 e596ae
24228 e5a2
24229 206465636f72617465
24230 207a6f6d62696573
24231 20487964
24232 2053757a
24233 2063616d7075736573
24234 20456d62
24235 207468726f74746c65
24236 2061646d696e
24237 206f706f7274756e
24238 206d6972726f7273
24239 206964656e746974696573
24240 20436c696e
24241 20ebb984eb
24242 e1b9a3
24243 204f7474
24244 20626c756573
24245 20696d7072657373696f6e73
24246 2d2c
24247 207661677565
24248 616665
24249 20696e666572696f72
24250 6572616c64
24251 206d65646963696e6573
24252 2070726567756e7461
24253 6f73656c79
24254 2074c3a96cc3a9
24255 204d6f6e7468
24256 204c656164657273
24257 20456779707469616e
24258 20726174696f6e
24259 6b657273
24260 6865697473
24261 207265636874
24262 506c6179
24263 206567
24264 20706f6c6c73
24265 20574f4f4452
24266 20736c6f7473
24267 6a616d
24268 426f7468
24269 20526174
24270 d180d0b0d0b6
24271 20427269676874
24272 e4b880e5ae9a
24273 e1bb9169
24274 7572696f7573
24275 2073696e67657273
24276 206c6f67696e
24277 2074c3aa6d
24278 6c6174696f6e
24279 204d756d
24280 c6b0e1bb9d6e67
24281 20456469746f72
24282 e59091
24283 20696e6e6f766174696f6e73
24284 68617665
24285 2053656b
24286 207765616b6572
24287 20476f62
24288 4166746572
24289 b4eca780
24290 20ebacb8eca09c
24291 e383bce383bc
24292 20646973616476616e74616765
24293 e7a2ba
24294 2067617a65
24295 204d61636b
24296 cf81ceaf
24297 204b697373
24298 20486f6c6f
24299 204269727468
24300 697a69
24301 626162
24302 e4bf9d
24303 ec8b9ceab3a0
24304 d0b4d0b5d180d0b6
24305 207371756174
24306 d0bad183d181
24307 756e69
24308 20436f6d6d65
24309 20574f4f4452554646
24310 204368616d70696f6e73686970
24311 2077656c636865
24312 20596f757468
24313 7a656d
24314 206f64706f77
24315 2070657273697374656e74
24316 727574
24317 ec94a9
24318 ed96a5
24319 6c616972
24320 696b75
24321 2076656e646f72
24322 206368c3ba6e67
24323 2066696e616e6369
24324 206f7665726c79
24325 c3a275
24326 20676c7574656e
24327 2031383030
24328 206469766973696f6e73
24329 20636975646164
24330 206f626564
24331 20776172756d
24332 2065686572
24333 20656c696d
24334 20d092d0be
24335 2070657576656e74
24336 2057616e6e61
24337 20617474656e64616e6365
24338 206173736573736d656e7473
24339 20426f67
24340 20696d6167657279
24341 20636f6c6c6563746976656c79
24342 20696e666f726d616c
24343 205363687765
24344 20646575746c696368
24345 204368656c
24346 205045
24347 6f776564
24348 2062616e6e6572
24349 207368656c766573
24350 2052657475726e
24351 e68bbf
24352 4c4155474853
24353 20636f6e67726174756c617465
24354 204e6f72776179
24355 206477656c6c
24356 2043617269626265616e
24357 206e6f726d73
24358 20416e696d616c
24359 2056616c656e74696e65
24360 20657874656e64696e67
24361 20566f75
24362 6f7272
24363 204368656e67
24364 c2a1
24365 20d0b4d0bed180d0bed0b3
24366 20766567
24367 2068c3a5
24368 2058696e
24369 20ecb9b4eb
24370 656d6574
24371 206879706f7468
24372 20696e746572657373616e7465
24373 7269636573
24374 495a
24375 20555344
24376 2072756e6e6572
24377 20426167
24378 20eabd
24379 20636f6d65c3a76172
24380 2070696773
24381 207765616b6e6573736573
24382 5068
24383 2056696f6c
24384 e4b88de794a8
24385 206472616767696e67
24386 20417175c3ad
24387 20435353
24388 206d696c6c696d6574657273
24389 20657374c3a173
24390 206163757465
24391 2064656a6172
24392 69c49f
24393 6f627261
24394 4c6f7665
24395 2073696c6b
24396 2a2a2a2a
24397 206a6f696e73
24398 2070726f6c
24399 20eab090ec82aced95a9eb8b88eb8ba4
24400 e694af
24401 d8add8af
24402 61676865747469
24403 c3a46e6e6572
24404 20737472616e67
24405 20646f75626c6564
24406 206465736372697074696f6e73
24407 207374656c6c656e
24408 207061727469
24409 e7ab8b
24410 b284eb
24411 20c3b6c49f
24412 696768696e67
24413 20616e67756c6172
24414 206e6174757572
24415 205368656c
24416 c6b0c6a1
24417 2072617973
24418 207365706572
24419 7374617274
24420 7669736564
24421 20727573686564
24422 20696e7465726e6174696f6e616c6c79
24423 206e6976656c
24424 20626f78696e67
24425 66616c6c656e
24426 e1bb9163
24427 207365696e656e
24428 706c6963697479
24429 20636172626f68
24430 20547261766973
24431 75736f
24432 205068617365
24433 2061637469766174696f6e
24434 206f70696f
24435 b7a8
24436 20646563726561736564
24437 436172
24438 2062756e646c65
24439 20657870656e64
24440 6f726d616c
24441 2061646a6163656e74
24442 206d6565
24443 20d0bed180d0b3
24444 207472616e736372697074
24445 204c616e6775616765
24446 4753
24447 e8a789
24448 207365756c
24449 c3a06e68
24450 206e7961
24451 6e696e6773
24452 20ec8b9ceb
24453 20eb94b0eb9dbc
24454 20416772
24455 c3ad64
24456 e79599
24457 20616279
24458 204e656f
24459 c4b1796f72757a
24460 205468696e6b696e67
24461 61696d65
24462 2076697465
24463 2074726176c3a973
24464 20d791d7a2
24465 20d0bcd0b5d0b4
24466 4f7572
24467 686f6f74
24468 206c696e6572
24469 2050697a7a61
24470 20687967
24471 666c696573
24472 20436f6e74696e7565
24473 2064656e74616c
24474 20546962
24475 20726567756c617465
24476 6c6965c39f
24477 414c4b
24478 20546165
24479 eab8b8
24480 20427265786974
24481 20477574
24482 206f636375706174696f6e
24483 207a726f6269
24484 c3a26d
24485 20776869736b
24486 e4b896e7958c
24487 206b616e736b65
24488 6f6d6f6e
24489 726f6265
24490 2077617266617265
24491 207468e1bb83
24492 206a616b69
24493 207374726f6b6573
24494 2070656173
24495 2044616d6974
24496 48414e
24497 20696e746572666572656e6365
24498 20d0bcd0b8d0bdd183d182
24499 4e4552
24500 6f7574696e67
24501 207465787475726573
24502 9f89
24503 6f7769
24504 20ed9599
24505 2064656e73
24506 2070726f7461676f6e697374
24507 c3a46e6e
24508 20676f6464657373
24509 20776f6c6c7465
24510 696a6f
24511 20576f636865
24512 2056504e
24513 73746f7279
24514 206b696e64657267
24515 2066756e6e656c
24516 206469737472657373
24517 d0bdd0bed181d182d18cd18e
24518 206e6f697379
24519 20d0bfd180d0bed0b4d0bed0bbd0b6
24520 20646172616e
24521 20656e7a796d65
24522 d0bbd0bed0b6
24523 206d757465
24524 2064776172
24525 20d8a7d8b3
24526 206b6f6d706c
24527 206d65726974
24528 20666f737365
24529 204472696e6b
24530 20666f7261
24531 20776f686c
24532 20627265657a65
24533 2073616e6974
24534 206472696e
24535 20ec9db4eab1b0eb8a94
24536 203632
24537 20ecb0a8eb
24538 616279746573
24539 206465656473
24540 20d0b9
24541 69c3a86d65
24542 6967676c696e67
24543 202227
24544 20d187d0b0d181d182d18c
24545 20416e73776572
24546 206576616e67656c
24547 2031303830
24548 205669736974
24549 696369656e74
24550 2072656c696162696c697479
24551 d18ed181d18c
24552 204561726c696572
24553 20666964
24554 e7ad89e4b880e4b88b
24555 20736c6565766573
24556 69796f7273756e
24557 20626962
24558 204163636f756e74
24559 d18fd0bbd0b8
24560 6369706c696e617279
24561 7a6173
24562 20d0b1d0b5d180
24563 206e65636b6c616365
24564 20626c656e646572
24565 205068696c6c697073
24566 657469
24567 204a757069746572
24568 2070726f766f63
24569 205965617273
24570 656e747265
24571 6163696f
24572 206bc3bc
24573 20616e74656e6e61
24574 206e6f76656c73
24575 2066617274
24576 205375676172
24577 204a756479
24578 20636f6c6c6170736564
24579 e7b0
24580 7269746973
24581 20ec8381ed99a9
24582 d097d0ab
24583 2056657266
24584 72616e65616e
24585 657265756d
24586 20546172676574
24587 203838
24588 20d098d0b7
24589 6964656f
24590 2072656772657373696f6e
24591 ecb69c
24592 206dc3b37769
24593 2073747564696f73
24594 69656e73
24595 697068
24596 20667279696e67
24597 2066617363696e61746564
24598 20576168
24599 6275636b73
24600 6d617961
24601 2053617475726e
24602 204d6f6d6d79
24603 20726174696e6773
24604 20617574756d6e
24605 c6b0c6a16e67
24606 206c6f736572
24607 2063656e74726f
24608 c3a97269657572
24609 20466f6c64
24610 2073757065727669736f72
24611 204e6f62656c
24612 20756e646572657374
24613 6f626961
24614 20d0b2d181d18f
24615 2076657277
24616 206675656c73
24617 20617274696661637473
24618 20ebb699
24619 204175746f6d
24620 e79a84e698af
24621 db94
24622 d795d7a1
24623 2069686e656e
24624 203539
24625 6f756e64696e67
24626 d0b5d180d18b
24627 696e617273
24628 6368616e74
24629 206164646963746564
24630 206578706c6f73697665
24631 2064697370657273
24632 e29688
24633 61786973
24634 415259
24635 206c756d
24636 20d183d181d0bb
24637 20d88c
24638 20727570656573
24639 20506561726c
24640 63616d70
24641 7476
24642 6f7961
24643 20636f6e636c75646573
24644 20636f6c6c6973696f6e
24645 206275796572
24646 20706c617967726f756e64
24647 20737072696e6773
24648 2066656d696e696e65
24649 20526173
24650 20696e636172636572
24651 ed9798
24652 206469616c656374
24653 20636c6f73757265
24654 206368617474696e67
24655 2062616265
24656 2073706f746c69676874
24657 206e6f746174696f6e
24658 e8b7af
24659 53746172
24660 69c3a36f
24661 2074c3aa7465
24662 2074696465
24663 206a756e746f
24664 2073656e61746f72
24665 d0a5
24666 2065786375736573
24667 20626c696e6b
24668 2061646d697373696f6e
24669 204c696c79
24670 d18bd0bcd0b8
24671 20616d69676f
24672 206c757374
24673 eb8bac
24674 20616d696e6f
24675 e4ba8be68385
24676 20636f6e73756c74616e74
24677 20456c656374726963
24678 20eb85b8eb9e98
24679 756a6168
24680 2073686f6f746572
24681 69636874656e
24682 20556b7261696e69616e
24683 2061696d73
24684 20456e7465727461696e
24685 206d697261636c6573
24686 e8adb0
24687 207a656967656e
24688 206c616d
24689 2072657373
24690 204a696c6c
24691 796c616e
24692 20726f6f6b
24693 2068617961
24694 2070617373706f7274
24695 6164617461
24696 206a75696379
24697 636f6e66
24698 d0bbd0b5d0b9
24699 20537a
24700 20696e74657263657074
24701 e38182e3828ae3818ce381a8e38186e38194e38196
24702 205465616d73
24703 206d616b656e
24704 697272656c
24705 204c494b45
24706 e1baad79
24707 eab5b0
24708 2073686f7274616765
24709 20706172616469676d
24710 20706170656c
24711 2061737465726f
24712 e381bee3819f
24713 20736f6c6c656e
24714 204d69636b6579
24715 204f726c65616e73
24716 2063686f6c65737465726f6c
24717 20676f6f7365
24718 d186d0b8d18e
24719 e38182e3828b
24720 20464c
24721 20d0b3d0bed0bbd0bed0b2
24722 2074726962757465
24723 2047616d
24724 20c3a9766964656d6d656e74
24725 d18fd185
24726 e5ae9e
24727 e794b0
24728 20696e617070726f707269
24729 7568616e
24730 206f7267616e697a6174696f6e616c
24731 61696c6564
24732 20656e64757265
24733 203736
24734 2073686f7467756e
24735 206c69767265
24736 20737569746564
24737 207761726d7468
24738 2053494d
24739 20656e766973696f6e
24740 20646567726164
24741 c3ae6e65
24742 4c61756768696e67
24743 2057686f65766572
24744 20427564646869736d
24745 20737072696e6b6c65
24746 6365c49f697a
24747 207275696e73
24748 20737461726368
24749 204865727a
24750 20696e6a757374696365
24751 2068756d6964697479
24752 d0bed0b6d0b0d0bbd183d0b9
24753 204f626a656374
24754 2049676e
24755 204578616d
24756 6967657273
24757 2074686f75
24758 20536f79
24759 69766173
24760 20706f6c6573
24761 6d617468
24762 20d0b2d0bdd0b8d0bc
24763 494e47494e47
24764 656472616c
24765 206578706c6f72
24766 20726f6173746564
24767 20637261776c
24768 20636f6666
24769 20616e6f6d
24770 2077696a
24771 20696d70726f766573
24772 20747265617479
24773 20646973636f766572696e67
24774 2073746174757465
24775 206d65726361646f
24776 20d181d0b8d0bb
24777 20696e74656c
24778 204368616e63656c6c6f72
24779 204d65646963616964
24780 756769
24781 2076657262616c
24782 2064c3b66e
24783 20736372697074757265
24784 20697465726174696f6e
24785 656b73
24786 204f78666f7264
24787 2077c3a468
24788 20566164
24789 20414b
24790 20ec9584ec9db4eb
24791 2069657473
24792 206e6565646c6573
24793 d983d985
24794 2070617361646f
24795 20616c62756d73
24796 20796561
24797 65747a656e
24798 84eb8f84
24799 2064657465726d696e6573
24800 2074686565
24801 20506c6179696e67
24802 c3a47274
24803 20d7a6
24804 636c6564
24805 20646f776e77617264
24806 616c6f6e65
24807 20736f6c75
24808 20706172746974696f6e
24809 20777a
24810 6464
24811 20706573736f616c
24812 e5aabd
24813 20666163746f72696573
24814 20626c65696274
24815 e0b8a1e0b8b2
24816 616c7361
24817 204e464c
24818 206675657261
24819 207265736572766564
24820 204561726e
24821 2068656c74
24822 2073686f7274637574
24823 20636f6e76696e63696e67
24824 7370616365
24825 20656e666f726365
24826 20636f726573
24827 206566746572
24828 20726563657373696f6e
24829 7869636f
24830 2070726f706f736974696f6e
24831 617269616e73
24832 726f706f6c
24833 20ebaab0eb
24834 20ce9c
24835 20ec9a94eca698
24836 206163746976697374
24837 20636f6e76696374696f6e
24838 207a6162
24839 2063616e63656c6564
24840 d182d0bed187d0bdd0be
24841 20ceae
24842 e98099e6a8a3e5ad90
24843 6e697465
24844 2066756e647261
24845 62757a7a6572
24846 d0b5d0bbd0be
24847 69636174696f6e73
24848 207a6f6e61
24849 207465656e73
24850 206d6574686f646f6c6f6779
24851 20eca491ec9a94
24852 7468616e
24853 20556c
24854 2047726579
24855 20686f67
24856 494e4b
24857 2053756e67
24858 20436c617564
24859 20434e4e
24860 2064656c6976657273
24861 616c696e
24862 2041646f6265
24863 6f746865
24864 20446573776567656e
24865 e0b8b3
24866 207765726465
24867 20677265617365
24868 207570677261646573
24869 2046696e6c616e64
24870 616363657074
24871 20696e746572726f67
24872 626565
24873 20e381ab
24874 207072656465
24875 204e6570
24876 2043616d627269646765
24877 20677261706873
24878 206861756e746564
24879 d181d0b5d0bc
24880 e6a7
24881 e5858b
24882 536f6d65
24883 204d616c6c
24884 2072656865617273616c
24885 20557262616e
24886 204c6167
24887 206e696d
24888 eab095
24889 20706f736974696f6e6564
24890 2061766f69646564
24891 454d41
24892 206c6c65676172
24893 2072c3a17069646f
24894 20676f757665726e
24895 2068696e67
24896 206465616c6572
24897 207265666f726d73
24898 206661747479
24899 d0bad0bed0bb
24900 20416365
24901 206e6570
24902 20ecb2ad
24903 20636f6d7075746174696f6e
24904 2053747265616d
24905 626f75726e65
24906 747572
24907 506f72
24908 20736c65657079
24909 2062616e676574
24910 e38182e381ae
24911 20776569676873
24912 20626c656962656e
24913 204772656e
24914 20756e696f6e73
24915 20eab590
24916 20617072656e646572
24917 7569746172
24918 204a657374
24919 756d696e67
24920 20506c61796572
24921 2045787472656d
24922 20696e7465676572
24923 d0b0d187d0b5
24924 20636f6e6365727473
24925 d795d79b
24926 2074726f6368c499
24927 2052657065
24928 e9878de8a681
24929 e0b982
24930 c5bc656e
24931 20736f756e64696e67
24932 20616e6f6e796d6f7573
24933 2065786361
24934 204972616e69616e
24935 20656e65726765746963
24936 207769766573
24937 20d186d0b2d0b5d182
24938 20616973
24939 e3818be381aa
24940 207375646168
24941 20756e64657277656172
24942 206372756e636879
24943 205061696e
24944 20676572c3a7656b
24945 726564696374
24946 206d69736d61
24947 d196d182
24948 20737572766976696e67
24949 ceadcf82
24950 207061727469636970616e74
24951 2048657373656e
24952 c3a172696173
24953 20737562776179
24954 697374c3a4
24955 20636f72616c
24956 206d6172696a75616e61
24957 204d656d6f7269616c
24958 d188d0b8d0b9
24959 72697a
24960 20736174656c6c69746573
24961 206c65617365
24962 2043616d65726f6e
24963 756d7068
24964 20636c6173736d61746573
24965 c3a468c3a46e
24966 d181d182d0b2d0b5
24967 20687565
24968 93a4ec9d84
24969 2070726f706f7274696f6e616c
24970 206e6f7373
24971 206c617073
24972 72c3a5
24973 20626974636f696e
24974 d097d0abd09ad090
24975 20ecb6a9
24976 20d984d984
24977 204d6f7274
24978 20457370
24979 61726e6f73
24980 20d181d0bad0b0d0b7d0b0d0bb
24981 20c3a46e64
24982 e58584
24983 d799d799d79d
24984 20476562
24985 676568656e
24986 496e61756469626c65
24987 626f726f756768
24988 d184d184
24989 2066656c6c6f7773686970
24990 205061706572
24991 20637572766564
24992 2047454f52
24993 2063616c63756c61746f72
24994 20436174616c
24995 2076c3a06f
24996 20627970617373
24997 d0bbd0b5d182
24998 e0b3
24999 7472616e73
25000 72656e63696573
25001 eca18c
25002 6967656e74
25003 20746173746564
25004 206f6365616e73
25005 756674
25006 657276696365
25007 20d09cd0a3d097d0abd09ad090
25008 20436c6173736963
25009 20726573706563746976656c79
25010 7e29
25011 c3ae747265
25012 204e617368
25013 207a6974
25014 20ec9b83
25015 20eb8692
25016 71756f7465
25017 20556e73
25018 20746163
25019 2070726f766573
25020 20506f72746c616e64
25021 626c79
25022 20657265
25023 ecb694
25024 20c3a9706f6361
25025 20d182d18bd181d18fd187
25026 3736
25027 2068616465
25028 2046726f
25029 20706f6cc3ad74696361
25030 746167
25031 20ed95ad
25032 20736368c3b6
25033 6172657474
25034 2070726f766973696f6e73
25035 206d6f746f7273
25036 20696d6167696e67
25037 20646f6b
25038 756c6f75736c79
25039 206d65696c6c65
25040 e78eb0e59ca8
25041 eb90
25042 2049534f
25043 205354454d
25044 20426f776c
25045 20746f77657273
25046 204565
25047 20506572666f726d616e6365
25048 206c6f696e
25049 63757373696f6e
25050 20636f617374616c
25051 69616c65
25052 636f6d70617373
25053 207370656c6c73
25054 206469736170706f696e74696e67
25055 20ebb288eca7b8
25056 454552
25057 20766572736174696c65
25058 6173757279
25059 20656e66696e
25060 20646f776e73696465
25061 2067756964696e67
25062 20d8a7d984d982
25063 206e696e657479
25064 63686172676564
25065 2046616e73
25066 207068696c6f736f70686963616c
25067 206761726e
25068 206dc3a56e6761
25069 2077696c6c696e676e657373
25070 20706f7274696f6e73
25071 6162656e
25072 20ef
25073 c2bf
25074 7261756c
25075 20737072696e74
25076 6966656e
25077 c4b1796c61
25078 20d0bad183d0bf
25079 e3818fe381a0e38195e38184
25080 20656e7375697465
25081 2043617069746f6c
25082 203633
25083 20d0b3d0bed0b2d0bed180d0b8d182
25084 206170706f696e746d656e7473
25085 e689be
25086 6f6d69617374
25087 206361726567
25088 207075626c6973686572
25089 20686572617573
25090 20ceb5ceaf
25091 205653
25092 e3819de38197e381a6
25093 e4b8ade585b1
25094 2073616372696669636573
25095 7468697264
25096 2068756d616e6974617269616e
25097 20eb82b4ec
25098 696d6f6e
25099 20696e657175
25100 207a6f62
25101 20636f6d666f727461626c79
25102 2044696e6765
25103 2063616e63656c6c6564
25104 205053414b49
25105 20526f62696e736f6e
25106 2066696e73
25107 293f
25108 20486973746f72
25109 20d187d0b5d0bbd0bed0b2d0b5d0bad0b0
25110 2074627370
25111 74657874
25112 6b696d
25113 207570646174696e67
25114 2067656c64
25115 66656c64
25116 8fbc
25117 206dc3a4
25118 20636166c3a9
25119 d680
25120 20537269
25121 20526567696f6e
25122 20486168616861
25123 2066696e616e636573
25124 20d8a7d984d8b4
25125 2062756e6b
25126 72756b
25127 68616674
25128 206c61746572616c
25129 20657874656e73696f6e73
25130 20ec9584ec9db4
25131 20646566696e697465
25132 205a68616f
25133 204c756973
25134 737479
25135 206361736f73
25136 204b6c696d
25137 2031393933
25138 207265616c697a6174696f6e
25139 20686973746f7269616e
25140 20637261636b6564
25141 eb82b4
25142 2073797374c3a86d65
25143 20434941
25144 20d182d0b2d0be
25145 6f73706865726963
25146 20666c6565
25147 2072e1baa574
25148 205265676172646c657373
25149 2072656c756374
25150 2074696d656c79
25151 204a756c69616e
25152 474d
25153 e992
25154 6164757261
25155 e9a39f
25156 2064726573736573
25157 e781a3
25158 20eb9494
25159 206e6f6d696e61746564
25160 206164766f6361746573
25161 796d7068
25162 207265636f7264696e6773
25163 20646576696174696f6e
25164 207072696f726974697a65
25165 2073706972616c
25166 20594f5552
25167 207472616e73706f7365
25168 616d706f6f
25169 20ec9b90eb9e98
25170 20566973696f6e
25171 20706f6c697465
25172 2068616d62
25173 2050617469656e74
25174 e6af94e8bc83
25175 ed81aceb
25176 20736961
25177 20eab3b3
25178 20c5be65
25179 e8a780
25180 2073757065726d61726b6574
25181 ebb9
25182 20536965727261
25183 206772696c6c6564
25184 2055706f6e
25185 20616273656e74
25186 206d6563
25187 2041706f6c6c6f
25188 2070756e6b
25189 205061c5847374
25190 20d181d0b2d0bed0b9
25191 20eab1b0eab8b0
25192 4769726c
25193 20736b696e6e79
25194 205072656d696572
25195 207465727269746f72696573
25196 206c696162696c697479
25197 206a65726b
25198 7261746963
25199 2064616e63657273
25200 20d183d180d0bed0b2
25201 20eab480eb
25202 6f6e6c79
25203 20537475
25204 20736b656c65746f6e
25205 20ebad90eb
25206 20d0b7d0b0d0bad0bed0bd
25207 c4b16b74
25208 204d494b45
25209 206cc3b6
25210 6d6965
25211 20726569746572
25212 e38193e3828ce381af
25213 204b6f6c6c6567
25214 204164616d73
25215 6c6963686572
25216 20c3a76f63756b
25217 d18fd0b3
25218 20626c757368
25219 2073756e7368696e65
25220 20657a
25221 20446576696c
25222 20eab8b8
25223 20e3818a
25224 616464
25225 206c6963656e736564
25226 2076696e796c
25227 20437a656368
25228 696d6167
25229 20637261636b696e67
25230 20ecba
25231 2075646168
25232 20736f6d6d6573
25233 20ec96bceab5
25234 7761c487
25235 2066726573
25236 e591bd
25237 2057616c6d617274
25238 20d0a2d0b5d0bfd0b5d180d18c
25239 6174697366
25240 4349
25241 6c616e67
25242 20646966667573696f6e
25243 e794b7
25244 20736f6d6f73
25245 204d616b6573
25246 e68891e683b3
25247 205269636b79
25248 206d75636861
25249 ed95a8
25250 20686f727365706f776572
25251 61736961
25252 20666962657273
25253 2065726d
25254 d181d0bad0b8d0b5
25255 206a65737465
25256 20666972656669676874
25257 2063756973696e65
25258 206265736f6e64657273
25259 646967
25260 20eca285
25261 20d183d0b6
25262 2074726163696e67
25263 206365727461696e73
25264 204170706c79
25265 d18bd0b2d0b0d182d18c
25266 e78c
25267 20627275
25268 20594553
25269 20426169
25270 20446974
25271 20426973
25272 20756e6c65
25273 d181d182d0b0d182d0bed187d0bdd0be
25274 204177616b
25275 2e2e22
25276 20313235
25277 20726f6f746564
25278 2063617574696f7573
25279 636f6e7374
25280 206f7263686573747261
25281 e79cbc
25282 20d0b2d0bdd183d182
25283 207175656c7175
25284 20d0bed182d0b2d0b5d182
25285 204d6574686f64
25286 ecb99c
25287 20cebcceb1cf82
25288 6cc3bc
25289 20ec9584eab98c
25290 206e616d696e67
25291 43686172
25292 20536963686572
25293 2070726976696c65676564
25294 20466c79
25295 20e3818b
25296 e1baad74
25297 20616476616e636573
25298 205a656c6461
25299 20616e647261
25300 206772696e64696e67
25301 2045646974696f6e
25302 7066
25303 2077617272696f7273
25304 206865646765
25305 20756e736572656e
25306 20d181d18ed0b4d0b0
25307 656c696e657373
25308 20706572736f6e616c6974696573
25309 2066c3b6
25310 274d
25311 20d182d0bed187d0bdd0be
25312 2073686970706564
25313 206d6574656f72
25314 20737572726f756e64696e6773
25315 2046696c6c
25316 7565737461
25317 20506572736f6e616c
25318 20416c6c65
25319 4f5254
25320 e4b985
25321 2053636865
25322 5649
25323 20636f6d70617261626c65
25324 64616d6e
25325 206469746368
25326 59414e
25327 69736d7573
25328 207069636b7570
25329 2064616b
25330 204550
25331 62657374
25332 20537565
25333 c3a46c6c74
25334 20706f70636f726e
25335 20666f6c64696e67
25336 686f6d65
25337 d0b8d0b2d0b0d0b5d182
25338 e5b7b2e7b693
25339 20616e6e6f74
25340 636875636b
25341 20666965726365
25342 2064616d6167696e67
25343 20666c6f70
25344 207061736172
25345 2072656566
25346 20d181d0b2d0bed0b5d0b9
25347 207a6f6f
25348 6f76657273
25349 6a657473
25350 207072c3a873
25351 2053696c69636f6e
25352 74656f6b
25353 2053657468
25354 6174616d656e7465
25355 207472616e736d6974746564
25356 207265706c6963617465
25357 20736c696d
25358 20437265616d
25359 e6849fe38198
25360 207369646577616c6b
25361 ec8898eb
25362 20d0b6d0b8d0b7d0bdd18c
25363 204d6f6e696361
25364 e4be86e4ba86
25365 20636f70696564
25366 205465727261
25367 697374656e74
25368 e7b3bb
25369 20d0bed0bdd0be
25370 207768616c65
25371 2057495448
25372 d0bbd183d188
25373 e5bdb1e78987
25374 2045656e
25375 20d181d0b2d0bed0b8
25376 206f7264696e
25377 20706c7572616c
25378 2073706f6b6573
25379 2064697370757465
25380 2073656e7369626c65
25381 20707265616368696e67
25382 206b74c3b3727a79
25383 70746564
25384 6176696572
25385 20706973746f6c
25386 2054617069
25387 20c582
25388 66666666
25389 20616372796c6963
25390 2069676e6f72616e6365
25391 205a69656c
25392 72616e73
25393 2077656c64696e67
25394 6d6964
25395 e68891e4b88d
25396 20d0b7d0b0d0bdd0b8d0bc
25397 206c616e6573
25398 206d696e6573
25399 206d6f6d73
25400 d795d797
25401 204368616d626572
25402 74696572
25403 206d6f64657374
25404 20ec97aceab8b0ec849c
25405 20756e6173
25406 207772656e6368
25407 68616e646564
25408 20736174757261746564
25409 2046616e67
25410 20436f6d6d697373696f6e6572
25411 e0a4b0
25412 20d796
25413 204c6f75697369616e61
25414 204d61736b
25415 206375626573
25416 ec94a8
25417 20766964c3a96f73
25418 206ec3a5676f6e
25419 207269646572
25420 20ecb69c
25421 2073c3b36e
25422 204c6174696e6f
25423 62616e6b
25424 ed95b4eca3bc
25425 204272656e64
25426 2073657875616c697479
25427 2e2e2e2c
25428 20666f7267657474696e67
25429 20db8c
25430 204176656e67657273
25431 20426f6e6a6f7572
25432 636573736f72
25433 d0bad180d0b0d197
25434 63656e6365
25435 2067656f6772617068
25436 63756c6f
25437 d0bed181d182d18c
25438 207377656174696e67
25439 ed8380
25440 2073796d6d65747279
25441 7473c3a5
25442 206a616e
25443 2046657272
25444 e9a696
25445 20616d6261737361646f72
25446 7a69c4996b
25447 206d7573756e
25448 20d183d182
25449 204c47
25450 697373656e74
25451 636f6d6d756e
25452 20636f757273
25453 20646576656c6f7073
25454 2062726f6e7a65
25455 207375627374616e636573
25456 64726976656e
25457 eca3bcec84b8ec9a94
25458 20616f73
25459 e58484
25460 2050524f46455353
25461 68616c66
25462 20736f72746564
25463 20426f6d62
25464 d0bbd0b0d0b3
25465 204d616c6179736961
25466 20436872697374696e61
25467 207465616d6d617465
25468 e8819e
25469 4654
25470 206bc4b1
25471 68656172746564
25472 2b2b
25473 6f67656e6963
25474 2062656c6c73
25475 204f75616973
25476 207370656369616c69737473
25477 d0b1d18b
25478 6465707468
25479 6c6173736573
25480 67696573
25481 20436f66666565
25482 206d61726b696e67
25483 20666f6c6c
25484 756c69
25485 206164686573697665
25486 20426f74
25487 2050756e6b74
25488 657965
25489 20427562
25490 656c6f6e67
25491 e588b6
25492 20d0bfd180d0b8d0ba
25493 20646f6e6f72
25494 3834
25495 20656e666f72
25496 2063617463686573
25497 20627269636b73
25498 206b6e697474696e67
25499 204b6e6f77696e67
25500 6f6b73
25501 4859
25502 72696465
25503 2046616e74617379
25504 696d616e
25505 20707365
25506 20ec98a8
25507 20d0b2d0b4
25508 20726573747261
25509 206576616c7561746564
25510 d180d0b5d0b2
25511 20666f7274756e6174656c79
25512 20636865676172
25513 d8b1d8a8
25514 20646f6d61696e73
25515 696269
25516 61727279
25517 2073687574746572
25518 206669636f75
25519 4d696b65
25520 20696e636c75
25521 20646f6e6f7273
25522 2061706c
25523 204c6f776572
25524 20696d706f72746564
25525 2061636164656d79
25526 2066696e616c73
25527 2064697361707065617273
25528 d98ad8a7
25529 2061646d696e6973747261746f72
25530 6a73
25531 20637574746572
25532 2072616e67696e67
25533 c3b672706572
25534 20636f6e73747261696e74
25535 205461626c65
25536 205368616e
25537 766963
25538 20466978
25539 205377696674
25540 6f756e636573
25541 20576172756d
25542 206c657474756365
25543 617070656c6c65
25544 207368617665
25545 2062c3a173
25546 203737
25547 204f6f6f
25548 616f
25549 204d634d
25550 2044726577
25551 206c756d70
25552 206c6173686573
25553 73636865696e6c696368
25554 526570
25555 696e6973
25556 204365747465
25557 20636f6d706f73697465
25558 656d6574657279
25559 20736f727465
25560 2046696e616e6369616c
25561 d0bed0bdd0b5
25562 726f6e6573
25563 20566f79
25564 2074c3a963
25565 a0b9
25566 204e696e6a61
25567 20436f72696e
25568 d0b5d0bdd0bdd18f
25569 ec9db4ec9788
25570 206e696368
25571 20646574656374697665
25572 e280a622
25573 cf83ceb5
25574 9dbceb8f84
25575 20ebb380
25576 20ebb894eb
25577 2070726f7065
25578 20577269676874
25579 20d794d7aa
25580 20536869
25581 20e3819f
25582 20696e7665737469676174696f6e73
25583 e98284e698af
25584 20506f776572506f696e74
25585 20436875
25586 20ec98a4ed
25587 20ec9984eca084
25588 2046726167656e
25589 756e6e696e67
25590 20706f757272616974
25591 2074657874626f6f6b
25592 d0bcd18b
25593 2066616872656e
25594 20d182d0bed180
25595 206c616b6573
25596 c3bc6e6465
25597 496e74
25598 204d6574726f
25599 206d616e73696f6e
25600 20d0b0d0b1
25601 205a686f75
25602 20636f727269646f72
25603 206573636f6c
25604 20696e6469636174696e67
25605 6961c58261
25606 206d6f6d6d79
25607 206172636869766573
25608 20666f756e64657273
25609 656e67696e65
25610 2044696575
25611 207369636b6e657373
25612 20ebb3b4eb8b88eab98c
25613 20617262
25614 206e6564
25615 2043686f70
25616 20636f766964
25617 20736c616d
25618 207075626c69636174696f6e73
25619 4443
25620 207370656e6473
25621 e6be
25622 2072656675676565
25623 2064696c65
25624 20d790d796
25625 696669636172
25626 2053616368
25627 4775
25628 2072656c6f6164
25629 3f3f3f3f
25630 206a65c59b6c69
25631 20d181d0bed181d182d0be
25632 2073696d706c6963697479
25633 2062756c6c79696e67
25634 20d0bcd0bed0bb
25635 207265616c69646164
25636 20756e636c656172
25637 61707061
25638 6c6576616e74
25639 2049534953
25640 20576174736f6e
25641 206465696e
25642 204d6963726f
25643 ed959ceb
25644 c3bc67
25645 20646576616d
25646 2074776565746564
25647 e5b08e
25648 20756e6465727374616e6461626c65
25649 6174616e
25650 207665727361
25651 207072656361
25652 2076e1bb81
25653 20436f7079
25654 204f7261636c65
25655 206d696e6466756c6e657373
25656 2064697363726574
25657 65726e656e
25658 20506c65
25659 48617665
25660 2069736f6c617465
25661 20646575
25662 20736576656e7479
25663 2048696c6c73
25664 20617263616465
25665 20d181d0bfd0b5d186d0b8
25666 207369677569656e7465
25667 2042c39c4e444e4953
25668 6c696761
25669 20d0b2d181d182d180d0b5d187
25670 c3b46d
25671 20747765657473
25672 207363686175656e
25673 206372697469717565
25674 20f09f8eb5
25675 207374617474
25676 20d181d0b0d0bcd0bed0b5
25677 c3a26e636961
25678 2073757065726e61747572616c
25679 20706c7567676564
25680 466c
25681 796ec4b1
25682 2054616d6269c3a96e
25683 20656e636f75726167656d656e74
25684 20536572766572
25685 eb829c
25686 757061
25687 206173746f6e
25688 206865617273
25689 d180d0b0d185
25690 2073636865
25691 2072617473
25692 2072656375706572
25693 20756e74656e
25694 204669676874696e67
25695 2061636164656d696373
25696 e7a4ba
25697 2053c3bc
25698 d181d0bad0b8d185
25699 20706169726564
25700 80ec9d84
25701 20c3a1726561
25702 2073776565746e657373
25703 e58f8a
25704 206465666572
25705 206d7569746173
25706 20417564696f
25707 206c6f636b6572
25708 d98ad8af
25709 20d181d182d0b0d0b2
25710 206275656e61
25711 414e53
25712 206465746563746f72
25713 61766f
25714 62656b
25715 20ceb1cebd
25716 ed8eb8
25717 2064726167676564
25718 20d0b4d0bed0bbd0b6d0b5d0bd
25719 c396
25720 d8b1d8a9
25721 ec9db4eca780
25722 2063656c6c65
25723 636b696e67
25724 20d8a7d984d8ac
25725 2043616e766173
25726 2065737061c3b1
25727 20676c696d70
25728 2073707265616473
25729 6f6e676f
25730 204d61736f6e
25731 20496e67
25732 20eab080eb8aa5
25733 cf84ceb9ceba
25734 20736563756c6172
25735 206261746572
25736 20696e7175697279
25737 20656e657267696573
25738 206d616e756661637475726564
25739 207665676574617269616e
25740 2070696e656170706c65
25741 d18fd182d0b0
25742 2070726163746974696f6e657273
25743 32303030
25744 20ed95b4ec9a94
25745 20ec97aceb9facebb684eb93a4
25746 20ebb688eb
25747 204a6566666572736f6e
25748 204a6f616e
25749 207472616d
25750 e5aeb9
25751 63686d616c
25752 2048616974
25753 e1b987
25754 20756e7265616c
25755 2073796d626f6c6963
25756 20737465616c7468
25757 2073706c617368
25758 20456e7465727461696e6d656e74
25759 206d6574616c6c6963
25760 3f222e
25761 e8b68a
25762 61726f756e64
25763 2064657370616972
25764 204e6576616461
25765 2046696e616e6365
25766 206b726965
25767 204c7578
25768 20536d617368
25769 6b656570696e67
25770 20d0b7d0b0d0b3
25771 206e617263697373
25772 20647a697369616a
25773 20746f6c6572617465
25774 6f617264
25775 206c696e6b696e67
25776 2045636f6e6f6d6963
25777 20ecbc
25778 206d6f727068
25779 204e616b
25780 2042616b6572
25781 61746f6e
25782 72696e6773
25783 2050656e67
25784 20416972706f7274
25785 e3818be381a3e3819f
25786 ed9598eb8ba4
25787 a781
25788 7072696e7473
25789 2068616469
25790 20656d706972
25791 204c69766573
25792 616e6e657273
25793 20d0bdd0b8d0bc
25794 2050524f464553534f52
25795 20706f7369746976656c79
25796 616e746f6d
25797 206261646765
25798 6b656c74
25799 20696e746572666572
25800 2066756c66696c6c696e67
25801 2076697375616c697a6174696f6e
25802 e9979ce4bf82
25803 205072696365
25804 efbfbdefbfbd
25805 207363656e657279
25806 2070726f6e65
25807 2077697a617264
25808 2062616e79616b
25809 76657262
25810 736b79
25811 20776973686564
25812 207261696c776179
25813 20c3bc7a6572
25814 20616c677569656e
25815 204157
25816 20d0bad0bed0bbd0b8d187d0b5
25817 207265616374696e67
25818 2042756368
25819 e0b8b6
25820 20616e7468
25821 20736968
25822 2068757374
25823 2053637265656e
25824 696c616e74
25825 61686f
25826 206672616772616e6365
25827 20656c65766174696f6e
25828 204d656469746572
25829 20ebbf
25830 20c3a97175
25831 207772617073
25832 20696e657274
25833 207265637265617465
25834 d0bbd0b0d182
25835 20626f6c6568
25836 206861726173736d656e74
25837 756e6b79
25838 20676c696d707365
25839 726567696572756e67
25840 206675747572
25841 207265706f7369746f7279
25842 20656e677261
25843 20747261666669636b696e67
25844 6173736973
25845 205472656b
25846 20ebb28c
25847 20eba788eb
25848 204b6162
25849 616e6975
25850 67697665
25851 2064696e6f7361757273
25852 2066656174686572
25853 20617474697475646573
25854 20706c756d
25855 205253
25856 20416e66616e67
25857 696c6c657279
25858 20ec8aa4
25859 4d59
25860 2074727a656261
25861 20736b696573
25862 20416a
25863 757261626c65
25864 4355
25865 205368616e65
25866 20646570617274757265
25867 20544f4e
25868 696574656e
25869 72617473
25870 e6b097
25871 697375
25872 20626f7264
25873 20696e746572657374696e676c79
25874 e799bb
25875 6f756768696e67
25876 2072757368696e67
25877 20766f6c6174696c697479
25878 20707974
25879 20666f726d617473
25880 20d0b7d0b0d182
25881 20eabcad
25882 20776861746e6f74
25883 20636f6d706f7274
25884 7377
25885 6f7265616e
25886 2052656c6178
25887 20636c616e
25888 204148
25889 20706577
25890 2064696374696f6e617279
25891 54616b65
25892 736869727473
25893 2048756768
25894 20d8b9d984d98a
25895 20506963
25896 20656e726f6c6c6564
25897 206a65646e616b
25898 206f66666572696e6773
25899 20636f72617a
25900 4c696665
25901 20212121
25902 20636c6572
25903 20566964656f73
25904 20526f64726967
25905 204964656e74
25906 20506f73
25907 205374616765
25908 2052616365
25909 20656e616374
25910 e38184e381bee38197e3819f
25911 204779
25912 2048697370616e
25913 20646566656e6365
25914 2043616d7062656c6c
25915 6d61746963
25916 2072656c6576
25917 207065616368
25918 84b8ec9a94
25919 207061726164697365
25920 20636572656d6f6e
25921 20616e6e6f796564
25922 e68c87
25923 6c6178
25924 206578706c6f6974
25925 20636c61757365
25926 656b6572
25927 20426c6f6f6d
25928 6e616e74
25929 617465757273
25930 2068656967687473
25931 4576656e
25932 d181d0bed0bd
25933 206f757472616765
25934 20566965746e616d657365
25935 e381afe381af
25936 5452
25937 20656572
25938 2063616e6e6f6e
25939 20436f6d62
25940 90eba78c
25941 e8bb8a
25942 20eab283eb8f84
25943 206163636f6d706c6973686d656e7473
25944 20416e616c7974696373
25945 2073686170696e67
25946 72656962656e
25947 2062616368656c6f72
25948 2066696e67657274
25949 61636b6564
25950 20707972616d6964
25951 2053746577617274
25952 c3a17374
25953 207375727669766f72
25954 2064756374
25955 206465616c657273
25956 e6b4bb
25957 d8b9d985
25958 d0bbd0b8d0bd
25959 20656465
25960 d795d7a2
25961 20d983d8a7d986
25962 20cf84ceb9
25963 2063686f6f736573
25964 204f776e
25965 d0b3d0bed182d0bed0b2
25966 68697265
25967 d0b0d0bbd18cd0bdd18bd0b5
25968 20d09bd18e
25969 20d0bed181d182d0b0d0b2
25970 74656368
25971 2064726f6974
25972 207375626a656374697665
25973 656e6573
25974 206469766973
25975 6176657a
25976 206d616e6575766572
25977 e0b984e0b894
25978 6164656365
25979 20456e73
25980 616369616c
25981 2050726f74656374696f6e
25982 96b4
25983 20666f726d616c6c79
25984 20777964
25985 696e6775c3a96d
25986 207a69656d
25987 2072656372756974696e67
25988 d799d79a
25989 6e656d
25990 20666f7262696464656e
25991 2042617074
25992 d790d7a0d799
25993 20737562736574
25994 204d6167617a
25995 6e656d656e74
25996 20617175656c61
25997 7261676f6e
25998 20636f6d6d697474656573
25999 20c3a9746169656e74
26000 756469
26001 204461776e
26002 20626f7265
26003 20636f6d706f736572
26004 207769c49963656a
26005 616e6761
26006 206469736c696b65
26007 2044617973
26008 e59fba
26009 20706172616c
26010 206d69656e74726173
26011 2068656176656e73
26012 e38192
26013 68656964
26014 2074726164657273
26015 6f6e6365
26016 206d617363617261
26017 20cf80cf81cebf
26018 2077686973706572
26019 204d75736b
26020 e99b86
26021 2046616d696c6965
26022 416c6c6168
26023 204f6c69766961
26024 2050726f73
26025 206f6c696b61
26026 696c696d
26027 2072c3a9706f6e64
26028 20506574657273
26029 20e5be88
26030 206269746573
26031 20766963
26032 204e59
26033 656d7074696f6e
26034 20343530
26035 2076697375616c73
26036 206c696575
26037 c3bc636b656e
26038 20537465656c
26039 204750
26040 77616974
26041 206e6f7469636561626c65
26042 75636861
26043 207265686162696c
26044 2072656a656374696f6e
26045 20d181d0bbd0b5d0b4d183d18ed189
26046 20736c69646572
26047 207265676172646564
26048 20677261766974
26049 2052657365727665
26050 636f756e74
26051 206272656564696e67
26052 206c6f6e6765
26053 616c6562
26054 206b6e69676874
26055 20d0b2d0bed0b9
26056 207072c3a973656e74
26057 8298ec9a94
26058 205370656369666963616c6c79
26059 20706f736573
26060 207665757265
26061 6f6b6179
26062 656d6173
26063 20e381a7e38199
26064 206d616ac485
26065 20776562696e617273
26066 2063616e6e61626973
26067 2064616d616c73
26068 204e6f72746877657374
26069 2070616461
26070 2063726f776473
26071 2066757475726573
26072 20c3a46e
26073 20636976696c69616e73
26074 2053616368656e
26075 e68d
26076 20747261636573
26077 20eba8b9eab3a0
26078 5155
26079 e9a198e38184
26080 204946
26081 616ec4b16e
26082 ec82b4
26083 206269626c6963616c
26084 20566564
26085 2073746f72696e67
26086 d180d0b0d0b2d0bbd18f
26087 e68789e8a9b2
26088 206e617374
26089 2064c3b6
26090 d180d0bed0bf
26091 656c6961
26092 207369646577617973
26093 20556e6465727374616e64
26094 20517572
26095 2070657270656e64
26096 204d696c6c696f6e656e
26097 2077617465726d656c6f6e
26098 20446976696e65
26099 756c747572
26100 61626f7264
26101 20737563636573736573
26102 20686f6d627265
26103 2063617270
26104 2073757363657074
26105 756e676b696e
26106 206b696a
26107 756c7573
26108 d8a7d8ac
26109 206e6f746368
26110 20706f6c796e6f6d69616c
26111 e5b9b2
26112 e5a9
26113 20c3ba6e69636f
26114 2074656c6573636f7065
26115 20706f6c697469717565
26116 6b69656d
26117 20ceadcebdceb1
26118 20616767726567617465
26119 2047656f6666
26120 207472696c
26121 20475241
26122 2073756273637269626572
26123 696d6574
26124 20d0b4d0bed0bbd0bbd0b0d180
26125 6f70696e67
26126 20746865726170657574
26127 2043616e636572
26128 20706172616465
26129 206972726967
26130 e299aae299aa
26131 20636c6561726572
26132 20626f67
26133 204d617572
26134 e0b8b2e0b887
26135 205368616e67686169
26136 6163687465
26137 204b6f6c
26138 656c756a6168
26139 20686176
26140 204372696d65
26141 73656b
26142 20eba19c
26143 69656e6e61
26144 20476f72
26145 e89b
26146 20d0bfd0bed182d180
26147 20d0bad0b0d0b6d0b5d182d181d18f
26148 204c696674
26149 20536f7274
26150 205073616c
26151 2070696e67
26152 939d
26153 70686973
26154 204655434b
26155 2053796e
26156 2062616d626f6f
26157 acec9881
26158 63757473
26159 206d6d6d
26160 2066756e6b74696f6e69657274
26161 205f
26162 c3ad63696f
26163 53746f70
26164 20696d6167696e617279
26165 206e6f74616d6d656e74
26166 20496e6974696174697665
26167 e383a5
26168 204b757274
26169 206c6f6f73656e
26170 20627573636172
26171 e781ab
26172 207a656c66
26173 2070726f7073
26174 e59b89
26175 206d6f6574656e
26176 206d696c6c69
26177 2068616c6c73
26178 204d61746368
26179 20627261636b657473
26180 20436f75
26181 e6a682
26182 20d09cd0b0d180
26183 495341
26184 20636967617265747465
26185 20636f6d7065746974696f6e73
26186 204d494e
26187 20626568c3b6
26188 766f6f72
26189 20757374
26190 205a69
26191 204f6363
26192 756c61746573
26193 2062616c6c6f6f6e73
26194 2070726f6e746f
26195 204d6979
26196 2046696c65
26197 20d0bad0bbd0b0d181d181
26198 d0bdd183d0bb
26199 2063657265616c
26200 20696e6372656d656e74
26201 20726566696e6564
26202 e58fa6e5a496
26203 70726973696e67
26204 205246
26205 207265737065637466756c
26206 206c6f6f74
26207 61736b6574
26208 206465697861
26209 696e676c65
26210 2066756e63696f6e61
26211 20526576656c
26212 20736f626572
26213 20706572666f726d73
26214 2047656e746c65
26215 e382a8
26216 20726563697069656e74
26217 204861757365
26218 20eb83
26219 46726f6d
26220 206d696e697374657273
26221 2070617261646f78
26222 e5b0b1e698afe8aaaa
26223 2074617374696e67
26224 20d794d797
26225 207265757365
26226 204c616e65
26227 20d181d0bed0b2d0b5d180d188
26228 2072656d656d62657273
26229 2066656d696e697374
26230 20636f6d6d69746d656e7473
26231 2070726f6a6563746564
26232 2067617a
26233 69796f72757a
26234 206f626c69676174696f6e73
26235 526f
26236 7a6172
26237 20636877
26238 204a414d
26239 2062c49964c485
26240 6173706265727279
26241 20d0bcd0b5d181d182d0be
26242 ebb295
26243 20726567756c61746564
26244 207769636874
26245 20547265766f72
26246 207365636f6e646c79
26247 2049687265
26248 656c7368
26249 207265706f7274657273
26250 d182d0bed180d0b0
26251 6f796f
26252 4749
26253 20696e746572636f6e6e656374
26254 e99098
26255 4f5348
26256 e6adb2
26257 206272617373
26258 2069676e6f72696e67
26259 e4bb8ae697a5
26260 696e66656374
26261 2070726f6a656b74
26262 6f726574
26263 cf84ceb1cebd
26264 20d182d0b8d0bf
26265 206d75747461
26266 20756e626f78696e67
26267 84b0
26268 e5a18a
26269 2061647669736564
26270 2044656e766572
26271 207365766572656c79
26272 204d686d
26273 20666c6970706564
26274 207069656e
26275 206b6f6d6d756e
26276 20465245
26277 20e0ae87e0aeb0
26278 61696e746564
26279 206b6e69766573
26280 206861626c
26281 206765776f7264656e
26282 61726574746573
26283 4353
26284 20d0bcd0b0d0bbd0b5d0bdd18c
26285 2067616c6178
26286 206e696e657465
26287 eab1b0eb8298
26288 20736973
26289 2061647669736f7279
26290 206472696c6c696e67
26291 20576f756c646e
26292 c3bc6e66
26293 67657374656c6c74
26294 2048656c656e
26295 20d79ed790
26296 61706f6c6973
26297 20727a65637a79
26298 207465727261
26299 20686570
26300 20616c67c3ba6e
26301 696b6b
26302 20617374726f6e6f6d
26303 20537461726275636b73
26304 6bc485
26305 20706174726f6c
26306 20ecbd94
26307 20676f6e
26308 20e38090
26309 20736f6e7374
26310 20656e636f756e74657273
26311 20726574726f75
26312 20736861726b73
26313 20646f72
26314 205265766572
26315 20657661706f72
26316 207265736572766f6972
26317 20616c6c65676564
26318 756c6572
26319 207665726d
26320 20636f6d6d65726365
26321 20666974746564
26322 67656d
26323 20746163746963616c
26324 206c697468
26325 e98984e5a194
26326 686164
26327 e8ae8a
26328 20636172626f687964
26329 206c656e67746873
26330 ceb9cebf
26331 2064656d6f67726170686963
26332 526f62
26333 20536b696e
26334 63636f6c69
26335 2073696d706c6966696564
26336 2072656164696c79
26337 2043756d
26338 6164657368
26339 2044c3a5
26340 75737374
26341 69676e65
26342 65746f6e
26343 206d656e6f72
26344 7169
26345 4f4f4d
26346 e0b8ade0b899
26347 207073796368696174
26348 20656967687479
26349 20d0bcd0b8d0bbd0bbd0b8
26350 20546f62
26351 65646f
26352 e7b6b2
26353 20c491e1babf6e
26354 206369726375697473
26355 204c41554748
26356 696369736d
26357 656d6f72
26358 20726567656e6572
26359 6567726565
26360 2062757265617563
26361 20416c626572
26362 e4b98be5be8c
26363 20576f72
26364 e5a4ab
26365 20726573696e
26366 206279c58279
26367 204947
26368 e0af8d2c
26369 203738
26370 207765656473
26371 204d797468
26372 3933
26373 e6bf
26374 20eb8298ec9994
26375 c3a976
26376 e1bd
26377 c3b672656e
26378 c3a76172
26379 205041554c
26380 20646973616476616e74
26381 20706f736974696f6e696e67
26382 20636f636b7461696c
26383 20616772656573
26384 6e6e
26385 2053616c6c79
26386 4d73
26387 20696e686572656e74
26388 206d6f6e6574617279
26389 206e61747572
26390 204e68
26391 20496d706f7274
26392 206c6562656e
26393 207769
26394 75737379
26395 206f626573
26396 2077616e646572696e67
26397 20ec8ba0eb
26398 c4856461
26399 657463687570
26400 20646973706f73616c
26401 204a41
26402 20436572
26403 7a696c6c61
26404 2076697267696e
26405 20536c696465
26406 616e64656c
26407 207269676874656f75736e657373
26408 20cea3
26409 206964656961
26410 e4bda0e5a5bd
26411 d0b8d180d0bed0b2d0b0d182d18c
26412 d7a8d790
26413 436f6d6d656e74
26414 207072656c696d
26415 2056616c65
26416 20eca780eb829c
26417 2056616e63
26418 4f4d414e
26419 20d0bfd196d0b4
26420 2079756d
26421 73747265
26422 63656d
26423 20706f637a
26424 20667261676d656e74
26425 20d181d0bbd183d187d0b0d0b5
26426 20756e646572676f
26427 2048616e6b
26428 63656b73
26429 20465053
26430 206f637572
26431 206465746572696f72
26432 e6b3a8
26433 20656d707265736173
26434 5061756c
26435 20292929
26436 20d0b2d180d0b5d0bcd0b5d0bdd0b8
26437 2073636f6c64
26438 d799d7a2
26439 20737573706563746564
26440 20616363657373696e67
26441 2073756273746974
26442 20686973746f7269616e73
26443 e4bbbb
26444 20d0b4d0b5d0bbd0be
26445 20736f63696564
26446 726f6e65
26447 20726564656e
26448 20657874656e6473
26449 657068657264
26450 2062616c636f6e
26451 e4b88de8b5b7
26452 20536f6c6f
26453 20706f6c6974696369616e
26454 d0bed0bbd18cd0bdd0be
26455 20697267656e6477
26456 20747261756d61746963
26457 20726170706572
26458 20524f42455254
26459 5265616c6c79
26460 e681af
26461 206c696e657570
26462 415345
26463 20636f6e74726163746f72
26464 20436f72706f726174696f6e
26465 676f72
26466 20546f646f
26467 d181d182d180d0bed0b9
26468 464245
26469 206e6577736c6574746572
26470 206b6fc584
26471 616c74696573
26472 20d0bfd180d0b8d187
26473 204865617679
26474 2073776f726473
26475 206d616e6970756c6174696f6e
26476 2066756e6b
26477 2076c3a572
26478 2054616c6962616e
26479 20ebb0a5
26480 2061636e65
26481 c3bc72c3bc
26482 20646573776567656e
26483 2044757374
26484 2073696c6963
26485 20686f6f6b73
26486 20626c696a
26487 20706574697473
26488 2066696c6d65
26489 2042657265696368
26490 2053616964
26491 20696d706f736564
26492 206469617279
26493 20d0b3d0bed180
26494 204761746573
26495 20616c7461
26496 e5b88c
26497 206368636961
26498 706c656173616e74
26499 20ebb09d
26500 206d6fc5bc656d79
26501 2041757374726961
26502 2062726f6b6572
26503 207375636b6564
26504 e88083
26505 20636f6d706172746d656e74
26506 20636c6f6e65
26507 20d794d7a2
26508 2044616e6b65
26509 206e6f63686d616c
26510 d0b5d0b7d0b4
26511 20616472656e616c
26512 206b6c65696e656e
26513 e381bee38197e38287e38186
26514 2073756273657175656e746c79
26515 20646563656e7472616c
26516 2067656e6574696373
26517 20eab491
26518 206d6f6e69746f7273
26519 204170706c6963
26520 205265706f72746572
26521 77657274
26522 207769656d
26523 204d6f76656d656e74
26524 20696e74657276696577696e67
26525 206861697273
26526 207075c3b2
26527 204368656c736561
26528 20636f686572
26529 20636f74
26530 207a6173
26531 2070617463686573
26532 206c6168
26533 d183d0bdd0ba
26534 2052656167616e
26535 204d6172636f
26536 63697479
26537 20646566656e646572
26538 206465636f726174696f6e
26539 696a69
26540 206c6974746572
26541 d0a8
26542 206a65676f
26543 524557
26544 2050696b
26545 20486565
26546 204976
26547 20d0b8d0b4d0b5
26548 2054686561746572
26549 20d187d0b0d181d182d0be
26550 2073776561746572
26551 20686967686c69676874696e67
26552 2061696e7369
26553 206469706c6f6d61746963
26554 204e657665727468656c657373
26555 e5b3
26556 41534f4e
26557 2070c3ba626c69636f
26558 206665726d
26559 726561746564
26560 636f64
26561 20ebacbceb
26562 206d6973746572
26563 2056616e636f75766572
26564 207265636f676e697a6573
26565 656364
26566 20636f6d706c69636174696f6e73
26567 656e6369616c
26568 e38197e3818f
26569 20eab080eca780
26570 20556c74696d617465
26571 2076616967
26572 204d65727279
26573 d795d792
26574 204d6172637573
26575 e7b8bd
26576 6f7765676f
26577 206d656e7465
26578 536d
26579 20616a61
26580 2054616f
26581 206a7564696369616c
26582 20656e7472657072656e65757273686970
26583 20d0bdd0b5d0bcd0bdd0bed0b3d0be
26584 20706973
26585 20657267
26586 20636872697374
26587 2043757274
26588 20d180d0b0d181d0bf
26589 cebbceb5
26590 656e736368
26591 c3ad7265
26592 20666f63616c
26593 204469616d6f6e64
26594 6176c3ad61
26595 2068616e6e6f
26596 205371756164
26597 206173736f63696174696f6e73
26598 204372656174697665
26599 206d657373656e676572
26600 2062656767696e67
26601 20646563696d616c
26602 2064c4b1c59f
26603 206d65746164617461
26604 73656c73
26605 20c4b0c59f
26606 e1bbaf61
26607 20646966666963696c65
26608 64c4b1
26609 20736c61756768746572
26610 2056657267
26611 20d792d79d
26612 e7b0a1
26613 e68c89
26614 20546561
26615 6173736573
26616 4f6b
26617 2073796e74686573
26618 6f74696174696f6e
26619 207061696e746572
26620 20656c626f7773
26621 206172636869746563747572616c
26622 20d180d0b0d0b4
26623 20676c6f72
26624 696d616765
26625 616d7061
26626 63756c696172
26627 a0a8
26628 2074657665
26629 205374656c6c65
26630 2042616d
26631 20ecb488
26632 61736973
26633 697065646961
26634 204749
26635 20416374697665
26636 e784b6e5908e
26637 617a69
26638 e3828ce381a6
26639 204c75636b79
26640 ed95a9
26641 20d0bfd180d0b8d185d0bed0b4
26642 2072756e776179
26643 2061757468656e7469636174696f6e
26644 20706f7369626c65
26645 20737570706c656d656e7473
26646 20737572676963616c
26647 47656e
26648 206665617369626c65
26649 444f
26650 206f75746c6f6f6b
26651 20696e74657276616c73
26652 20616e656364
26653 c3a06e67
26654 20737472617073
26655 20536875
26656 756464
26657 697373656e736368616674
26658 20706f727465
26659 20636f6d6d697474696e67
26660 20616c6c6579
26661 20636f76656e616e74
26662 20506564726f
26663 6c6573736e657373
26664 20536f6c6964
26665 204d6f6c6c79
26666 20d0bdd0b5d0bad0bed182d0bed180
26667 20636f6f706572617465
26668 e58c97
26669 6f6c6c656e
26670 2074756e61
26671 206b696e64657267617274656e
26672 2053697a
26673 206475c5bc6f
26674 204d4241
26675 2047454f524745
26676 20466973686572
26677 e5bf98
26678 20436165736172
26679 20d0bad180d0b0d181d0b8d0b2
26680 2044656c6869
26681 7a796d
26682 206578706c69636172
26683 eab080eca780
26684 756e73
26685 67726f77
26686 20d0bfd180d0b8d181
26687 203836
26688 2073746174696e67
26689 206d61737361
26690 6368746572
26691 20ecbbaceb9fac
26692 20646570757479
26693 534d
26694 6e6f63
26695 2067656f677261706879
26696 20456e7465727072697365
26697 2043616e74
26698 c3b67a
26699 20756e7061636b
26700 20ed9994eb
26701 207365617263686573
26702 20707265736964656e6379
26703 207472697669616c
26704 2070696765
26705 6f756274
26706 e3829a
26707 ecbc80ec9db4
26708 2062756467657473
26709 207562
26710 20706e65
26711 2059616c65
26712 20c59fc3b6796c65
26713 726567756c6172
26714 20696d70657266656374
26715 415241
26716 2066616dc3ad6c6961
26717 75726d
26718 20416476656e74757265
26719 e3838a
26720 636973
26721 656d61726b
26722 206e65676f
26723 20696e617070726f707269617465
26724 20d0bfd180d0b8d0b7
26725 20d180d0bed0bb
26726 20647265616d6564
26727 427279
26728 2073687574746c65
26729 2070696c6c617273
26730 2062696b
26731 696e756d
26732 20d183d181
26733 204e656272
26734 2070657270656e646963756c6172
26735 20626f6f6b6564
26736 62657279
26737 2076696b74
26738 62656172
26739 65737573
26740 20d0b2d0bed0b7d0bcd0bed0b6d0bdd0be
26741 a8b9
26742 2070726573756d61626c79
26743 204d656d70686973
26744 20616d62756c616e6365
26745 d795d79ed7a8
26746 207468756d626e61696c
26747 206d6f64696669636174696f6e
26748 e9878f
26749 20696e746572707265746564
26750 2070726f6d6f
26751 20cebaceac
26752 20ceb5cf80
26753 2061636f7573746963
26754 204442
26755 e5938e
26756 206e6f6e657468656c657373
26757 6f756c65
26758 2070657175
26759 206b6e6f62
26760 e382a3
26761 20eb8f8cec9584
26762 20707572636861736573
26763 20c387c3bc6e6bc3bc
26764 206469766964696e67
26765 706572666f726d
26766 72616374696f6e
26767 6865616c746879
26768 205469746c65
26769 20756b
26770 206365726361
26771 206172677561626c79
26772 2066616c65
26773 ebb3b5
26774 2067616d657273
26775 207574696c697a696e67
26776 206f6666656e646564
26777 2074617661
26778 616cc4b1
26779 206d656469616e
26780 20696e66656374696f7573
26781 20416e6e6965
26782 20736d61727470686f6e6573
26783 207061726f6c65
26784 e5969d
26785 2045706963
26786 7a7a61
26787 20756e6966696564
26788 20eab7b8eb958c
26789 206375727461696e
26790 20c483
26791 2073657875616c6c79
26792 20756e736572656d
26793 20436f6e76656e74696f6e
26794 20616c6c656765646c79
26795 5961
26796 20486f6f
26797 656e6d656e74
26798 e680aa
26799 ed9b84
26800 20676967616e746963
26801 206e6f74696e67
26802 207265626f
26803 204a616d61
26804 20416c7a
26805 20626f72726f776564
26806 ecb9a8
26807 207065726970686572
26808 d0bed182d0b0
26809 204742
26810 2047656172
26811 2065636f6e6f6d6963616c6c79
26812 2074656c65666f6e
26813 2071756572656d6f73
26814 20d0b4d0b0d0bbd18cd188d0b5
26815 20726173
26816 205465616368
26817 6963696f73
26818 61746f73
26819 20706c65646765
26820 626175
26821 2048696d73656c66
26822 4c696e6b
26823 2065737065726f
26824 206368726f6d6f73
26825 20504552
26826 2065726c65
26827 20706f6469756d
26828 c3a76f73
26829 206e696575
26830 2066656e
26831 20474f44
26832 2043686f636f6c617465
26833 7765726b
26834 2074e1bbab
26835 207375707072657373
26836 cebbceb7
26837 20323430
26838 20736974c3a4
26839 20686f6e65737479
26840 2042696f
26841 2042617264
26842 20d0bed0b1d189d0b5d0bc
26843 20d0bcd183d0b7
26844 206d6172626c65
26845 20d186d0b5d0bdd182
26846 2070726f63757265
26847 20726f746f72
26848 6265726e
26849 20747568
26850 2068656164736574
26851 6174656d
26852 2077617272616e7479
26853 e0aeb4
26854 2066696c696e67
26855 ceb9ceac
26856 20636f6d7072656e647265
26857 20696d70756c7365
26858 2073616c76
26859 7772697474656e
26860 20696e73746974757465
26861 4b696d
26862 204c47425451
26863 66696369656e7465
26864 486973
26865 20ceb1cf85cf84cf8c
26866 207465656e616765
26867 6f727573
26868 20d180d0b0d0b7d0b1
26869 536565
26870 20436f6e73657276
26871 e1bb816e
26872 66756c6e657373
26873 20737472617762657272696573
26874 20416275
26875 d0b8d0bed0bd
26876 206f6c6c61
26877 4e4f495345
26878 20456d706c6f79
26879 207769706564
26880 7572676572
26881 206d6f64696669636174696f6e73
26882 20ed9598eca780
26883 20666f6f747374657073
26884 20686f6e6f7273
26885 206164756c
26886 20666c697070696e67
26887 204855
26888 5a59
26889 20696e746567726174696e67
26890 d8a8d8b1
26891 756c6c61
26892 206e61747575726c696a6b
26893 20ed9788
26894 20457468657265756d
26895 d98ad984
26896 776564
26897 207065616b73
26898 204b6573
26899 20626c6f6f6d
26900 206372617368696e67
26901 20393131
26902 20d0bed182d0bbd0b8d187
26903 20636f6e74726f6c6c657273
26904 20446f64
26905 20d0b2d0bcd0b5d181d182d0b5
26906 20736f72746972
26907 e5a587
26908 205374726169676874
26909 2047726163696173
26910 2067726f6f7665
26911 20746f6767
26912 20ec8bb6ec9d80
26913 c3a9726f
26914 206f757477617264
26915 205741
26916 20526f636b79
26917 207363616d
26918 206861796174
26919 69676e7479
26920 e284
26921 706c696e6773
26922 20616e746962696f74696373
26923 20e4b880
26924 206e657665727468656c657373
26925 6a616e67
26926 636f6d6d65726365
26927 2073706f696c6572
26928 20676c6f7665
26929 2063686174746572
26930 204259
26931 7e3f
26932 20ed98b8
26933 2064656d6f6c
26934 7765636873656c
26935 696d6972
26936 2072616964
26937 d0b5d180d185
26938 ec9e90eab8b0
26939 656e66
26940 20636f6d6d656e746564
26941 206f7074696d697a6564
26942 20636f6e766963746564
26943 2062617473
26944 205342
26945 20417572
26946 20546f6e67
26947 20696d706c69636974
26948 204a616e6574
26949 2072656167
26950 e381b2
26951 20416476616e636564
26952 20696d706f7365
26953 d7a9d794
26954 20736368656d6573
26955 6f7567686572
26956 61626f6c6963
26957 20eab1b0eca3a0
26958 20736c6f77696e67
26959 207774656479
26960 206465737472756374697665
26961 20d0bed0bfd180d0b5d0b4
26962 206c616e646d61726b
26963 20eb8f88
26964 2057616c6b696e67
26965 e1bab9
26966 2074696a64
26967 204b4e
26968 205175616e74
26969 ec98a4eb
26970 20d0bad180d183
26971 20706572646572
26972 206e6f7665
26973 c3a46e6465
26974 20e38197
26975 626961
26976 20637573746f6479
26977 2062696f64
26978 e69db1e8a5bf
26979 20646972656374696e67
26980 2e2e2ee2808b
26981 2072656c6f63
26982 2064656d616e6465
26983 e38293e381a0
26984 206fc49f6c756d
26985 20d0bed0b4d0bdd0b0
26986 204d696c6b
26987 e58fb7
26988 204b7261
26989 20486f6e6461
26990 20707565
26991 20656c656b74
26992 20626567696e6e657273
26993 207370656172
26994 c3ad6e68
26995 204c756674
26996 206e6967
26997 205363686f6f6c73
26998 20666f72756d73
26999 2051696e
27000 70706f
27001 207a6167
27002 20d0ae
27003 20746f6f746870
27004 205374796c65
27005 ecb488
27006 2070756e6374
27007 2072657073
27008 20416c79
27009 20616d656e646d656e7473
27010 20c3b67a
27011 20646967697473
27012 75726169
27013 206368616f746963
27014 204d617374657273
27015 656f6e
27016 2043617368
27017 2043757a
27018 206265646575746574
27019 207363616e6e696e67
27020 20d0b6d0b4
27021 d0bdd0b5d182
27022 206365727461696e7479
27023 6a656b
27024 2064696a6f
27025 20436c696d617465
27026 2072696e7365
27027 206b72696a
27028 76656c616e64
27029 20736f756e64747261636b
27030 2053616665
27031 204e6f7661
27032 3934
27033 2061746865
27034 2056657262
27035 6f6c6572
27036 ec9db4eca3a0
27037 2076696e
27038 2072657370697261746f7279
27039 205374756479
27040 2043414d
27041 2061766f6361646f
27042 205a68656e
27043 206c6174656e6379
27044 206665617468657273
27045 20636f6e746172
27046 20d0b2d0b5d189
27047 206661726b
27048 20626c656e646564
27049 206578706c6f646564
27050 205858
27051 2042656e696d
27052 20616c6775c3a96d
27053 6973746f697265
27054 20636f6e666964656e7469616c
27055 206d617374
27056 20ecbf
27057 676568
27058 2064697372657370656374
27059 2053797374656d73
27060 c6b061
27061 4564
27062 20777973
27063 2065786f746963
27064 20676c6f77696e67
27065 c3b96e67
27066 6f756e6765
27067 e884
27068 d0b0d0bdd0b8d0b7
27069 2070616c6176
27070 2053776f7264
27071 2067696d
27072 2043726f77
27073 20706f74656e74
27074 62697368
27075 20616275736564
27076 204a6564
27077 2067616d626c696e67
27078 205370656374
27079 20696e76657374696761746f7273
27080 e6999a
27081 2072617474
27082 20646f62
27083 20444553
27084 686f67
27085 20d0bed182d0bad180d18b
27086 ed8c85
27087 20d0b4d0b5d0bdd18cd0b3d0b8
27088 20ed98b9
27089 20eba8b8eba6ac
27090 2073617475726174696f6e
27091 20696e68657269746564
27092 20496e6e6f766174696f6e
27093 ec9788eb8d98
27094 2074616e6769626c65
27095 206465707269
27096 686564
27097 20d0bfd0bed0bcd0bed0b3
27098 20736c69636564
27099 e0a58d
27100 207468e1babf
27101 c5a5
27102 3638
27103 20636f726f6e61
27104 20676966746564
27105 20736f6972
27106 2068756d696c697479
27107 20ec9db4eab1b8
27108 20666c617773
27109 20d0bfd180d0b0d0bad182d0b8
27110 206b616c64
27111 7761c5bc
27112 7977
27113 e38293e381a7e38199
27114 69727465656e
27115 2063726f6368657473
27116 a6aceab080
27117 20eca084ec9790
27118 2064657365
27119 e6a5ad
27120 20d0bcd0b0d0b3
27121 20647a6961c582
27122 206cc3a967
27123 6368616e67696e67
27124 206c6c6576
27125 c584736b
27126 e794bb
27127 2031393834
27128 6f726e73
27129 2057656c7368
27130 20706861726d61636575746963616c
27131 2070756d70696e67
27132 2053686177
27133 70756e6b
27134 207661756c74
27135 206b696e65746963
27136 20687572726963616e65
27137 20496e636c7564696e67
27138 e1bba963
27139 204772616e647061
27140 616e73686970
27141 e9a699e6b8af
27142 20d0b2d18bd185d0bed0b4
27143 d0bdd0bed0b6
27144 9ca0
27145 75747461
27146 20eab281eb8b88eb8ba4
27147 2062617a
27148 20d0bfd0bed188
27149 20706563756c696172
27150 7a79c487
27151 20456c6c6965
27152 206c6561726e73
27153 204b726973686e61
27154 20636f6e7365637574
27155 20656d70617468
27156 2044696e
27157 20747261646564
27158 20426f726973
27159 756767616765
27160 6f6c6c61
27161 20d0bdd0b0d0b7d0b2
27162 20657465726e697479
27163 20d0b2d0bf
27164 c3a86d6573
27165 206772617070
27166 62c3a9
27167 20d0bfd180d0b5d0b4d181d182d0b0d0b2
27168 204643
27169 8deb8b88eb8ba4
27170 6576656e
27171 204e65627261736b61
27172 6f7274756e65
27173 206b6172656e61
27174 204167656e74
27175 207374696e67
27176 205049
27177 206d756e69636970616c
27178 706f7765726564
27179 20636f6e7365677565
27180 204d616e63686573746572
27181 207261696e79
27182 20626c69
27183 206b6f7374
27184 2068616c74656e
27185 2041686868
27186 696e73756c61
27187 657274696e67
27188 20d8a7d984d981
27189 2072656c6163696f6e
27190 206b6f6d656e
27191 20646f6d65
27192 2070726965737473
27193 20496e74726f6475
27194 726f706865
27195 73686f7265
27196 76656c74
27197 636c69707365
27198 20d180d183d181
27199 d799d7a1
27200 20736162656d6f73
27201 20486f6c6c616e64
27202 6f6769
27203 616e6b69
27204 204d617473
27205 20736d6f6b6564
27206 756c6c6965
27207 206575726f7065
27208 20d0b4d0b5d0b9d181d182d0b2d0b8d182d0b5d0bbd18cd0bdd0be
27209 20626172647a69656a
27210 207472616e73666f726d696e67
27211 20457a
27212 6f70617468
27213 20ec96b8eb8b88
27214 20d181d182d0b0d0bd
27215 e1bab16e67
27216 e0b8b1e0b989
27217 204f756368
27218 20636c656172616e6365
27219 75737461696e
27220 20736f6c69646172697479
27221 2070726f76696e67
27222 20d098d0bd
27223 20d181d18a
27224 2070726f6c6f6e67
27225 d0b0d0b4d0bdd0be
27226 20736f73
27227 204465616c
27228 20313730
27229 6d6f6e73
27230 20d0b7d0b5d0bc
27231 206c6f67676564
27232 206c6966656c6f6e67
27233 2073656e736f7279
27234 206265686f6c64
27235 20464152
27236 c3a874656d656e74
27237 2046656465726174696f6e
27238 20646f646765
27239 2053686972
27240 20647261676f6e73
27241 20417263746963
27242 c485c5bc
27243 c58d
27244 c2ba
27245 2064656e6b65
27246 20706f6472c3ad61
27247 636f6c65
27248 d183d0bbd18cd182d0b0d182
27249 2073797374656d61746963
27250 d0b0d0bcd0b0
27251 63686f73
27252 20636c696e696373
27253 204253
27254 2074616c6573
27255 7573696f6e73
27256 20ed88ac
27257 20707265736572766174696f6e
27258 206c6f7265
27259 2050726f74657374
27260 e1bb9b
27261 e5b882
27262 2061636b6e6f776c6564676564
27263 20497361696168
27264 20eb958ceb8a94
27265 20d798
27266 20636f6d70657469746f72
27267 20616476616e63696e67
27268 7a6970
27269 2074656e7468
27270 204c61757265
27271 2068696e7473
27272 2065786572636973696e67
27273 9e9ceb
27274 20496e74656c6c6967656e6365
27275 7561746564
27276 4f5554
27277 6f706564
27278 206175746f6e6f6d79
27279 206272616e64696e67
27280 204d65646974657272616e65616e
27281 d196d0ba
27282 207363726577647269766572
27283 207375707265
27284 2073746170
27285 206a7572697364696374696f6e
27286 2053657474696e6773
27287 20666f726566726f6e74
27288 2046656d616c65
27289 636f6d666f7274
27290 206d756c7469706c69636174696f6e
27291 204d7572726179
27292 20626f62
27293 20546173
27294 2074616875
27295 206f6e756e
27296 6574746572
27297 2070726f7068657473
27298 6c6167
27299 20726576656e756573
27300 207072c3a1
27301 2075706c6f6164696e67
27302 206d616368696e657279
27303 617363616c
27304 20457374c3a1
27305 20476f7468
27306 2042616c64
27307 20536177
27308 2073747269706573
27309 eca091
27310 20706f77696e
27311 e697a5e69cac
27312 20686f7374696c65
27313 20646172756d
27314 2070726576656e746564
27315 d0bed0b6d0b0d0bbd183d0b9d181d182d0b0
27316 20616c67756e6173
27317 20686f70656c657373
27318 207a6e616a
27319 2072656164696e6773
27320 2063726176696e67
27321 746174
27322 20506967
27323 206c696172
27324 e788b1
27325 206d756c7469706c61796572
27326 2064616c65
27327 20436f75727365
27328 ed81bc
27329 204b697461
27330 20637573746f6d73
27331 20726573706f6e6473
27332 656e647261
27333 e8a696
27334 206d6574726f
27335 d181d0bed0bb
27336 206d69746967617465
27337 206f707072657373696f6e
27338 20e68891e58091
27339 7175696e686f
27340 20616d6d6f
27341 20656e666572
27342 20706f6e79
27343 206f756e636573
27344 b094
27345 20ec8898eab080
27346 20646963686f
27347 20446562
27348 20776f6e64657273
27349 20526f6f7365
27350 207072697a6573
27351 20414c4558
27352 207468616e6b66756c6c79
27353 2074697373756573
27354 20d180d0b0d0b2d0bdd0be
27355 204c756e61
27356 696e74656c6c696769626c65
27357 20ec99b8
27358 eab091
27359 2048656174
27360 20d181d0b8d0b4
27361 20517569
27362 20696f6e73
27363 206163636f6d6d6f646174696f6e
27364 e4bebf
27365 204b617274
27366 69656e7374
27367 207461726465
27368 20736f616b6564
27369 204361736579
27370 20ecb49d
27371 20d180d183d0b1
27372 20646966666572656e7469
27373 206c6566746f766572
27374 2065786368616e676573
27375 7365636f6e64
27376 2066697273746c79
27377 206275696c646572
27378 7269656e
27379 206477
27380 20626f756e63696e67
27381 3f3c2f
27382 20eb8c80ed95b4ec849c
27383 20d181d0b5
27384 204d696c6573
27385 69656e6965
27386 20d0bfd0bed0b4d0bfd0b8d181
27387 20ebacb4
27388 20617269736573
27389 20737562636f6e7363696f7573
27390 2053616e6479
27391 206c6f7474657279
27392 e28091
27393 616d696c696172
27394 20636f6f7264696e61746f72
27395 e88c
27396 2065787472616f7264696e
27397 20526f6e616c64
27398 204d4f4e
27399 677265656e
27400 206d616e7566616374757265
27401 205265636f7264
27402 204d61726b6574696e67
27403 d0b8d186
27404 2063726564656e7469616c73
27405 2075707269676874
27406 204865726974616765
27407 2067c3b67264
27408 e69c8d
27409 657870656e73697665
27410 e1baad6e
27411 20ecb184
27412 206f75746c696e6564
27413 204f6f6f68
27414 6f7269656e746564
27415 207769726564
27416 206f75746c657473
27417 20687567656c79
27418 20ed9688eb8a94eb8db0
27419 d0b0d180d182
27420 206c6f67697374696373
27421 20736561736f6e616c
27422 2064656265
27423 207468656f72
27424 20706972617465
27425 61707079
27426 206b6e6f7473
27427 2066656d6d65
27428 20536f667477617265
27429 67656e6465
27430 d182d0b0d0bad0b8
27431 2074656d706c6573
27432 206c696d69746174696f6e
27433 20616d706c6974756465
27434 20686163656e
27435 2061756469
27436 20eb96a8
27437 205761686c
27438 206e6968
27439 20616d706c6966696572
27440 6172697573
27441 697a61646f
27442 61636861
27443 206b756c6c616e
27444 205477696e
27445 20466f72636573
27446 206162726972
27447 20455041
27448 20416861
27449 20eab7b8eb9e98eb8f84
27450 2062696f6d
27451 20d0a2d0b0d0bc
27452 207361696c696e67
27453 204a6f6b6572
27454 4669727374
27455 e8bf99e698af
27456 7e5d
27457 6f72736368
27458 2076c3a67265
27459 20626565746a65
27460 20537061c39f
27461 706f6c6974
27462 2074757262756c
27463 20eca080ed9daceab080
27464 20636963
27465 204472616b65
27466 20425249
27467 697a61c3a7c3a36f
27468 20ec9e88eb8ba4
27469 204c796e6e
27470 207472616e7367656e646572
27471 2072657369676e
27472 2063686172746572
27473 204a48
27474 20486f6c6d6573
27475 204c6970
27476 646173
27477 20706564696174726963
27478 206d656d6f72697a65
27479 206576616c756174696e67
27480 20f09f90
27481 63616b
27482 20636f6e6a756e6374696f6e
27483 207265736572766573
27484 207368616d706f6f
27485 206a7564676564
27486 207769647a
27487 56494e
27488 2061626f617264
27489 61726973
27490 20526f68
27491 20636f6f6c6564
27492 d181d182d0b5
27493 636570
27494 726f7374
27495 686f7473
27496 204d656c626f75726e65
27497 d0bed187d18c
27498 2076656e74696c
27499 d0b8d0bdd0bed0b2
27500 206d6f74696f6e73
27501 ec9788eb8a94eb8db0
27502 d0bcd0b5d180d0b8d0ba
27503 2043686174
27504 20676f757665726e656d656e74
27505 e4b880e6aca1
27506 204b69766f6c
27507 204b69766f6c6f7769747a
27508 206ec3b369
27509 20d0bad183d0b4d0b0
27510 206879647261756c
27511 2042657267
27512 796c756d
27513 205072c3a4736964656e74
27514 726f7079
27515 2073656d6963
27516 d18fd0b5d182
27517 2043617065
27518 2063616e65
27519 206272696e67656e
27520 20776972696e67
27521 756e7961
27522 207265706179
27523 aaa9
27524 20776f6e74
27525 c3a16e74
27526 20676f766572
27527 204c696265727479
27528 20656c656374726f6d61676e
27529 2053696e6768
27530 20d0b3d180d183d0bf
27531 d0b3d0bed0b2
27532 88ebacb4eb
27533 2052756c65
27534 20756e646572776179
27535 20467265646572
27536 2074757262696e65
27537 69736869
27538 2066c3ad73
27539 2043756c74757265
27540 61637265
27541 2077616e646572
27542 20677565727261
27543 2073c3b679
27544 204a7572
27545 6177617973
27546 2073636877696572
27547 6775617264
27548 20416264
27549 756374696f6e
27550 2061726b616461c59f6c6172
27551 2048616d62
27552 3f2e
27553 73697a65
27554 204f727468
27555 2073776179
27556 20ce94
27557 206162736f727074696f6e
27558 696e656573
27559 20706174726f6e73
27560 2062656163686573
27561 4747
27562 20636f6e74616d696e
27563 696e74656e64656e74
27564 20d0bdd180d0b0d0b2
27565 20d0b4d0b5d180d0b6
27566 207175696c74
27567 2065766f6c7574696f6e617279
27568 ec9db4eb9dbc
27569 617a696f6e69
27570 2065726b6c
27571 204275746c6572
27572 20646f6f
27573 206e65676f74696174696f6e
27574 656e64756d
27575 207465726d696e6f6c6f6779
27576 206b756c
27577 20556e7465726e65686d656e
27578 c3a9726963
27579 7869
27580 626164
27581 20d0b4d0bed0bbd0b6d0bdd18b
27582 204d69746368656c6c
27583 7468726565
27584 e5bc8f
27585 20737562737472617465
27586 20496e68616c65
27587 204167726963
27588 756e6765
27589 20d0b7d180
27590 2061647665727365
27591 20eca080eb8f84
27592 2070696c6c6172
27593 204d696e7574656e
27594 204d617465
27595 20506c61747a
27596 2068656c706c657373
27597 20616c6172
27598 206672656e6368
27599 20616c6c6f636174696f6e
27600 207374656d73
27601 206d61726174686f6e
27602 2048415246
27603 697a616369c3b36e
27604 4a657373
27605 20d0b7d0bdd0b0d187
27606 206465636c61726174696f6e
27607 454552494e47
27608 7374657264616d
27609 61737369756d
27610 207365697a
27611 20707265736964656e7473
27612 74616b65
27613 2077696c6465726e657373
27614 20636f736d6963
27615 20ebaaa8eb9190
27616 7374726f
27617 20706f776965647a
27618 204d6167617a696e65
27619 205649
27620 20d0b4d0b5d180
27621 2077c3bc7264656e
27622 207461626c657473
27623 20706965727773
27624 206d6f7274616c
27625 20737570706c696564
27626 204ec3b373
27627 2050726f706572
27628 20d0bad0b0d0b6d0b4d18bd0b9
27629 6f6cc3b367
27630 ebb0a9
27631 206d6973636f6e
27632 2070726f78696d697479
27633 20416c6c6573
27634 20d0b3d0bbd0b0d0b7
27635 206c616d65
27636 207669626573
27637 206465656d6564
27638 207572696e65
27639 2072656d696e64696e67
27640 2063697263756d7374616e6365
27641 eb93a4ec9db4
27642 206c6170746f7073
27643 c2b2
27644 ed95b4ec95bc
27645 204f6d656761
27646 e381aae38293e3818b
27647 4e59
27648 2070756d7073
27649 207261696c73
27650 2073757270617373
27651 2042726f73
27652 206e6174696f6e616c6c79
27653 206765776573656e
27654 e4baab
27655 b3b4eb8ba4
27656 6f7368696e67
27657 eab088
27658 e7a4be
27659 20637269616e
27660 20ec82aceb9e8cec9db4
27661 6361757374
27662 e695b4
27663 d186d0b8d0bf
27664 204f626572
27665 20444159
27666 2043616e6f6e
27667 7a756e67
27668 20eab096
27669 20d0b0d0b2d182d0bed0bc
27670 206469766f72636564
27671 d799d7a4
27672 cf81ceb5
27673 63656c616e64
27674 63696572
27675 d180d0b5d0b7
27676 546f646179
27677 206f72626974616c
27678 207374726574
27679 2073617475
27680 20ed81aceb
27681 7a6f73
27682 2053636f
27683 cebccead
27684 20477561726469616e
27685 696e746572657374
27686 20564552
27687 c3bc6e64656e
27688 20d185d0bed182d0b5d0bb
27689 746974
27690 4279
27691 20616e6c6174
27692 53686f77
27693 206f696c79
27694 e7af80
27695 206c6567656e6473
27696 2073706563756c6174696f6e
27697 2057697368
27698 206d6f6e6b
27699 47414e
27700 2068e1bb8d
27701 2064616e67657273
27702 2042656e65
27703 697175656d656e74
27704 20eb8298ec9980
27705 20d0b0d0b4
27706 206469736372657465
27707 c387
27708 20636f6e646974696f6e616c
27709 2047696c6c
27710 7561746573
27711 20d181d0bed0b2d181d0b5d0bc
27712 2073637265656e73686f74
27713 6361646f
27714 20ebaaa8eb93a0
27715 2066696e67657274697073
27716 204d4143
27717 206475646573
27718 636f7374
27719 2062756d7073
27720 6f6e646f
27721 206461746f73
27722 206265657073
27723 2050726f6e
27724 204b68616c
27725 7a65676f
27726 2041626279
27727 5568
27728 596f
27729 2054656c
27730 20cebccead
27731 4b49
27732 207374726573736573
27733 207370726561647368656574
27734 204e4f57
27735 4442
27736 206c696265726174696f6e
27737 207072656469637461626c65
27738 205175657374696f6e73
27739 2073706163696e67
27740 20696e6861626974616e7473
27741 207a7769c4857a
27742 e7b1b3
27743 20534150
27744 206c756767616765
27745 2068697070
27746 e896
27747 2074616e67656e74
27748 2076c3a5
27749 d0b0d0bbd18cd0bdd0bed0b9
27750 736568656e
27751 2070726f636573736f7273
27752 2066696e646574
27753 20636172747269646765
27754 2061646d696e6973747261746f7273
27755 20ec96b4ec9a
27756 2073757072656d65
27757 20416e7469
27758 20ed9484eba19c
27759 20696e666f726d6174697665
27760 206b6f6d74
27761 e68891e4b99f
27762 d799d798
27763 417373697374616e74
27764 206c69737461
27765 c3b66c6c
27766 2064697374696e6374697665
27767 20487564
27768 2073616c6f6e
27769 e4b88be4be86
27770 6dc3aa6d65
27771 204d6f74696f6e
27772 207365756c656d656e74
27773 204d656e736368
27774 2070756d706564
27775 c3bc686572
27776 69626f
27777 207761c5bc
27778 207175616e7469746174697665
27779 d9be
27780 20ebaaa8ec8ab5
27781 20706f756368
27782 2054686561747265
27783 616869
27784 207370696e616368
27785 207265616c6974696573
27786 206c6579
27787 204d6172746861
27788 20726563686572
27789 6563686573
27790 20706572696f646963
27791 6f63696465
27792 20496e63726564
27793 207468e1baa579
27794 6f746f6e
27795 2045736f
27796 2067c3a96ec3a972616c
27797 696c69676874
27798 20696d6167696e696e67
27799 686561
27800 65746963616c
27801 e1bbad
27802 2044656d6f6b726174
27803 20656e6a6f
27804 2061646a75737461626c65
27805 207261696e73
27806 69657761c5bc
27807 206a757374656d656e74
27808 206a7573746966696564
27809 205368616b65
27810 766976
27811 ec82aceba5bc
27812 206d657474
27813 20456e7669726f6e6d656e74616c
27814 20736f6c616d656e7465
27815 20696e74657273656374
27816 2031393838
27817 2073696d756c617465
27818 4a41
27819 20d0b7d0b0d181
27820 20636f6e74696e67
27821 2054656b
27822 20746f726368
27823 20d0b4d180d183d0b3d0bed0b9
27824 20696e73637265
27825 206d6f64656c6f
27826 20476567
27827 2044656d6f63726174
27828 d0bad0b2
27829 204275646479
27830 20726564756e64
27831 20637261667473
27832 2048696a
27833 206a7565
27834 204b69726b
27835 206b6162
27836 e1bba3
27837 2061657374686574
27838 204a4f4e
27839 207375706572636f6d
27840 20d181d0b8d182d183
27841 20cf8ccf84ceb9
27842 d985d986
27843 2045564552
27844 ec9598ec96b4
27845 6f6974
27846 20436c6576656c616e64
27847 207369787465656e
27848 20776174657266616c6c
27849 efb8
27850 696e666c
27851 20636f756e73656c6f72
27852 2050756e6b
27853 20737072656368656e
27854 e6b581
27855 657863
27856 20536b696c6c73
27857 726f7a
27858 6164616d656e7465
27859 2070616e63616b6573
27860 eab8b0eba19c
27861 20706c616e6b
27862 20736f7665726569676e7479
27863 20667569
27864 20d0bdd0b5d0bed0b1
27865 20576969
27866 205363686f6c
27867 e2808e
27868 20537065616b
27869 e88bb1
27870 63696c696174696f6e
27871 207468696768
27872 20eab1b0ec9d98
27873 206a6f74
27874 20ecb4acec9881
27875 20d985db8cdaba
27876 20434350
27877 20d0bfd0bed181d182
27878 206f62736572766572
27879 c3a162
27880 20737469676d61
27881 2070726f7072696574
27882 20636964616465
27883 206261c59f6b61
27884 d8b9d8a9
27885 6b7265
27886 20706f776965647a6965c487
27887 206365617365
27888 20736b696e73
27889 2076656767696573
27890 206f70706f73696e67
27891 6f706f6c79
27892 204a7567
27893 20596f6f6e
27894 20556e6974
27895 2031393836
27896 206b6f6e73
27897 20646961676e6f73746963
27898 20656d706f7765726564
27899 2074686f
27900 2063656e
27901 c3a9726174696f6e
27902 20d197
27903 20706879736963
27904 205072616374696365
27905 e5b79d
27906 20536f75746865617374
27907 2045737061
27908 e8afb7
27909 2047656f72
27910 726f706f7274696f6e
27911 207370656373
27912 206164617074697665
27913 20556e697479
27914 20576f726b73
27915 7567656e
27916 204d6f6e74616e61
27917 5468616e6b73
27918 2077686970706564
27919 2064756e67656f6e
27920 20766974616d696e73
27921 5350
27922 207363616e64616c
27923 2064696e65726f
27924 6f7661
27925 20656d62726f
27926 204561676c65
27927 207468656f6c6f6779
27928 2056616e65737361
27929 2041494453
27930 eb909c
27931 20667265656c
27932 20416c7a6865696d6572
27933 20c59a
27934 486572
27935 20746f726e61646f
27936 6167656e73
27937 20ec9e88ec96b4ec849c
27938 205472616e73666f726d
27939 2070726f636573736f
27940 206d696c6c697365
27941 2070726f66657373696f6e616c6c79
27942 206d656d62
27943 6f636174696f6e
27944 207374796c696e67
27945 20d0bed0b1d18fd0b7
27946 204f7065726174696f6e
27947 207779676c
27948 2052616e
27949 20e79a84
27950 204b696e
27951 e1bbb163
27952 20424152
27953 207061706572776f726b
27954 2074756c65
27955 20717565726961
27956 20636f6d706c79
27957 2048616972
27958 d799d79b
27959 20d0bfd180d0bed181d182
27960 206d75746174696f6e
27961 2072657072c3a973
27962 206f63746f707573
27963 20696d706f7274616e746573
27964 206465736572766564
27965 657472
27966 20646973617374657273
27967 6cc4b16e6461
27968 697175c3a9
27969 2044657368616c62
27970 736f6f
27971 6f73736970
27972 2072656c6965766564
27973 20436f6c6c696e73
27974 20776174657270726f6f66
27975 2059756b
27976 20636f7079696e67
27977 2062c3bc74c3bc6e
27978 204865757465
27979 20456e747265
27980 20726573696475616c
27981 20636f6c6f6e696573
27982 20c3a96e6f726d
27983 204572696e
27984 207374616e
27985 207472656d656e646f75736c79
27986 206361707475726573
27987 20536169
27988 c3a26365
27989 206d6961c582
27990 203837
27991 206c6f6767696e67
27992 20696e736572746564
27993 20696e686572656e746c79
27994 ec9d91
27995 6c617665
27996 d0bdd0b8d187
27997 2066656d6d6573
27998 2064c3a970
27999 756b73
28000 61636961
28001 2057616465
28002 206a696a
28003 2056696e63656e74
28004 204963656c616e64
28005 68656d
28006 2061706f6c6f6779
28007 20506567
28008 20676c756564
28009 20636f6d70616e696f6e73
28010 204c69766572
28011 20637269746963697a6564
28012 6c656164696e67
28013 2073c3a46761
28014 e6bc82
28015 207371756964
28016 206e617272617469766573
28017 2074616b61
28018 6e657a
28019 77656974
28020 20747269706f64
28021 206578706c6963
28022 207370696e616c
28023 20617070726f78696d6174696f6e
28024 207061676172
28025 2043616c76696e
28026 20d0b2d0b5d0b4d18c
28027 206c6163
28028 2070726f616374697665
28029 20547261696e
28030 6f7266
28031 207374656e
28032 20677261706573
28033 206d657573
28034 206175746f6d6174
28035 20626961736564
28036 20636861c3ae6e65
28037 636f616c
28038 2072656e636f6e74
28039 204b756d
28040 20666573746976616c73
28041 207374617274757073
28042 20616b61
28043 e381b9
28044 2063796c696e64
28045 736e61
28046 435249
28047 20726573756c7461646f
28048 206d696c6573746f6e65
28049 20cf85
28050 2074656c65706f7274
28051 7a796368
28052 3632
28053 e585b3
28054 2046656172
28055 206e75636c657573
28056 207368696e6573
28057 686f76
28058 20506172746e657273
28059 204b6173
28060 206e61646965
28061 20616c65727473
28062 2042494c4c
28063 7374726f6e67
28064 204e617465
28065 2044656e6d61726b
28066 20436176
28067 4f5354
28068 68c3a46c74
28069 20ec9584eb8b8c
28070 616e796f6e
28071 20656e636f757261676573
28072 20d0bfd0bed181d182d0b0d0b2
28073 204875616e67
28074 e3818ae9a198e38184
28075 535441
28076 207061696e7473
28077 e38199e38194
28078 207363686564756c6573
28079 2063686561746564
28080 20617070726f78
28081 20efb7
28082 20c2bb2e
28083 20736d696c6573
28084 6973757265
28085 206e65726564
28086 617264656e
28087 2063757274
28088 20eb8c
28089 20526f7468
28090 2070756973717565
28091 20474554
28092 205665676574
28093 2070726f64757a
28094 2042656c6769756d
28095 2043616d707573
28096 d7a8d799d79d
28097 69637574
28098 20d181d0bdd0b8d0bc
28099 2072c3a9757373
28100 20736c697070657279
28101 204577
28102 c5b3
28103 204c6567656e6473
28104 2054696666616e79
28105 d0b0d0bbd0b8d0b7
28106 20d0bfd0b5d180d0b5d0b2
28107 20d0bed0b3d180d0bed0bc
28108 2063726f73
28109 204345
28110 4275
28111 20656e7375726573
28112 206772616e646368696c6472656e
28113 206163756572646f
28114 20707269736f6e6572
28115 2074686972737479
28116 62616e65
28117 20ebb9a0
28118 20c3ba6c74696d61
28119 204c61756e6368
28120 6e697479
28121 20636f6d62757374696f6e
28122 20756e69636f726e
28123 2066616d696c6c65
28124 206c6f776572696e67
28125 2059696e67
28126 6275696c64696e67
28127 2064756f
28128 204dc3a97869636f
28129 61737469616e
28130 20eba8b9ec9d84
28131 2052616c7068
28132 2072657772697465
28133 20676c616d
28134 696669717565
28135 4572
28136 2052756e6e696e67
28137 d0bed0bdd0bed0b2
28138 206d65616e696e6773
28139 206368657779
28140 204c65736c6965
28141 2066696e657374
28142 20686168616861
28143 2053544550
28144 206c6f6e656c696e657373
28145 7269616e73
28146 207175657374696f6e6564
28147 206573717565
28148 2073696e6b696e67
28149 207065736f
28150 2057726f6e67
28151 61736d696e65
28152 20646566696e6974697665
28153 2062757973
28154 2063727563
28155 636f6f6c
28156 20eba088
28157 2070c3b3
28158 207574696c697a6564
28159 20776f7274687768696c65
28160 2044796c616e
28161 455345
28162 20766572746578
28163 74c4b1
28164 20466972
28165 207a6177
28166 20476564
28167 20d09dd0b0d0bf
28168 647a
28169 20637572736f72
28170 207377697065
28171 20696e6576697461626c79
28172 20706f7374657273
28173 20696e636c696e6564
28174 206772656574696e67
28175 206469736170706f696e746d656e74
28176 e381bee381a7
28177 2072656c61c3a7c3a36f
28178 5454
28179 2072616262
28180 204d61696e65
28181 20616e616c797a6564
28182 4645
28183 20d09fd0bed0bb
28184 2053616e647261
28185 20706c61677565
28186 415245
28187 2076c3a472
28188 20566976
28189 756d6564
28190 68616e646f
28191 686f7565747465
28192 204261696c6579
28193 e4b88de9818e
28194 79736f6e
28195 2073656d7561
28196 2068617264636f7265
28197 e282ac
28198 d196d0bc
28199 c3a97261
28200 4f5448
28201 20666f726569676e657273
28202 2050616c657374696e69616e
28203 2070726f7072696f
28204 d0b0d0bdd0b8d0b9
28205 206d79746873
28206 5748
28207 206e696e7468
28208 2043726561746f72
28209 d0bbd0bed0bc
28210 20466c6970
28211 20656d616e
28212 206b69c59f
28213 7a696568
28214 204561726e657374
28215 73797374656d
28216 96ec9790
28217 2061726d696573
28218 204f757473696465
28219 206861727573
28220 e6ba96
28221 d0bed0b4d0b0d180
28222 2076697369746f72
28223 e7ad94
28224 20737472656e677468656e696e67
28225 203932
28226 76696f
28227 20eba6ac
28228 20677265656479
28229 20706f717569746f
28230 75646572
28231 204b6f7066
28232 20eb8ba4ec9d8cec9790
28233 2073656973
28234 c3a17469636f
28235 207472757374696e67
28236 c3ad70
28237 20456d6d
28238 6c65656e
28239 20d8a7d984d986
28240 20726563727569746d656e74
28241 2046696c6970
28242 20d983d984
28243 436c696e74
28244 20d0b2d0b5d181
28245 61756674
28246 20646f6d696e617465
28247 20726573746f
28248 206b7261
28249 c3a169
28250 2043616974
28251 726f7773
28252 20636f756e74727973696465
28253 2031393435
28254 d0b0d186d0b8d18e
28255 20d0b4d0b8
28256 206b65726e656c
28257 6c6f76
28258 2063616c63756c6174696e67
28259 d8afd8a7
28260 2057616c74
28261 20656d706f776572696e67
28262 2063686173736973
28263 6c696e656172
28264 d0b3d183
28265 206e6f7661
28266 207579
28267 203639
28268 20656e636f6d70617373
28269 74726c
28270 20636f6d7075746174696f6e616c
28271 20776f726d73
28272 206e6869e1bb8175
28273 20617374726f6e61757473
28274 20766573
28275 2073797475
28276 2064656d616e646564
28277 206373
28278 204d6f6c
28279 2060
28280 206368616e74
28281 2074686572656279
28282 2070656e6973
28283 20656d6f63
28284 77796e
28285 d183d0b6d0b5
28286 207472656164
28287 c3b36c65
28288 2064656570657374
28289 206d61636865
28290 2056656e74
28291 20416d7374657264616d
28292 e3839b
28293 20726562656c
28294 203631
28295 20d0b2d0bad183d181
28296 75666673
28297 20646fc49f7275
28298 204e61706f6c65
28299 ceaecf83
28300 20776f726b6f757473
28301 20476c6164
28302 d0bdd0b5d181
28303 2074656e73696f6e73
28304 205368696674
28305 2047756572
28306 ed8c90
28307 20ecb99ceab5ac
28308 d096
28309 20696d706c616e74
28310 c3aa75
28311 eab880
28312 20617574686f72697a6564
28313 434552
28314 205256
28315 2068696c
28316 6c6576
28317 63696d656e746f
28318 2055464f
28319 ec8388
28320 e8a882
28321 776f72
28322 2064616e636573
28323 20506978656c
28324 e79c8be4b880e4b88b
28325 2074726f747a64656d
28326 206f6274656e
28327 20416c66726564
28328 20636f73746c79
28329 205374616e6c6579
28330 20746572726f7269737473
28331 20576964
28332 85eb8b88eb8ba4
28333 206c6569636874
28334 ec9db4ec8aa4
28335 20646f62727a65
28336 206865736974
28337 2065727ac3a468
28338 2065696e696765
28339 2068656274
28340 d181d0b5
28341 20756e70726564696374
28342 43c3b36d6f
28343 72656d6f73
28344 205468616e6b66756c6c79
28345 207075727365
28346 636873
28347 616e636572
28348 756c6f73
28349 73747564
28350 e69c89e6b292e69c89
28351 206e6575726f6c6f67
28352 20416e6369656e74
28353 4f7574
28354 6177737a65
28355 206f70706f7365
28356 20616e7469626f64696573
28357 20536f6d65686f77
28358 726f706f6c6974616e
28359 6b746f72
28360 20d181d182d0bed180d0bed0bdd18b
28361 20726f636b657473
28362 2064697361626c65
28363 20636174617374726f7068
28364 b4ec9e
28365 2063796e
28366 20d0b4d180d183d0b7d18cd18f
28367 20696e7374727563746f7273
28368 656d61616c
28369 2065747761
28370 207975616e
28371 2047726f756e64
28372 207072656d69657265
28373 d187d0b8d0b2
28374 207361696e74
28375 796261
28376 206b6f6b
28377 20636f6e74726163746f7273
28378 20eab081
28379 20d790d79c
28380 20686561646c696e65
28381 20636f6d706c6574616d656e7465
28382 20696e657870656e73697665
28383 20766975
28384 204772616e6465
28385 20626c656564
28386 ebacbc
28387 203733
28388 20746f646176c3ad61
28389 2052757368
28390 20456c646572
28391 eab080eb8a94
28392 20526f75
28393 20d0b6d0b5d0bdd189
28394 204d697261
28395 206465696e65
28396 206b61726d61
28397 20756d6d
28398 20656e7473636865
28399 20486f6c6f6361757374
28400 20646973636f766572696573
28401 616d656e7473
28402 20726169736f6e
28403 2062757267657273
28404 4261636b
28405 20676479
28406 204147
28407 20446177
28408 ec95a0
28409 686561646564
28410 20436c6172
28411 496e7374
28412 204c69657574656e616e74
28413 20416644
28414 20436573
28415 20706572736f6e616c697a6564
28416 20696e7465726661636573
28417 e0b888e0b8b0
28418 20d180d0b5d0b6
28419 2073756963
28420 207374617276696e67
28421 206f78696465
28422 206465636f7261746564
28423 204455
28424 20ec9888ec8198
28425 2071756f
28426 20646973746f7274696f6e
28427 e6aeb5
28428 20eba8b9ec96b4eb
28429 207374616b6573
28430 e6988ee799bd
28431 2073796e746178
28432 206269e1babf74
28433 746879
28434 69636965
28435 2062726173696c65
28436 69736973
28437 5243
28438 2073686f6f6b
28439 20646570746873
28440 20436f737461
28441 20766f63616c73
28442 20636f6173746572
28443 2066616c6f75
28444 6574746c65
28445 206b656e6e656e
28446 20646572697665
28447 2061696473
28448 20d09dd0b8d0ba
28449 20656e74776963
28450 20766572746963616c6c79
28451 20cd
28452 20535556
28453 2066697265776f726b73
28454 20737065636966696373
28455 e4baa4
28456 20696e736973746564
28457 2064657368616c62
28458 20476f6e7a
28459 6c6f7665
28460 204d696c6974617279
28461 20506965727265
28462 20e288
28463 2057686f7365
28464 2070657266756d65
28465 20cf80ceb5
28466 206c6f7765726564
28467 2063726f73736573
28468 207472616e736c61746573
28469 20617272696261
28470 c3ad646f
28471 204c6576
28472 e585a7
28473 204369616f
28474 207363686f6c61727368697073
28475 206765737475726573
28476 20d180d0b5d0b7d183d0bbd18cd182d0b0d182
28477 207175657374c3a36f
28478 20436f6c6f6e656c
28479 20426f7474
28480 d8b1d981
28481 4e494e47
28482 205761746368696e67
28483 20507572706c65
28484 d181d182d180d0b0d0bd
28485 2065786563757469766573
28486 204b726973
28487 6f726e657973
28488 d0b5d0bdd0bdd18bd0b9
28489 20636f61746564
28490 c4a9
28491 207061726b6564
28492 20d181d0b2d0b5d182
28493 2121212121
28494 20466c6f7964
28495 c4b173c4b1
28496 7a69c487
28497 206d6f746976617465
28498 20456c6f6e
28499 6c65616e
28500 8693
28501 206970
28502 206e69c5bc
28503 20457870657269656e6365
28504 2054696e61
28505 204b6f6c6c656765
28506 20416d6261737361646f72
28507 696e7961
28508 207468656674
28509 20686575726573
28510 204d797374
28511 206d6169736f6e
28512 6c6562
28513 20626f776c73
28514 2042c3bc72676572
28515 20526f6f736576656c74
28516 5250
28517 eab080ec9a94
28518 2044656c6963696f7573
28519 657264696e6773
28520 204173736f6369617465
28521 6f75737365
28522 20436f7274
28523 20526570656174
28524 20476c6f7279
28525 20636f6e746167
28526 e0b980e0b8a5
28527 205061726164
28528 204b65727279
28529 20eabf
28530 2057617665
28531 e5bf85
28532 2067617465776179
28533 e79083
28534 21e3808d
28535 207472616e7363656e64
28536 2064616d61676573
28537 207461696c73
28538 206772617669746174696f6e616c
28539 20536869656c64
28540 207072696d6974697665
28541 206361727269657273
28542 20487561776569
28543 d982d8af
28544 2066656c697a
28545 204d6961
28546 e58395
28547 20d0bfd180d18fd0bcd0be
28548 20d0bfd180d0bed0b8d181d185d0bed0b4d0b8d182
28549 204d7572706879
28550 204163746976
28551 e38383e382af
28552 20646973636f6d666f7274
28553 d791d794
28554 204b656c6c
28555 2043656e74757279
28556 20737061676865747469
28557 204475726368
28558 2063696572746f
28559 20456d7072657373
28560 2067757473
28561 6e6567
28562 20d0b4d0bed181d182d0b0d182d0bed187d0bdd0be
28563 20766f6c756e74617279
28564 e5a4b1
28565 20737175697272656c
28566 e6aca2
28567 e381a1e38289
28568 204d617a
28569 b4ec8bac
28570 20d0b2d0b8
28571 e382a7
28572 20d182d0b0d0bad0b8d185
28573 20536861726f6e
28574 20656e74687573696173746963
28575 6972656d656e74
28576 20ed9e98eb93a4
28577 20706f74727a65
28578 20696e69746961746564
28579 e383a7
28580 20c59b726f64
28581 20ec9db4eba684
28582 2072656d616b65
28583 2063756c6d696e
28584 20636f6e66757365
28585 6d69796f72
28586 75726172
28587 43544f52
28588 2062756e6e79
28589 20e5a4a7
28590 e4b88de883bd
28591 656c70
28592 2076616d70697265
28593 20696c6c756d696e
28594 2048656e64
28595 20d0bad0b0d187d0b5
28596 2053616c76
28597 20d0bad0b0d0bdd0b0d0bb
28598 20706f727461
28599 20617373686f6c65
28600 20737570706f72746572
28601 20736b6570746963616c
28602 206b6e656164
28603 20ec98ac
28604 657a61
28605 207175c3aa
28606 204448
28607 20726f647a
28608 6f776e657273
28609 20706c6f7473
28610 2064656c617973
28611 2062656c6f6e676564
28612 20616868
28613 20636172766564
28614 20726973656e
28615 206f7264656e
28616 70686f6e79
28617 69737379
28618 2121212121212121
28619 206f6c6475c49f756e75
28620 20726f736573
28621 20696e7472696e73
28622 20416e677374
28623 2066696e616c656d656e74
28624 eca79d
28625 534f554e44
28626 20696e64756c
28627 b08c
28628 20d795d794
28629 636879
28630 d0b0d0bad181d0b8d0bc
28631 206e6767616b
28632 206c697a
28633 20656c6563746f72616c
28634 20536861776e
28635 7269636961
28636 20617273656e
28637 20506570
28638 2032303330
28639 2074726f706879
28640 20736d6f6f74686572
28641 2065727265
28642 2063726173686573
28643 207363686e65
28644 20617369
28645 204d61c39f
28646 d183d0bbd0b8
28647 d187d0b5d181d0bad0b8
28648 6965766573
28649 5245414d
28650 207374697272696e67
28651 e38380
28652 75737461
28653 20696e766572
28654 7369676874
28655 6f726475
28656 6f6f72
28657 20c4836e
28658 207065726d6974746564
28659 d180d18c
28660 206368616c6b
28661 e38288e38197
28662 20746174746f6f73
28663 2052656c6174696f6e73
28664 20486f79
28665 6b73616d
28666 2064656e74697374
28667 20ebafb8eab5ad
28668 20736f6661
28669 20d194
28670 20666f726d65
28671 d982d8a9
28672 20ebb2a0
28673 20656d627261636564
28674 6d696c
28675 2073756e676c6173736573
28676 20eab094
28677 207365616d6c657373
28678 2062656570
28679 c3a463687374
28680 20737765657473
28681 2073656d61696e65
28682 20697272656c6576616e74
28683 20646573656e766f6c
28684 cf81cf89
28685 20d0bfd180d0bed0b8d0b7d0b2d0bed0b4
28686 616e6773
28687 2061726f6d61
28688 20706f6f6c73
28689 206769e1bb9d
28690 205567
28691 20636c696d626564
28692 207472656e64696e67
28693 2073657065727469
28694 2042617272
28695 2070c582
28696 204f726967696e616c6c79
28697 20daaf
28698 7574746f
28699 8ab8eb
28700 20d0bad0bed182d0bed180d18bd185
28701 20d0b7d0b0d185
28702 20656967656e656e
28703 206d75726465726572
28704 65726e616d65
28705 c59e
28706 20616e6e6f756e63696e67
28707 20506c6174666f726d
28708 206578706c616e6174696f6e73
28709 2070726573656e7465
28710 204e6173c4b16c
28711 206f727068616e
28712 20466f72746e697465
28713 726f7370656374
28714 65726564697468
28715 20ec9786ec96b4
28716 204e4948
28717 776167656e
28718 2072656d6564
28719 a780eb
28720 6d6f6e74
28721 204a656666726579
28722 70726f6d
28723 2066c3bc6e66
28724 20d0bdd0b0d0b7d0b0d0b4
28725 20637563756d626572
28726 2053756d6d6974
28727 e5889d
28728 a7a4
28729 d09dd090d0af
28730 204a6574
28731 2063616d62696f
28732 d183d0b9d182d0b5
28733 206375626963
28734 2064697370726f706f7274696f6e
28735 6572657a
28736 206d61646e657373
28737 e7979b
28738 2074696e74
28739 20667565726f6e
28740 206b79
28741 20626970617274
28742 e381bee3819b
28743 53616d
28744 20ebbd
28745 20726976
28746 2054616e6b
28747 20eb8693
28748 2072656e6465726564
28749 c59b6cc499
28750 636f6e6473
28751 2064697372757074696f6e
28752 20696e636f6e76656e
28753 20717569736572
28754 2064656e69616c
28755 2067616c6178696573
28756 20736f7665726569676e
28757 20706f6c736b
28758 cf81cf8e
28759 206d6578
28760 206361726163746572
28761 204c65676f
28762 616e64656e
28763 2e2722
28764 20ed948ceb
28765 20636f6d70726573736f72
28766 204d6f766965
28767 206170706c6963616e7473
28768 7a696568656e
28769 2076656765746174696f6e
28770 2062656c6c65
28771 20474f4f44
28772 20426175
28773 20726573656e74
28774 736578
28775 616d656e746f73
28776 20d794d796d794
28777 206f7665726c6f6164
28778 2073696c69636f6e65
28779 d0b5d181d182d0bdd0be
28780 2064656e6b656e
28781 20646566696e6974
28782 205761736e
28783 20616c7465726564
28784 20536f6f
28785 2057696e67
28786 696e647265
28787 204e5043
28788 cf81cead
28789 205477656e7479
28790 204c69656265
28791 20686f6d656c6573736e657373
28792 6f756c646572
28793 20d098d182d0b0d0ba
28794 d181d0bad0b0d18f
28795 2063756174726f
28796 20486172766579
28797 207068696c616e
28798 2042656574
28799 20706f6c6963696e67
28800 20416c6578616e64
28801 20d0bcd0bed0bbd0bed0b4
28802 206dc3bc73
28803 2068697a6f
28804 ebb3b4eb8ba4
28805 20d0bfd0bed0b7d0b2d0bed0bb
28806 20d0bfd18bd182
28807 d0bed187d0b5d0bcd183
28808 20ed839c
28809 2063727970746f63757272656e6379
28810 206c6f726f
28811 2073756d6d6174696f6e
28812 2062616b616cc4b16d
28813 206e6575726f73
28814 d8a5
28815 20d0bcd0bed0b6d0b5d0bc
28816 20c3bc7374
28817 207072656c696d696e617279
28818 20686f726e73
28819 205449
28820 d983d984
28821 594f
28822 2068696e6765
28823 2072657061697273
28824 20626f6e64696e67
28825 2062697a65
28826 20d188d182
28827 206d6f74697665
28828 204e696765726961
28829 313230
28830 626c6f636b
28831 206176696174696f6e
28832 204b6f6d6d756e
28833 20d0bed0bad0b0d0b7
28834 2074656e6861
28835 20656475636174696e67
28836 207374616174
28837 e6b688
28838 20d181d0bad0bed0bbd18cd0bad0be
28839 20667269676874656e6564
28840 207365656b73
28841 d180d183d188
28842 7175656e74
28843 204e6f75
28844 2070726174
28845 2053686f74
28846 576f726b
28847 6b6172616e67
28848 204c696768746e696e67
28849 6e6f6c6473
28850 726f6c6c6564
28851 676c617373
28852 20637265646962696c697479
28853 495459
28854 2061746d6f73706865726963
28855 206861766961
28856 c3a46e6465726e
28857 636865657273
28858 5468657365
28859 2043656c6c
28860 206d61676e6573
28861 20427261766f
28862 736561736f6e
28863 20c59f65796c6572
28864 f09f8e
28865 7768697465
28866 204d42
28867 20737461636b6564
28868 203734
28869 20d0b4d0b0d0b2d0b0d0b9
28870 2070617665
28871 20d0bed185
28872 2064617461736574
28873 207265746f7572
28874 206d61747572697479
28875 207175617365
28876 203933
28877 2053796d
28878 206272696566696e67
28879 2063756c747572616c6c79
28880 20ecb7a8
28881 696e686173
28882 206d6164616d
28883 20616a75646172
28884 205469626574
28885 206c65616b73
28886 63696c65
28887 207468656174657273
28888 ec98a8
28889 e38396
28890 3732
28891 2057617368
28892 205175616c697479
28893 204976616e
28894 2042656e74
28895 696761746f72
28896 2047657363686963687465
28897 207265616374697665
28898 2031393030
28899 e6a188
28900 20636f6e74726164696374
28901 207a69656d6c696368
28902 20636f686f7274
28903 e1bba7
28904 20706573746963
28905 206f72617a
28906 2074656c6c656d656e74
28907 e9be
28908 204e6f776164617973
28909 63726577
28910 5374657665
28911 2066696374696f6e616c
28912 20696c6b
28913 e38182e381a3
28914 206761736f6c696e65
28915 7a616d
28916 2070616e63616b65
28917 c3a86e636961
28918 206d7569746f73
28919 2062757279
28920 206b6f70
28921 204951
28922 207265736572766174696f6e
28923 20557064617465
28924 206a656a
28925 2045796573
28926 e58f91
28927 2076697665
28928 2063686365
28929 20496e69
28930 726573706f6e73
28931 207265666c656374697665
28932 2057616e
28933 d196d0b7
28934 20656e6361
28935 20656d626f64
28936 20427572676572
28937 2061636164656d6961
28938 2043697263
28939 20d0bfd180d0b5d0ba
28940 20616e6c616d
28941 207068696c616e7468726f70
28942 204261c59f
28943 2041756469
28944 20766f7374
28945 e4bda0e79fa5e98193
28946 207265706572
28947 5065746572
28948 20636f6e736f6c6573
28949 207363727574
28950 205475726e6572
28951 20d0b1d18bd0b2
28952 494949
28953 e8a8b4
28954 20466c69676874
28955 e0b896
28956 20526176656e
28957 20636f72726f73
28958 6665726e
28959 2070726f7661
28960 20536576
28961 207265636970726f
28962 2031393835
28963 206e75657661
28964 20646162
28965 e38081e3808c
28966 206d657a
28967 20537461726b
28968 7070696e6773
28969 d0bed181d182d0b8
28970 eca69d
28971 206672616d696e67
28972 20d0a0d0b0d0b7
28973 20706f737470
28974 205368616e6e6f6e
28975 20d0bad183d180
28976 206a616b6279
28977 69656e6e656e74
28978 204d617073
28979 20526576656c6174696f6e
28980 20d181d182d0b0d0bb
28981 ec9ab4eb8db0
28982 20646576616e74
28983 20476976696e67
28984 20574153
28985 20d0bad0bed0b3d0be
28986 2072656d61
28987 205243
28988 6ec3ad
28989 20736c6970706564
28990 2052616d73
28991 2077656574
28992 206d617363756c696e65
28993 204563
28994 2072656f70
28995 20506c616e74
28996 204d4159
28997 207370696b6573
28998 206e6f7a7a6c65
28999 2057696b697065646961
29000 20436f68
29001 49535341
29002 63686c6f7373656e
29003 eca780eba5bc
29004 20ebafb8eb
29005 204e65646572
29006 4a6f7368
29007 20d0a0d0bed181d181d0b8d0b8
29008 2031393837
29009 205468656f7279
29010 656b6b
29011 207574616e
29012 20d0b4d0bed0bcd0b0
29013 636875
29014 20d181d0b1
29015 206170726f7665
29016 56454e
29017 75657072696e74
29018 203834
29019 e6bc82e4baae
29020 436f72
29021 20726963686572
29022 2073616e64776963686573
29023 61747375
29024 d188d0b8d185
29025 206c617474
29026 7e7e7e7e
29027 667269656e6473
29028 206465726e69c3a87265
29029 2073746572656f
29030 20d18dd0bad181d0bf
29031 2070726f74656374696f6e73
29032 2068617574
29033 45766572796f6e65
29034 20656e746572707269736573
29035 204d6f73746c79
29036 2053706f74696679
29037 20536578
29038 20756e67
29039 8ceba5bc
29040 20616374697669736d
29041 6374696361
29042 6f726967696e616c
29043 20d0bfd180d0bed0b3d180d0b0d0bc
29044 2062726f63636f6c69
29045 e0a6
29046 d0bed0b3d180d0b0d184
29047 2073656b6172616e67
29048 206372616674696e67
29049 20d0b1d0b0d0bd
29050 e381bbe381a9
29051 2052617a
29052 206e61697665
29053 207363726f6c6c696e67
29054 206e756d65726963616c
29055 207363686564756c696e67
29056 2061706172746d656e7473
29057 e78d
29058 20737472657463686573
29059 61636579
29060 20484552
29061 e382ba
29062 207a696e63
29063 206461726e
29064 2063c3a96c
29065 2077617264726f6265
29066 207265646972656374
29067 206a756d
29068 20537472616e6765
29069 206ec3a06f
29070 206578706572696d656e74696e67
29071 c3a972c3a9
29072 20766f756c657a
29073 2067656265
29074 204b616e6e
29075 20c491e1bb99
29076 204d6178696d
29077 204bc3b66e
29078 20476c6173
29079 20706f6c6973686564
29080 206e756d61
29081 496368
29082 2072697475616c73
29083 205349
29084 d0b8d182d0b5d0bbd0b8
29085 20696e66696c74
29086 207363617266
29087 6f706879
29088 2079696e65
29089 206369766963
29090 204d656e67
29091 c3a46e6765
29092 d5a5
29093 686973746f697265
29094 204f6b65
29095 20ec9886
29096 20736f6c6c74656e
29097 203832
29098 e9a6ac
29099 2070726573637269626564
29100 204475626169
29101 20456c7465726e
29102 206e6174696f6e77696465
29103 20736b6174696e67
29104 69617279
29105 207265776172646564
29106 206d6f72616c697479
29107 204d6167676965
29108 204f686868
29109 2046616872656e
29110 6f6c766564
29111 e697b6e58099
29112 206465757869c3a86d65
29113 746563686e
29114 726f6c65
29115 206c6569646572
29116 204a4159
29117 20d0b8d0bdd184d0bed180d0bc
29118 206361666665
29119 7265696368656e
29120 206b617274
29121 2043757465
29122 6666656374697665
29123 2062756c6c79
29124 61676172
29125 20636f6d6d6f64697479
29126 206f62726967
29127 4f5552
29128 20756e706c656173616e74
29129 6e6f78
29130 4a756c
29131 6f6c697468
29132 d182d0bed18fd189
29133 2042656c6c61
29134 20646f6c6c73
29135 20486f6666
29136 2061647669736f7273
29137 207472616e7366657273
29138 20476f6b75
29139 2031323030
29140 696e686f73
29141 50616c
29142 20eb9891
29143 2072657074
29144 206163636f6d706c6973686d656e74
29145 207765617665
29146 206f7665727369676874
29147 20756e6865616c746879
29148 2066696c74
29149 2070756464696e67
29150 204d696775656c
29151 20636875636b6c6573
29152 e58fb0e781a3
29153 76657273696f6e
29154 20636f6e66657373696f6e
29155 76616c7565
29156 20747269756d7068
29157 2073616972
29158 20eb85b8
29159 2061727465
29160 204d6174657269616c
29161 757469
29162 206c6971756f72
29163 2042617965726e
29164 204d61696c
29165 20ed96a5
29166 d181d0bad0bed0bc
29167 206368656170657374
29168 20d187d0b0d181d182d0b8
29169 204a6f6273
29170 2043616e796f6e
29171 6861726d61
29172 616c6579
29173 616e64726f
29174 20617070656172616e636573
29175 70726f66
29176 20d0bed0b7
29177 6c6167656e
29178 202f2f
29179 20d0bbd0b8d188d18c
29180 207265636f766572696e67
29181 d0b4d0b6
29182 707379
29183 e383a2
29184 207377696674
29185 205370696e
29186 e5b888
29187 207365696e656d
29188 20646f6c7068
29189 66c3bc6872
29190 c3a274
29191 20616c74696a64
29192 204d61727479
29193 20486f6368
29194 207072656461746f7273
29195 20766f72686572
29196 20d094d0b0d0b2d0b0d0b9
29197 20667261676d656e7473
29198 20706173747279
29199 20636f6d6d656e
29200 2053616e61
29201 20eab1b4eb8db0
29202 757373656e
29203 2074656c61
29204 204e696e61
29205 6c656b
29206 206372696573
29207 20746869676873
29208 20466c6578
29209 2042757a7a
29210 e384
29211 5573
29212 207061736f
29213 206465636c696e6564
29214 204e79
29215 62616c616e6365
29216 206d617361
29217 206a6f73
29218 e381aae3828b
29219 20d0a1d0bfd0b0d181d0b8d0b1d0be
29220 61636875
29221 6c6f7564
29222 2070656e61
29223 2057616c64
29224 20656c696d696e6174696f6e
29225 20d0b2d0b5d181d18c
29226 6f72616765
29227 206d6973756e6465727374616e64696e67
29228 20656e646f727365
29229 206f67c3b36c65
29230 206772656564
29231 206b6c65696e
29232 d79cd794
29233 524559
29234 20456174696e67
29235 2073656d696e6172
29236 204269727468646179
29237 207175656c6c65
29238 204d756c7469
29239 207469726172
29240 207065726368
29241 206c61766f72
29242 204a6961
29243 206d75746174696f6e73
29244 2063696761726574746573
29245 d988d8ac
29246 20636f7573696e73
29247 2063617073756c65
29248 20686f727269666963
29249 2073747572
29250 207a65696774
29251 6e757473
29252 206d65616e7768696c65
29253 20436f6c696e
29254 20676f626965726e6f
29255 206777
29256 20756868
29257 204a4552
29258 7370656369666963
29259 20616c6c65676174696f6e73
29260 20eba98b
29261 20456c6c61
29262 6f6f6b6564
29263 20466974
29264 6166666c65
29265 20417072c3a873
29266 204475636b
29267 2063656c6c756c6172
29268 63c3b377
29269 20d187d183d0b2d181d182d0b2
29270 67656e6f6d6d656e
29271 ec8aa4ed8ab8
29272 206c61696e
29273 69736f6c
29274 20686f6c64657273
29275 20626f6f73746572
29276 205361736861
29277 d18bd0b2d0b0d0b5d182
29278 81bc
29279 2073657061726174696e67
29280 207265696e666f7263656d656e74
29281 20d0bed0b4d0bdd0bed0b9
29282 ec9786
29283 494445
29284 204f7074696f6e
29285 70686f6e
29286 20706c616973
29287 2043616d62
29288 20ed9998
29289 20756e636f6d6d6f6e
29290 223a
29291 6d69796f72756d
29292 6d6f69
29293 61636a65
29294 d0b0d0b6d183
29295 d5b6
29296 2067656d73
29297 c3bc6c6572
29298 6f6f6c73
29299 20656e7a796d6573
29300 206b69646e6170706564
29301 206b657463687570
29302 74616c6b
29303 207a616368
29304 20776173686572
29305 e38082e38082
29306 20417263686974656374
29307 76656e7565
29308 20506c616e6e696e67
29309 e98081
29310 20536176696f72
29311 20d0b3d180d183d0bfd0bf
29312 ed8abc
29313 61727961
29314 2070726f6365736f
29315 206c696d6273
29316 207265616c697a6573
29317 69616e646572
29318 4653
29319 616a69
29320 20756e697465
29321 20ec9d98eb
29322 20706f7373c3ad76656c
29323 7261697473
29324 2041677265
29325 db8cdaa9
29326 ec849ceb8f84
29327 e68e89
29328 20d0b2d0b5d0bb
29329 20d0bcd0b5d181d18f
29330 616e6f72
29331 506174
29332 206465726e696572
29333 cf83cf84ceb5
29334 20d0bad0b0d0bad0b0d18f
29335 206cc3a4737374
29336 e68eb0
29337 204d6568
29338 206e6768
29339 20616d6174657572
29340 e8ab96
29341 4665
29342 20eab681
29343 2073697475616369c3b36e
29344 20736564616e
29345 20636c65616e73696e67
29346 6c617374696e67
29347 20636f6d6d756e697374
29348 414e45
29349 206972726567756c6172
29350 20736f7574
29351 204361726e6579
29352 20616c6c656d61616c
29353 206d756368c3ad73
29354 206c6962726f
29355 d0add182d0be
29356 20d0b0d0bf
29357 20636f6e74696e756174696f6e
29358 204c6f72
29359 3f222c
29360 7175696e
29361 20636861726163746572697a6564
29362 616a6573
29363 20736967687473
29364 20d18fd0b7d18b
29365 20556868
29366 e8b7b3
29367 6269727468
29368 646f6e67
29369 206861626c616e646f
29370 2073796d70746f6d
29371 e7b582
29372 20636170616369746f72
29373 207472616e73706f72746564
29374 2069676e6f72616e74
29375 20d0bdd0b8d0bad0bed0b3d0b4d0b0
29376 2064726970
29377 20457661
29378 2061646a656374
29379 206d6173736976656c79
29380 2045746869
29381 20436972636c65
29382 207261696e66616c6c
29383 204d6f757365
29384 20726566756e64
29385 205a77
29386 617373656d62
29387 20323230
29388 204f7264
29389 e8a792
29390 207665696e73
29391 204769616e74
29392 206dc3a365
29393 20766170
29394 206d6973736573
29395 cebfcf85cf82
29396 4d6f
29397 20456e747769636b
29398 494e54
29399 d986d8aa
29400 207468656f7265746963616c6c79
29401 2074656172696e67
29402 2074726f75626c6564
29403 7072656d
29404 2072657065746974697665
29405 20e296
29406 2068656176656e6c79
29407 20416d626572
29408 20d0bfd0bed0bbd0bed0b6
29409 20ed95b4eca4
29410 20766f77656c
29411 616e6b696e67
29412 2057697274736368616674
29413 20697272
29414 20636f7a79
29415 20756e66616d696c696172
29416 20506f7273
29417 20eba79eec9584
29418 2054696d6f746879
29419 d181d0bed0bbd18ed182
29420 706578
29421 20564953
29422 2928
29423 2073757065727374
29424 20696d70726f76
29425 2042656e67
29426 20646973636f6e6e6563746564
29427 20617074
29428 d180d0b5d0bd
29429 204578747261
29430 20d0b1d0b5d0bb
29431 73686f70
29432 64696e6773
29433 20436f6e6e65637469637574
29434 ecb0ac
29435 204743
29436 e58f96
29437 626568
29438 4a6572656d79
29439 2042617474
29440 e381b8
29441 61746861
29442 205a7573616d6d656e
29443 73637265616d73
29444 2067726173
29445 61666674
29446 20496e697469616c6c79
29447 204272657474
29448 2073706563696669636174696f6e73
29449 2073656177656564
29450 206f617468
29451 20666f756e7461696e
29452 20d0bad0bed182d0bed180d0bed0b9
29453 20537465696e
29454 e881b2
29455 20436f72696e7468
29456 20636f6e6a7567
29457 e5b7a6e58fb3
29458 20636f6d70656e73617465
29459 20eb8a90eb828cec9db4
29460 206f6e7a65
29461 20736b696e63617265
29462 427269616e
29463 20736572766972
29464 7d7d
29465 2056696b
29466 20756e696e74
29467 20737570706c69657273
29468 2062616c636f6e79
29469 20656e6572676961
29470 6f6d6574726963
29471 d0b7d18f
29472 2073696768
29473 20544f4d
29474 2050757265
29475 797474
29476 d18bd181
29477 205261696e626f77
29478 205069747473
29479 d799d79e
29480 2073746174756573
29481 6865616473
29482 20636f75706c6564
29483 e98ca2
29484 2068657264
29485 e4bd93
29486 206578636c75646564
29487 2067696c74
29488 20d18e
29489 2073776f6a65
29490 2053766572
29491 3633
29492 697373616e74
29493 2064c3bc7266656e
29494 a088eb
29495 206b697373696e67
29496 6f6f66
29497 e4bba5e4b88a
29498 20637572736564
29499 2073686f77657273
29500 207377696e67696e67
29501 20726570726f64756365
29502 e381a8e38184e38186e38193e381a8
29503 2073c3a47474
29504 656c636f6d65
29505 2066756e64616d656e74616c73
29506 20616c6d6f6e64
29507 2070c3a9
29508 2077656c6c6265696e67
29509 2068756e74657273
29510 e5be80
29511 536563
29512 939ceba6b4
29513 20656d697373696f6e
29514 2070737963686f6c6f67697374
29515 206265747261796564
29516 205265796e6f6c6473
29517 4c4553
29518 20706f6c6c696e67
29519 206e656761746976656c79
29520 20636f6d62696e6573
29521 d79cd790
29522 d0b0d180d0b0
29523 cebbcebbceac
29524 205475726e73
29525 4f5454
29526 20d794d799
29527 6169736f6e
29528 206169726c696e65
29529 207265737472696374696f6e
29530 77616c
29531 20617572616974
29532 204c6562616e6f6e
29533 204d4f52
29534 206d6f6e6b657973
29535 c3a96e6572
29536 d196d197
29537 206d6f7468657266
29538 20d987d8b0d987
29539 20666575
29540 c3bc6872656e
29541 2068796769656e65
29542 656e7465656e
29543 446573
29544 20646973736970
29545 457374
29546 207361696e7473
29547 20706f7461737369756d
29548 207265636b6f6e
29549 436c696e747573
29550 206d616e69666573746174696f6e
29551 20417070726f
29552 20496e7370656374
29553 2076656e74696c6174696f6e
29554 2068656c6d
29555 206b617261
29556 e0b8b2e0b899
29557 206661766f7261626c65
29558 20ec958aec9598
29559 2048697370616e6963
29560 e0b89c
29561 20d794d79b
29562 2076616c6964617465
29563 205265736964656e74
29564 20636f6d656e7a
29565 626569746572
29566 65726572
29567 e4b880e8b5b7
29568 206461646f
29569 61746368696e67
29570 6d6574726f73
29571 2048696e
29572 2044756d
29573 2068617ac4b172
29574 204e6174616c6965
29575 20656e6372797074696f6e
29576 d0bed187d0bad0b0
29577 6d6d61
29578 686f75736573
29579 20616e616c79746963616c
29580 2044616e67
29581 6669727374
29582 e6ad8c
29583 e7ba8c
29584 20456e63
29585 63616e646f
29586 206c75647a69
29587 77617274
29588 20737461746973746963
29589 20ec82b0
29590 20636f6d6d656e74696e67
29591 20636f6f7264696e61746564
29592 204879706572
29593 e59a
29594 2042657274
29595 e79cbe
29596 20486970
29597 6b656d
29598 c3bc6ec3bc
29599 207a616c
29600 20ed9598eb8a94eb8db0
29601 20526f626f74
29602 e996b1
29603 7261776e
29604 20726865746f726963
29605 756c6c6168
29606 2044696574
29607 2074616b696368
29608 20706f73736573736564
29609 939ceb8a94
29610 2077616b6573
29611 20526166
29612 4d617274
29613 20656363
29614 20464d
29615 206469666963
29616 20416c6c657a
29617 206375726564
29618 e5ada6
29619 2051756164
29620 2062656c65
29621 206a6f75726e616c73
29622 20746164
29623 20736f6369616c6573
29624 e68782
29625 207768617473
29626 2042617373
29627 206a657374656d
29628 205361646c79
29629 20536f75726365
29630 20c3bcc3a7
29631 616c74756e67
29632 69657274656e
29633 206a756c6c6965
29634 696661
29635 20d09ad0bed180
29636 20446f6f72
29637 20d09dd0b0d0b4
29638 20d0b7d0b4d0bed180d0bed0b2
29639 2072756d6f72
29640 2070696573
29641 20d0bfd0b5d180d0b5
29642 20d0bed182d0b2
29643 d0b5d0bdd0bdd18bd0b5
29644 486f7374
29645 20536f70686965
29646 616e74656e
29647 416e79
29648 2041756667
29649 e7a88b
29650 20484452
29651 20526f636b6574
29652 726573736f
29653 207665726465
29654 207072c3a9736964656e74
29655 20696e646f6f7273
29656 2073746167676572
29657 20737461746f
29658 204469616c
29659 2062757a7a696e67
29660 656d6572
29661 20d092d181d191
29662 20d0b4d0b5d180d0b5d0b2
29663 20706f7576
29664 20737472616e6473
29665 20eab283ec9db4
29666 205061726c
29667 d0bed0bad0bed0b9
29668 20736970
29669 20282a
29670 c3a46e6774
29671 206465626572
29672 2041696e
29673 2064726173746963616c6c79
29674 20536c6f776c79
29675 2042726967
29676 20546f726168
29677 2061636865
29678 203f3f3f
29679 20446f62
29680 6b616e6e74
29681 4d617279
29682 207374616d
29683 2044656d6f6e
29684 706c61
29685 20467265756e64
29686 2042656e6e
29687 206869676873
29688 20daa9d8b1
29689 2050726570617265
29690 2070726f7879
29691 2063616d706f
29692 20417567656e
29693 a3a8eb
29694 2043686c6f65
29695 6963756c61726c79
29696 796f756e67
29697 20e3818c
29698 a994eb
29699 2073637261746368696e67
29700 20676c6163
29701 2067656d65696e73616d
29702 616e616c
29703 6163616b73c4b16e
29704 20466f72756d
29705 656e6e69616c
29706 205265736f7572636573
29707 e381a8e6809de38184e381bee38199
29708 206d65697374656e
29709 2046656c6c
29710 20756e616e696d
29711 205442
29712 2053656c627374
29713 e686
29714 20696e74696d69646174696e67
29715 20476566c3bc686c
29716 20ecbd94eba19c
29717 e68b89
29718 69646f72
29719 6963696f6e6573
29720 61727361
29721 5d2e2e
29722 617a6f
29723 206b656e6469
29724 2054616765
29725 7465726d696e
29726 2050726f7a656e74
29727 4d61796265
29728 6cc3a9
29729 20717565737469
29730 206d656d6573
29731 20636f727265
29732 20564950
29733 2047616c6c657279
29734 20757267656e6379
29735 206e6f636865
29736 206b696e646c79
29737 204d65726564697468
29738 2076e1baad79
29739 20d8a7d984d8a8
29740 2045737461646f
29741 e587bae4be86
29742 7a7567
29743 6f717565
29744 206f626573697479
29745 4f6666
29746 204575726f7065616e73
29747 c3b664
29748 ecb9b4eb
29749 20686f6f70
29750 20656e6a6f7973
29751 2043686970
29752 70617469656e74
29753 206d6963726f73636f7065
29754 206c65676974696d
29755 20d18fd0b2d0bbd18fd0b5d182d181d18f
29756 cf83ceb9
29757 617267656e74
29758 207368616d
29759 206c6963656e73696e67
29760 6f6c6961
29761 536f727279
29762 72616d61
29763 20616363656c657261746564
29764 2077796d
29765 20666169726e657373
29766 2052656164696e67
29767 20736c61636b
29768 20446f6b
29769 7a69c4996b756ac499
29770 2072756262696e67
29771 d0b0d182d183
29772 20616c6c6f6361746564
29773 6a756e67
29774 207061696e73
29775 2077696e64696e67
29776 2067656c69796f72
29777 204355
29778 6d6f74
29779 636f636b
29780 20506f736974696f6e
29781 62726f73
29782 206c69766573747265616d
29783 20427261696e
29784 ecb0a9
29785 2070727a656b
29786 204569
29787 20436f636f
29788 d0b1d0b0
29789 2073686f76656c
29790 e3838fe3838f
29791 6561
29792 2063686f636f6c
29793 20726562656c6c696f6e
29794 2073686f7763
29795 2048616c6f
29796 206469766964656e64
29797 6d697373696f6e
29798 207573616e646f
29799 205b22
29800 2066616c6569
29801 e69bb8
29802 426c61636b
29803 20537572656c79
29804 20c5bb
29805 207068696c6f736f70686572
29806 e4bda0e4bbac
29807 206f7665726865
29808 20426f726e
29809 206f626a657469766f
29810 20313238
29811 736368656964
29812 204e617a6973
29813 20736f6c636865
29814 6c696674
29815 63656465
29816 61646f7273
29817 206d617273686d
29818 204c4f5244
29819 94ec9db4ed81ac
29820 206f776e696e67
29821 436f6e74
29822 206c616e64736361706573
29823 206c656e64696e67
29824 20417574686f72697479
29825 d0bed0b2d0bed0b9
29826 6f7175
29827 20536573
29828 2046657272617269
29829 20726573706f6e736162696c
29830 2076c3a172696f73
29831 2064656c6963
29832 20656d6261726b
29833 20656d62726f69646572
29834 206672616d65776f726b73
29835 2073696d6d6572
29836 206e6163696f6e616c
29837 2072656d61696e646572
29838 205669656c6c6569636874
29839 2071756965726573
29840 ec9794
29841 20746573746f73746572
29842 6968656e
29843 204f7a
29844 c3a86c65
29845 20706f72747261796564
29846 cebaceb5
29847 20506f6c6974696b
29848 206170657274757265
29849 20626c616e64
29850 696e64757374
29851 20d0bed0b1d180d0b0d182
29852 2054686f7573
29853 426179
29854 2064616e646f
29855 2073686572
29856 2061646d697373696f6e73
29857 2043726577
29858 20d196d0bd
29859 53494e47494e47
29860 206f756e6365
29861 206979
29862 20626173696c
29863 206f76657274696d65
29864 20746872656174656e
29865 20706172746e65726564
29866 2043616e6e
29867 6176616e61
29868 20d0b7d0bdd0b0d0b5d182d0b5
29869 e98099e4ba9b
29870 20d0bed182d181
29871 205475646f
29872 ecbd94
29873 20eb8680eb
29874 66656c
29875 207265617272
29876 20696e77617264
29877 20526f67657273
29878 e0b983e0b8ab
29879 20747765616b
29880 206472796572
29881 63657373696f6e
29882 207269676f726f7573
29883 2044616172
29884 6f6d696373
29885 2066617473
29886 766164
29887 207a6970706572
29888 61636365707461626c65
29889 2064656d6f6e7374726174696e67
29890 2059756d
29891 2062656175
29892 20726f73746572
29893 20707265646f6d696e616e746c79
29894 d0b5d180d183
29895 6e696e676172
29896 20747269616e676c6573
29897 2074657874696e67
29898 2062657272696573
29899 20ec82aceca784
29900 e99499
29901 6164646572
29902 20666169746573
29903 20496d616765
29904 6c657265
29905 20626f756e6473
29906 204c617572
29907 20ec9584ebacb4eb
29908 206d696f
29909 20757361
29910 20d8b0
29911 20746f656e
29912 204a616e67
29913 c5be65
29914 63686f64
29915 616e616e
29916 20d0bed0b1d180d0b0d0b7d0bed0bc
29917 207065727365766572
29918 20537765
29919 206175676d656e74
29920 e4b883
29921 7567676c696e67
29922 69c3a872656d656e74
29923 6973746c6573
29924 61636ac499
29925 3931
29926 206d6168
29927 204b4952
29928 446965
29929 20646f776e68696c6c
29930 2031393638
29931 d0bed180d0bed188d0be
29932 e5b9b9
29933 6f6772617068696373
29934 2074c3a47373c3a4
29935 eab2a0eca3a0
29936 20d0bbd0b8d187
29937 415544494f
29938 20d0bfd0bbd0bed185
29939 2070726f706f73696e67
29940 e9a0bb
29941 2074656d70746564
29942 20636f6e76657274696e67
29943 204c656872
29944 20706572736f6e65
29945 204665656c696e67
29946 ec96b4eca3bc
29947 6f6d62726573
29948 20d79cd799
29949 2067757275
29950 2064656d656e74
29951 d0bdd0b8d0b7
29952 d0b8d182d0b5d0bbd0b5d0b9
29953 20636f6d7061c3b1
29954 e69caa
29955 e5b88ce69c9b
29956 207265646f
29957 20636f6e647563746f72
29958 6d6961
29959 2069646f6c73
29960 204d756c
29961 20696e6578
29962 2074c3a46dc3a4
29963 20696d70616374696e67
29964 206461796c69676874
29965 67696c
29966 2068656c66656e
29967 20656e74737072656368
29968 207769c4996b73
29969 2073637269707475726573
29970 206469736d6973736564
29971 e383b3e38388
29972 20506f6463617374
29973 d985d8b1
29974 20616e6e75616c6c79
29975 20757361626c65
29976 206c69627265
29977 d0bed0b7d0bc
29978 2072756262697368
29979 e79a84e4baba
29980 20636f6e74696e756172
29981 2068756d696c69
29982 207370656563686573
29983 d180d0b0d187
29984 62617264
29985 3731
29986 3e3c
29987 6f6c6f67c3ad61
29988 7765616c7468
29989 206d65646974617465
29990 93a4ec9d98
29991 204372616674
29992 e8a789e5be97
29993 e699ae
29994 726976
29995 20416761696e7374
29996 20636572616d6963
29997 657370c3a87265
29998 20636f6d706574656e74
29999 20486f706b696e73
30000 206b696c6f73
30001 2067726176656c
30002 20706973746f6e
30003 20667269656e647368697073
30004 206573637265
30005 20766f7a
30006 20476573656c6c736368616674
30007 20756e7465727374c3bc74
30008 206d756a
30009 207761726e696e6773
30010 706f73
30011 2050726f66657373696f6e616c
30012 77737a79
30013 6f646c65
30014 62616e6473
30015 207465616d776f726b
30016 7374656c6c756e67
30017 206478
30018 e58d8a
30019 206174746f726e657973
30020 2077656974657265
30021 e3858be3858be3858b
30022 204f726967696e616c
30023 d799d797
30024 2062726f616463617374696e67
30025 20d0bfd0b5d180d0b2d18bd0b9
30026 75636869
30027 206865757265
30028 206772616273
30029 20574f52
30030 20506c616964
30031 4d696e
30032 2070617a
30033 2050756973
30034 756d75
30035 697461746573
30036 20636f617473
30037 206275656e
30038 2068656972
30039 20706e65756d
30040 d7a9d7a8
30041 656e736572
30042 204a55444745
30043 20626c6f6e6465
30044 e1b99b
30045 2067616b
30046 2073c4b16b
30047 2071756f746564
30048 2065717569706f
30049 2077697368696e67
30050 c3ad636961
30051 207665726273
30052 e7b584
30053 2043616e616469616e73
30054 20676f7665726e696e67
30055 204576616e73
30056 4575726f
30057 2067656e726573
30058 20756e746572736368696564
30059 204265636b79
30060 b3bceab28cec9a94
30061 2065696e6765
30062 205261697365
30063 6f6c616e64
30064 2053747261746567
30065 2065726573
30066 205665746572616e73
30067 20627265616b6f7574
30068 2073616e74c3a9
30069 206164656c
30070 20696e76657374696761746564
30071 2070657572
30072 206167696c65
30073 207261696c726f6164
30074 616e736b61
30075 20d0b5d0b9
30076 206578706f73
30077 61746f72696573
30078 20436f6e74656e74
30079 20747275746873
30080 20547261696c
30081 20677561
30082 20706f726573
30083 2077726974696e6773
30084 20556872
30085 205468617473
30086 206963696e67
30087 4f43
30088 2050726f64756374696f6e
30089 206361726e65
30090 495353
30091 206e696e6775c3a96d
30092 6e6f6e
30093 20766963696f7573
30094 d795d794
30095 207265636f6e6e656374
30096 2063656e74726573
30097 204b656d
30098 20637265617365
30099 20ec9db4ebafb8
30100 d0b0d0b9d182d0b5d181d18c
30101 20d0b1d0bed180
30102 20486179c4b172
30103 20d181d183d0b4
30104 20c3ba6e696361
30105 6f7761c582
30106 206164686572
30107 687561
30108 5a5a
30109 207072656369736f
30110 2063757272656e7473
30111 20736561736f6e6564
30112 20496f54
30113 20426973686f70
30114 e8a888
30115 73746564
30116 204265726e617264
30117 eca498
30118 e6b2bb
30119 20476c656e6e
30120 206b74c3b372796d
30121 e0b8b7e0b988
30122 20617374726f6c6f67
30123 204b6f74
30124 e5a49c
30125 20706172666f6973
30126 20666f727761726473
30127 205769c499
30128 20ce98
30129 206e616e6f
30130 e8bb8d
30131 737562
30132 204272696c6c
30133 2067726974
30134 206369746564
30135 6761646f
30136 206d656c7473
30137 20666f7263c3a9
30138 e29688e29688
30139 2062616a6f
30140 2064697363726574696f6e
30141 b0b0
30142 61746976697479
30143 207369747561746564
30144 e383abe382af
30145 d189d0b5d0b5
30146 e59cb0e696b9
30147 20d0bfd180d0b8d0bdd186d0b8d0bf
30148 616d617a
30149 20617175617269756d
30150 20646973736f6c7665
30151 20476f6473
30152 5375706572
30153 20616d6964
30154 7a6b
30155 20e38184
30156 e9a090
30157 616d7066
30158 2068656c61
30159 2721
30160 20646576656c6f706d656e74616c
30161 2044697365
30162 20d180d0b0d0b1d0bed182d0b0d0b5d182
30163 20736e617073686f74
30164 e5a5bde5a5bd
30165 d5b8
30166 20597565
30167 2048756c6b
30168 20446f6f6d
30169 2046656c6978
30170 2072c3a966
30171 4d616c65
30172 e7b78a
30173 7068616e7473
30174 454e53
30175 204d656368616e
30176 20476f6c66
30177 e5868de8a68b
30178 2067656e65726f73697479
30179 c3a4747a65
30180 20756e6c6f636b6564
30181 20e38292
30182 ed8381
30183 6f63616c79707365
30184 416c7269676874
30185 20eab09ceb
30186 20d790d791d79c
30187 204b656570696e67
30188 20636f6c6c61626f726174696e67
30189 6368696566
30190 204665726e616e646f
30191 206368656673
30192 20ed94bcebb680
30193 20736b6970706564
30194 20706572736f6e6e
30195 20617865
30196 6368657a
30197 2065787472616374696f6e
30198 204156
30199 204769626273
30200 20ed9c
30201 2073c4b1
30202 49414d
30203 56696577
30204 204752414e54
30205 20ebaab8
30206 20766572696669636174696f6e
30207 206465706963746564
30208 204d6f7a
30209 6f7578
30210 2074756c
30211 207363616e6e6572
30212 20636f6d656469616e
30213 20566f6c6b73
30214 204a454646
30215 e8a882e996b1
30216 a784
30217 206469737472616374696f6e
30218 72c3a1
30219 20494e544552
30220 2073696e636572
30221 20d79ed7aa
30222 20d7a9d7a0
30223 20636f6e737472756374697665
30224 617266
30225 20eb8884eb
30226 2065636f
30227 72616d6f73
30228 2072656e65776564
30229 696e656d656e74
30230 205562
30231 20506570706572
30232 eca780eab080
30233 2044617277696e
30234 206d65726368616e64
30235 2076c3a172696173
30236 c3a86365
30237 4e47
30238 20ec9c84ed95b4ec849c
30239 20d0b0d0bad182d0b8d0b2
30240 20556e74657273
30241 d8b9d984
30242 20696e74726963
30243 6f6d6d61
30244 696576696e67
30245 204361726f6c696e65
30246 e59381
30247 2050524553
30248 20706572666f726d6572
30249 206175746f7572
30250 e381bee3819be38293
30251 2075747465726c79
30252 2073796e746865736973
30253 206c65736269616e
30254 207265747269657665
30255 206d616e65697261
30256 20696d70616972
30257 206d656e746f72696e67
30258 20536f756c73
30259 20476f50726f
30260 d180d0b0d182d18c
30261 20636f7365
30262 20535344
30263 495245
30264 20757066726f6e74
30265 2041756e
30266 2067616d6572
30267 206c697474
30268 2061676772657373696f6e
30269 204c696b6577697365
30270 204265747479
30271 2044617274
30272 20444c43
30273 6973686d656e74
30274 ec9ea5ec9d84
30275 20e5afb9
30276 e7bb8f
30277 637265616d
30278 20426162796c6f6e
30279 206e7567
30280 62726172
30281 2061796ec4b1
30282 616d696c79
30283 62696b65
30284 61686168616861
30285 6c6f7964
30286 206d697261
30287 207065726d65
30288 2047616d696e67
30289 206669726d77617265
30290 4d61
30291 206173736973746564
30292 6174696373
30293 20ec959eec9cbceba19c
30294 204d656e74616c
30295 6e69656a73
30296 20497a
30297 6f77c485
30298 20746f7567686572
30299 2064656564
30300 e88ba6
30301 207374796c697368
30302 20546f6f6c73
30303 2048616d70
30304 2073756e73637265656e
30305 206172746963756c617465
30306 697965
30307 d0b8d184
30308 20537072656164
30309 2048415645
30310 20737769726c
30311 2073706f6e736f72696e67
30312 e4bb8b
30313 696f76617363756c6172
30314 6d657369
30315 2072656c61786174696f6e
30316 20d181d0b2d0bed0b8d185
30317 206d617267696e73
30318 207361c49f
30319 205072696465
30320 20cf84cebfcf85cf82
30321 d0b8d186d0b8
30322 656e6369
30323 446f6573
30324 20636f72707365
30325 20656e647572616e6365
30326 20ed9e98
30327 ecb9b4
30328 2068616972637574
30329 20696e746572727570746564
30330 2077696e6479
30331 2043616c6562
30332 cf81cf87
30333 20506f757271756f69
30334 20686f6c6973746963
30335 75636c656172
30336 2057686f6c65
30337 e5a3ab
30338 416374
30339 2067616c6c6f6e
30340 63616465
30341 20526567696f6e616c
30342 726f616473
30343 205363686e65
30344 c3a16e67
30345 20d0b8d0b7d0bcd0b5d0bd
30346 e38288e381ad
30347 206d656e7573
30348 2073706c697474696e67
30349 20707269636564
30350 20ce93
30351 20757365726e616d65
30352 20d09ed187
30353 20636f6d70726573736564
30354 79696e
30355 20677561726469616e
30356 20676f6f66
30357 20636865636b6c697374
30358 20696e7465726368616e6765
30359 2065787065646974696f6e
30360 2065787465726e
30361 20696e667261726564
30362 656e676f
30363 2064656e79696e67
30364 207061636b657473
30365 6f6e656e74
30366 4242
30367 20496e637265
30368 2073696e69
30369 c39f6572
30370 c3a867
30371 6d61616c
30372 67656e65726174696f6e
30373 206d696e6f726974696573
30374 206c6c65766172
30375 206e6f6d696e6174696f6e
30376 20636f6e736964
30377 20d79cd7a2
30378 6d75c59f
30379 20457363
30380 206e756d657261746f72
30381 206b61696b
30382 206b74c3b372796368
30383 696573656e
30384 2076c3aa
30385 20555353
30386 2050726976617465
30387 20d0bed0b4d0bdd0be
30388 20616cc3a96d
30389 c3ad74756c6f
30390 206c696d62
30391 20666f72676976656e
30392 20646973636c6f73757265
30393 cf84ceaf
30394 206e696e67c3ba6e
30395 207468657261706575746963
30396 206e65676f74696174696e67
30397 204e696b65
30398 656e736566756c
30399 20696e636170
30400 20666c616773686970
30401 746f776e
30402 e288
30403 20cf80cebfcebb
30404 20776f6c766573
30405 2076696f6c6174696f6e73
30406 2041726e6f6c64
30407 20696e74657276656e65
30408 20686561746572
30409 207265637572736f73
30410 206d616964
30411 eab2bc
30412 20d0b4d0b0d0b2d0b0d0b9d182d0b5
30413 2043656c656272
30414 2063617065
30415 20537479
30416 61696e656e
30417 73697465
30418 62696a
30419 20d0bfd0bed0bbd18cd0b7
30420 206672616d6564
30421 207075626c697368657273
30422 20d187d183d182d18c
30423 2074656d70746174696f6e
30424 2063657274657a61
30425 206578656d7074
30426 ec8ab9
30427 73656c6c696e67
30428 205461736b
30429 686f6f6e
30430 20436f63
30431 205061726b73
30432 2072657065746974696f6e
30433 20d182d183d0b4d0b0
30434 20656e736c
30435 206465c49f69c59f
30436 204f726c616e646f
30437 204d61696e74656e
30438 e6ada2
30439 6f63756d656e74
30440 204843
30441 2073636f6f746572
30442 20d0bdd0b0d0bfd0b8d181
30443 2074696768746572
30444 207465617365
30445 2072656d6f766573
30446 206b696a6b656e
30447 20d181d183d189d0b5d181d182d0b2
30448 207468c3a9
30449 20d0b2d18bd0b3d0bbd18fd0b4
30450 2072656c69657665
30451 206d6974c3a4
30452 2073746174696f6e617279
30453 c3b66666
30454 7061626c65
30455 206172746572
30456 2064c3a966
30457 726174697665
30458 20636f6e656374
30459 20736164646c65
30460 204469616e65
30461 20636f6d6d656d6f72
30462 66656e64696d
30463 53c3ad
30464 20ed81b4eb
30465 206d616e6765
30466 61747465
30467 206172726f67616e74
30468 20726f626f746963
30469 206769c3a0
30470 e698afe79a84
30471 206e65696768626f7572686f6f64
30472 6973736f6e
30473 20d0b4d0b2d0b8d0b6
30474 205249
30475 204e6f726d616e
30476 6272616e64
30477 616d6174696f6e
30478 2072617a6f72
30479 206d757264657273
30480 20d182d183
30481 2077737a7973746b696d
30482 207574696c6974696573
30483 206d6963726f73636f70
30484 eabf
30485 206461717569
30486 6f6c6c6172
30487 20d094d0b0d0b2d0b0d0b9d182d0b5
30488 20616e6ec3a965
30489 206b696c6f6d6574726573
30490 20686f6d6f73657875616c
30491 2061726368697465637473
30492 e381a1e381af
30493 206e697965
30494 4c4552
30495 206d6963726f70686f6e6573
30496 205374756e64656e
30497 20636f6e7365637574697665
30498 69656e6461
30499 76c3a46e64
30500 444552
30501 206c69667473
30502 204d656174
30503 20736176657a
30504 ed9688eb8d98
30505 4d656e
30506 206469736d616e74
30507 eab1b0eba5bc
30508 20696e73756c6174696f6e
30509 207363616c6c
30510 2073706f6f6b79
30511 2070617263
30512 2062616c6c6574
30513 205768617473417070
30514 206672616e63
30515 2064656c69626572617465
30516 20ed858c
30517 206d617273
30518 205a7572
30519 5072
30520 6469736369706c696e617279
30521 206f6273657373696f6e
30522 d0bcd0b5
30523 206d61726368696e67
30524 20456d657267656e6379
30525 6967756f7573
30526 20737a79
30527 204c616e6473
30528 20626f617264696e67
30529 20d0bfd0bed187d182d0b8
30530 20656e7679
30531 20636f6d70617373696f6e617465
30532 206d65726369
30533 20646573697261626c65
30534 64616c65
30535 2063616ec4b16d
30536 20416e746172
30537 74656d7073
30538 20636f6e66696775726564
30539 20436f6d7061726564
30540 6e6568
30541 69636174696e67
30542 206e69636b656c
30543 d988d982
30544 d983d988d986
30545 6f706573
30546 20666f726d756c6173
30547 20d095d181d182d18c
30548 20706f626c
30549 20504a
30550 204c7564
30551 e4bb8ae59b9e
30552 2042726964
30553 20486f67
30554 2042726973
30555 4a656e
30556 2073686164696e67
30557 20596173
30558 20646973747572626564
30559 207265636f6d6d656e64696e67
30560 2063c3a9
30561 20484f57
30562 ec9788ec96b4
30563 207265766572736564
30564 20496e746572657374696e676c79
30565 696f786964
30566 e585ad
30567 20ec98a4ecbc80ec9db4
30568 e1babf75
30569 7878
30570 206f75616973
30571 20596f75547562657273
30572 20526f7361
30573 204861757074
30574 6a616469
30575 20766c6f6773
30576 2063756c74757261
30577 204c656164657273686970
30578 20486570
30579 20696c6c756d
30580 b4eb8f99
30581 20637573746f6d697a6564
30582 206d61726361
30583 2071756174726f
30584 20d0bdd0b0d0b3
30585 20537061636558
30586 20456967656e
30587 617374696e67
30588 206f6c6475c49f75
30589 20666f727473
30590 e38189
30591 72696d656e74
30592 69656e636961
30593 2074656e6972
30594 726f6666656e
30595 2031393739
30596 20636965
30597 20eb9098eab3a0
30598 206573637269
30599 cf8ccf82
30600 ed8fac
30601 757a7a79
30602 436f6e67
30603 ec9db8ec9db4
30604 4772656174
30605 73696c
30606 c3a96368
30607 e381a8e3818b
30608 206d756c746963
30609 204469736b
30610 b295
30611 2066617a6c61
30612 206c6576616e74
30613 206162616a6f
30614 75727279
30615 73747275
30616 20eba8b9eb8a94
30617 206163636573736f7279
30618 20d0b4d0b2d0b8d0b3
30619 20526964
30620 32303139
30621 20646f776e73747265616d
30622 e695b8
30623 206b617a
30624 7574616e
30625 2063686172636f616c
30626 206166656374
30627 7775
30628 20636f6e7465787473
30629 20666561726564
30630 20ec84a4
30631 20686973746f72696573
30632 20666173
30633 656e7369626c65
30634 20636f636f61
30635 696c6c6172
30636 67656f6e73
30637 2073706972697475616c697479
30638 20506577
30639 20706861726d616379
30640 2070617373696f6e73
30641 20626f73
30642 20616c6cc3a1
30643 207468726976696e67
30644 205265616374
30645 206f6363757079
30646 207769746864726177616c
30647 20616c6c6f77616e6365
30648 204672616b74696f6e
30649 2062756464696573
30650 2069646c65
30651 20646973736f6c766564
30652 2070726576616c656e74
30653 206d696c69746172
30654 2073656e73696e67
30655 20706f6a6177
30656 20616e636f7261
30657 206162756e64616e74
30658 20686169727374
30659 e38182e3828c
30660 2074776565
30661 206ec3a46368737465
30662 204dc3b6676c6963686b656974
30663 20686f6f
30664 756666696369656e74
30665 2066616e74617374
30666 20656469626c65
30667 20eb96a8ec96b4ec
30668 ec9b83
30669 207665696e
30670 75636369
30671 206465766f74696f6e
30672 20636f6e6365616c6572
30673 696e636f6d65
30674 2072656379636c6564
30675 20ec8aa4ed8380
30676 20706f6e746f73
30677 20646573737573
30678 2076c3a9726974
30679 207265666c656374696f6e73
30680 204141
30681 2074616b6561776179
30682 62617265
30683 20436f6e74616374
30684 65696c
30685 2048656172
30686 206d69726163
30687 20476572696c696d
30688 20d181d0b0d0bcd18bd0b9
30689 207669766f
30690 206b696c6f6772616d73
30691 204372696d
30692 c3bb74
30693 3738
30694 2073696e636572656c79
30695 72617a
30696 20ebb3b5
30697 206172726976
30698 20636f6e63657074696f6e
30699 205065727369616e
30700 20736ac3a46c
30701 207374617272696e67
30702 20ec9584ebacb4
30703 20466f7265766572
30704 d0b5d181d182d18c
30705 207665696c
30706 20737562746974
30707 6f646b61
30708 20d0bed182d0bdd0bed188
30709 20636f6f6b73
30710 d0b5d0bdd18f
30711 4b6179
30712 206e69c3b16f73
30713 2050686f6e65
30714 20737469746368696e67
30715 2066696e6765727072696e74
30716 e9a298
30717 cebbceac
30718 206465646963617465
30719 204c6f62
30720 20626c61636b73
30721 20426c65
30722 626f7574
30723 20c491616e67
30724 20656b73
30725 20737175617368
30726 204bc3bc
30727 6f6469
30728 206ec6b0e1bb9b63
30729 20766f79616765
30730 20706c617966756c
30731 20d8a5d984d989
30732 616e6963
30733 20636f6e64656d6e
30734 2042c3b6796c65
30735 20506f6c697a65
30736 e382bfe383bc
30737 206179756461
30738 2070616d
30739 e0b984e0b89b
30740 204b61746879
30741 d0b5d0b4d0b8d0bd
30742 d0bdd0bed0b2d0b0
30743 2062726967
30744 65676572
30745 206561676c65
30746 20766973696f6e73
30747 20ed95adec8381
30748 20736869747479
30749 20686f7474
30750 204272697474
30751 75746f7273
30752 454e5445
30753 e69bb2
30754 2070686f6e
30755 2042696e67
30756 20d0bfd0bed0b4d0b4d0b5d180d0b6
30757 737072696e67
30758 e696af
30759 657474656e
30760 2070696c6772
30761 20656469796f72
30762 d0b5d0bdd182d18b
30763 616767696f
30764 206a756c
30765 20636f6d7072656e64
30766 7465696c
30767 20d8b2
30768 20706572666f726d657273
30769 20696e66616d6f7573
30770 204d4b
30771 e7aa
30772 e6b381
30773 6f746c65
30774 656666
30775 2048617368
30776 20636f77617264
30777 20425241
30778 204444
30779 20636f6d696461
30780 20706c617461
30781 20666c6170
30782 204d656872
30783 7269627574696f6e
30784 2059656d656e
30785 206d7973746572696573
30786 20c4b07969
30787 207374656c6c
30788 206579656c696e6572
30789 2064656c6573
30790 206e61696c6564
30791 20696c6c6e6573736573
30792 20737461636b73
30793 2074726162616a6172
30794 666c6f776572
30795 636975
30796 206372756465
30797 207375627374616e7469616c6c79
30798 20686f6d656d
30799 206e6570686577
30800 207374616d7073
30801 206361726273
30802 d18cd182d0b5
30803 6d6f6f7468
30804 2074756e6e656c73
30805 61636965
30806 e6b3a2
30807 205365c3b1
30808 2048657261
30809 20ec9584eb8b88ec9790ec9a94
30810 2057796f6d696e67
30811 2048444d49
30812 204c6973
30813 756369c3b36e
30814 207374656572
30815 d0bed18e
30816 d0b8d182d0b0
30817 4e54
30818 20ec96bceab5b4
30819 2070616c6d73
30820 206e656f6e
30821 d0bed0b2d0b0d0bdd0b8d18f
30822 2066696c746572696e67
30823 206a6f756572
30824 2048c3b6
30825 20d0bdd0b5d181
30826 eab2a0ec96b4ec9a94
30827 203831
30828 2073746f72796c696e65
30829 2070727a6570
30830 207468616e6b696e67
30831 20426f65696e67
30832 20736f66746c79
30833 6a656d
30834 d0b0d0bbd18cd0bdd18bd185
30835 20666c6173686c69676874
30836 20d0bfd183
30837 20574f4d414e
30838 e1baaf63
30839 c3ad6368
30840 206c75787572696f7573
30841 2077c3bc6e
30842 20696d7061637466756c
30843 20636f6e736f6e
30844 726575
30845 697272696e67
30846 6966746572
30847 20636f6e7374697475656e7473
30848 e890bd
30849 203934
30850 20546f75
30851 676f6d
30852 20ec839deab081ec9d84
30853 2073746572656f7479706573
30854 206d6fc5bc6c69
30855 e58886e4baab
30856 82a8
30857 2070656e63696c73
30858 20d181d0bbd0bed0b6
30859 20696872656d
30860 204265736368
30861 204b6f68
30862 20456e74736368656964
30863 206c656b
30864 2066c3b67273
30865 20746f74616c6d656e7465
30866 206c6976656c79
30867 20656e74726f7079
30868 206469736365726e
30869 20d097d0bdd0b0
30870 20646f76
30871 206d7974686f6c6f6779
30872 e8a898e5be97
30873 6170616e657365
30874 20617070726f78696d617465
30875 d0b0d182d0b8d0b2
30876 69666961626c65
30877 2053656f
30878 e58092
30879 b4ec8baced9e88
30880 20ec98b7
30881 2074656d706f72616c
30882 206954
30883 206573746174
30884 d0bad0b8d0bc
30885 20737072696e6b
30886 206772756e64
30887 20696e66616e747279
30888 20736368616666656e
30889 e7b484
30890 20616e6b
30891 726961676573
30892 2059656f6e
30893 204d6f726f63
30894 20696e766173697665
30895 8194
30896 20706172656e74696e67
30897 20526973
30898 6962696c65
30899 206d6f6473
30900 e5bda2
30901 20d0bfd180d0bed0b2d0b5d180
30902 205468696e67
30903 205768657265766572
30904 2061636b6e6f776c656467696e67
30905 207061776e
30906 756d6d6572
30907 6f7262
30908 3639
30909 20726574726f757665
30910 2072656c696573
30911 2048696768776179
30912 20617765
30913 e381a7e38199e3818b
30914 697461697265
30915 206170706c6963616e74
30916 206169736c65
30917 776f726d
30918 207061796c6f6164
30919 206361727265
30920 2042616368
30921 e6a0bc
30922 20ecb99ceab5aceb
30923 d0bdd0b8d0b5
30924 206974c3ad73
30925 6f6e6e61697365
30926 736f6c
30927 e88faf
30928 616c676961
30929 20726f636b696e67
30930 2062657374656e
30931 7269746573
30932 5e5e
30933 d0b8d0bdd0bed0b9
30934 20626169786f
30935 20eab8b0ec96b5
30936 d0bed182d180d0b8
30937 73696d
30938 20696e6361726e
30939 eb8ba4ec9d8c
30940 206c69636b
30941 7369646564
30942 203731
30943 666f72646572
30944 207265736f6e616e6365
30945 20746567656e
30946 206d6574617068
30947 6f77736572
30948 20d790d7a0d797d7a0d795
30949 3fe3808d
30950 20737069656c656e
30951 20766f6c6c6579
30952 94ec9db4ed81acec9785
30953 6c6f6f6b6564
30954 2073656e74656e636564
30955 206d756c7469706c79696e67
30956 20696465616c73
30957 207761687273636865696e6c696368
30958 206465706f73697473
30959 62696c6972
30960 206566666574
30961 696c6c6f6e
30962 88eba78c
30963 2074657374696d6f6e
30964 207a6177737a65
30965 20d0bfd180d0bed186d0b5d181d181
30966 204c6176
30967 e4b88de98caf
30968 207472617661696c6c6572
30969 206c6169737365
30970 204d6f756e7461696e73
30971 20d180d0bed0b1
30972 206578616d696e6564
30973 69747573
30974 576173
30975 d0bbd18b
30976 2061747472696275746564
30977 20ec8ab9
30978 204261726f6e
30979 20676570
30980 20617474656e74
30981 20436f6c6c656374696f6e
30982 207468656174
30983 20436169
30984 2077656c6c73
30985 2068756d616e6f
30986 e79785
30987 2048617374
30988 20d185d0bed182d18f
30989 637a6173
30990 207065726d697473
30991 206c656767
30992 2065706f
30993 2046656e
30994 20746869
30995 20466f69
30996 20c3a96c656374
30997 203833
30998 206f7665727468
30999 20e8ac9de8ac9d
31000 2074656e616e74
31001 e8b2b7
31002 4e657874
31003 2070726169736564
31004 7365637572697479
31005 20496d70616374
31006 e4b8bae4bb80e4b988
31007 20766f756368
31008 206e6567c3b3
31009 20756e7665
31010 20637269746963697a65
31011 204b656e7961
31012 20746163746963
31013 206c6f6772
31014 20706f6973
31015 2070617061
31016 737065616b73
31017 f09f91
31018 697370657273
31019 20737572706c7573
31020 20636f6c646572
31021 e58d97
31022 e590ac
31023 706c657473
31024 205669656e6e61
31025 204c656164
31026 2061657269616c
31027 20546168
31028 d0b5d0bdd182d0bed0b2
31029 20477265656b73
31030 43616d
31031 206dc3a178696d
31032 206b75696e
31033 6368696f
31034 2064656d6f6e73747261746573
31035 616e6f73
31036 2043657274
31037 20d18dd0bd
31038 20626c6f6773
31039 20ec849cec9ab8
31040 206265616d73
31041 d0b8d0bad0bed0b2
31042 2070726f6d70746564
31043 20667269676874656e696e67
31044 20506f7273636865
31045 e38188e381a6
31046 6c6172c4b16ec4b1
31047 206368696c6c696e67
31048 69737068657265
31049 20666c617368696e67
31050 204b617264
31051 6272656164
31052 20657868
31053 207479636b6572
31054 2065636f6c6f676963616c
31055 204d6165
31056 20d79ed790d795d793
31057 20eb8298eb8f84
31058 d0bbd0bed0bd
31059 797373
31060 2070657267756e74
31061 2070726978
31062 697a7a617264
31063 2063616e63657273
31064 203931
31065 73757370
31066 204974656d
31067 c59f61
31068 2070657374
31069 2074616bc485
31070 206c796d7068
31071 205061747269
31072 66696c6c
31073 207265636f6e6e61
31074 206f7074696d69736d
31075 206d696d6963
31076 20ecb29c
31077 204d6164616d65
31078 6f6379
31079 6c696e696e67
31080 e5918ae8a8b4
31081 65726d65
31082 20666f6c64657273
31083 20637ac582
31084 7563686172
31085 20637572736f
31086 20627265616368
31087 d0bdd0b8d182d18c
31088 2070616d69c499
31089 20656c6967
31090 206175746f70
31091 466c6f77
31092 2070726f6772616d6d6564
31093 2050726f63657373
31094 206669677572
31095 205346
31096 20456c6573
31097 2070726f6772616d6d6573
31098 2064697a7a79
31099 ec8b9ceab084
31100 20d0bbd0b8d0b1d0be
31101 20736e696666
31102 2053656261737469616e
31103 20487965
31104 2034303030
31105 207065726d697465
31106 e6a29d
31107 20d0b7d0b0d189
31108 2067756974
31109 2044616973
31110 206163636f7264616e6365
31111 206d6f64756c6172
31112 6f67656e656f7573
31113 e68b8d
31114 20706f757175696e686f
31115 20617274696c6c657279
31116 206c7562726963
31117 20766f6c63616e
31118 204e48
31119 f09fa4
31120 206465616e
31121 5268
31122 206d696e6973747265
31123 e59d90
31124 20496e76
31125 2042756c676172
31126 20446174656e
31127 e88e
31128 496d
31129 206f726967696e61746564
31130 204e69786f6e
31131 696e74656772
31132 206c61636b73
31133 204e61636874
31134 ec96b4eb8298
31135 63616d657261
31136 20726164697368
31137 6b697965
31138 20616e676573
31139 207072c3a966
31140 6a756b
31141 20426565
31142 204255
31143 20d0b2d0bed181d0bf
31144 204254
31145 c3aa6d6573
31146 205374c3bc636b
31147 20496e6b
31148 e68896e88085
31149 205365726765616e74
31150 204d756c746970
31151 206869c3a7626972
31152 20d0a1d0b0d0bc
31153 2044c3a9
31154 6f6c7068
31155 ec96b8
31156 20696d706174
31157 20ec958aeab3a0
31158 20d182d0b0d0bad0bed0b3d0be
31159 20d0bdd0b0d0b2d0b5d180d0bdd0bed0b5
31160 20756e7072656469637461626c65
31161 206d656e64
31162 20ec9786ec96b4ec9a94
31163 206a616b6965c59b
31164 20616e6e69
31165 20646f6e6ec3a9
31166 204b6972737479
31167 2072656374616e67756c6172
31168 20656d70657a6172
31169 2045786368616e6765
31170 eab094
31171 20c3a9636f6e6f6d
31172 e38193e38293
31173 656c696e
31174 7265696274
31175 20d794d7a4
31176 2063656d6574657279
31177 2065737061c3b16f6c
31178 6f6c696e
31179 d0bbd18ed0b4
31180 206772c3a26365
31181 616c6c656e
31182 205068696c6f73
31183 2045727374
31184 20ec8388
31185 20566964
31186 47697665
31187 4f48
31188 cebccebf
31189 2050617265
31190 206d657461626f6c69736d
31191 206d61706c65
31192 2061786c65
31193 204479
31194 206b6f6d6d65
31195 cf8ecebd
31196 2067726561746e657373
31197 207665726966696564
31198 207370c3a9
31199 2046616872656e68656974
31200 204272656e
31201 20436f6e6665646572
31202 20686973746f697265
31203 20656c696d696e6174696e67
31204 20416464696e67
31205 20416269
31206 e69d8e
31207 20686f73706974616c697479
31208 74696d
31209 20626f6e69746f
31210 20706172746573
31211 20d0b4d180d183d0b3d0b8d185
31212 2053686179
31213 20536564
31214 2072656772657473
31215 d18fd0bcd0b8
31216 2074656e616e7473
31217 e9809f
31218 20505453
31219 2064657669
31220 204c617465
31221 75657a
31222 2073c3b6796c
31223 e382bb
31224 20ec9eacebb08c
31225 20746f67676c65
31226 206d61736b696e67
31227 d0b0d0bbd18cd0bdd0bed0b3d0be
31228 2070657273c3b66e
31229 20616d65726963616e
31230 66696b
31231 20524742
31232 656e736f6e
31233 204b41
31234 77777777
31235 20d180d0b5d0b3
31236 6d6574696373
31237 206564756361746f72
31238 e382b7e383abe382af
31239 7061726b
31240 d0b5d0bbd18cd0b7d18f
31241 61727573
31242 d180d0b5d182
31243 20666569746f
31244 2063686f6972
31245 206c6172676f
31246 2065656e73
31247 207761747473
31248 2053696e676c65
31249 207375736365707469626c65
31250 69636572
31251 20d0b2d0bad0bbd18ed187
31252 20707573
31253 ed9998
31254 456e67
31255 2066616e746173
31256 2073706563696669636174696f6e
31257 20636f6e66726f6e746564
31258 20436f6c756d627573
31259 d0b8d0b2d0b5d182
31260 6172c4b16d
31261 206361666665696e65
31262 6d756e6974696f6e
31263 206d696772616e7473
31264 6c696465
31265 69746174696f6e73
31266 2047656d65
31267 e1baab
31268 20706c616e6e6572
31269 207374696d756c617465
31270 206170726f78696d
31271 636575
31272 204e6f6d
31273 20766f67
31274 20d180d0b0d181d182
31275 20656e7365c3b1
31276 2073656c6c657273
31277 20677574656e
31278 7a64
31279 43616c
31280 206465736372697074
31281 207265636f6e63696c696174696f6e
31282 7a696e686f
31283 e1b98761
31284 e38198e38283e38182
31285 6163796a
31286 20434f4c
31287 736177
31288 20ed9995ec9db8
31289 207661726974
31290 20706172746e6572696e67
31291 20646574656e74696f6e
31292 20626f6d62696e67
31293 636c617070696e67
31294 69656e63696573
31295 6f6e6475
31296 414d45
31297 20eab099ec8ab5eb8b88eb8ba4
31298 63c3ad61
31299 20d0bfd0bed181d182d0be
31300 2041534d52
31301 20686f6d6570616765
31302 207369c3a8
31303 616e746861
31304 20506f6c6c
31305 206967656e
31306 63796368
31307 20eab091ec9e90eab8b0
31308 20636f6e736964657261626c79
31309 e4bb96e79a84
31310 204172697374
31311 20776974687374616e64
31312 207175616c69746174697665
31313 204b72616674
31314 20d18dd0bbd0b5d0bad182
31315 2042656164
31316 d0b5d0bad182d0b8d0b2
31317 206372757368696e67
31318 ecb390
31319 206e617679
31320 d988daba
31321 73686f
31322 206f616b
31323 697070657273
31324 20736f696c73
31325 207069676d656e74
31326 20657669746172
31327 e38387
31328 2066757365
31329 2044616c65
31330 3a22
31331 20636f6d706cc3a874656d656e74
31332 206b656c
31333 e0b986
31334 20717561747265
31335 20554d
31336 20eba790eb
31337 e6a0b9
31338 c3ad72
31339 206c656973757265
31340 20486f7573696e67
31341 20666f6c6473
31342 657374696f6e
31343 415253
31344 206d617368
31345 7572706f7365
31346 20616363756d756c61746564
31347 205374756666
31348 e8aa9e
31349 207461706573
31350 20d181d0b8d0bbd18cd0bdd0be
31351 204c4f5645
31352 2031393832
31353 207363617273
31354 206361706974616c697374
31355 204e6564
31356 20736f6674656e
31357 206e6f7461626c79
31358 20666f7263c3a96d656e74
31359 205261756d
31360 20d0bdd0b5d0bed0b1d185d0bed0b4
31361 2074726164656d61726b
31362 20666572746967
31363 203f21
31364 e697a0
31365 207265696e666f72636564
31366 207265636861726765
31367 2050757474696e67
31368 2076696c6c61696e73
31369 2068616e646963
31370 206164766572746973656d656e74
31371 d8aad98a
31372 20d181d183d0bc
31373 2052696c6579
31374 d795d791d7
31375 e4baac
31376 4f73
31377 d8a7d8b2
31378 426f79
31379 20737175697368
31380 6f636b6574
31381 2074657374696679
31382 e6bc94
31383 20d79cd79ed7
31384 20d0bcd0b0d181d181
31385 6d616e75656c
31386 2041726b616e736173
31387 69666665
31388 20616e616c79737473
31389 2044656166
31390 206ac3b3
31391 2067726f636572696573
31392 20576865656c
31393 20d180d0b8d181
31394 2063c3b26e
31395 20436f62
31396 20707269736f6e73
31397 c3a87665
31398 20436162696e6574
31399 20706f736564
31400 20677565727265
31401 204c6c6f7964
31402 20636c65726b
31403 20637269736573
31404 2053686f
31405 204f7265
31406 20466f6f7462616c6c
31407 204164766973
31408 205a68656e67
31409 e88d
31410 20414d59
31411 20756e666f72
31412 206d6f6e6173746572
31413 20636f6d70696c65
31414 20696d6d6f7274616c
31415 617461626c65
31416 20706172616e6f
31417 207469766572
31418 205374657068
31419 204675c39f
31420 20646973636f6e74696e
31421 2072697065
31422 206861636b696e67
31423 207369656e646f
31424 2073656775726f
31425 616c74726573
31426 20616e6465726573
31427 20eba6aceb
31428 206578706f727473
31429 e6ada5
31430 207461626969
31431 20eab8b0eb8ba4eb
31432 20626f74686572696e67
31433 207069636b6c65
31434 20425249414e
31435 20616c746172
31436 20d0bfd180d0b8d0b1
31437 207472616e7366657272696e67
31438 20566f7273
31439 20d987d988
31440 205a61
31441 204672616e636573
31442 2062726f777365
31443 656d6974
31444 2063686577696e67
31445 20467265646479
31446 20656469746f7273
31447 c3a46c6c65
31448 20ed8c80
31449 2053717565
31450 2043756c747572616c
31451 61776b
31452 205361636865
31453 20436172626f6e
31454 e1baaf74
31455 464c
31456 204e474f
31457 7065c582
31458 20536f75
31459 2068766f72
31460 756e696e74656c6c696769626c65
31461 20ebb295
31462 20c2b0
31463 69696e
31464 20d7a2d79d
31465 206465727269c3a87265
31466 20637a796d
31467 2041706f7374
31468 207265676172646572
31469 20616772616465
31470 2043616e6479
31471 206d617265
31472 20696e74726f6475636573
31473 6269726473
31474 20756e697175656c79
31475 206d756b
31476 20636f6f6b6572
31477 206372657773
31478 206a6569746f
31479 455254
31480 b684eb
31481 6e69737365
31482 206566
31483 206361727465
31484 2059616b
31485 20504154
31486 d0b8d0bdd0be
31487 626f6b6b69
31488 206d61746573
31489 2064697374696e74
31490 20ecbd94eba19ceb8298
31491 2079c4b16c
31492 20cebaceaccebd
31493 20636f6e66696775726174696f6e73
31494 656e6761
31495 7265636874
31496 4861707079
31497 e38284e381a3e381a6
31498 696e76657374
31499 207265636f6e737472756374
31500 20d18dd182d0bed0bcd183
31501 206d6f73717565
31502 7261756d
31503 20766f79657a
31504 204e4243
31505 20ec9e90ec8ba0
31506 20737475726479
31507 20d0bad0b0d0bf
31508 20616e736368
31509 616c6964
31510 206d61736968
31511 20524550
31512 20ecbd94eb
31513 20646564756374
31514 2073616c6972
31515 77757266
31516 696c6f74
31517 204d7574746572
31518 6f6c6473
31519 2046454d41
31520 20426962
31521 206e65696768626f72696e67
31522 20626c697373
31523 20ed98bc
31524 d0bbd0b8d181d18c
31525 20d182d180d0b5d0b1
31526 20e5b0b1e698af
31527 206772656e616465
31528 206567616c
31529 2066696e656c79
31530 20706574616c73
31531 206b656572
31532 206368796261
31533 20736b697070696e67
31534 20746869727465656e
31535 206772617679
31536 20534154
31537 3631
31538 20d0bdd0bed0b3
31539 206d696e73
31540 495445
31541 20736f7a69616c
31542 ed9598eba9b4ec849c
31543 72756b747572
31544 20d0b2d0bed0b7d0bcd0bed0b6
31545 20d0bed0bfd18fd182d18c
31546 2061727468
31547 20437562616e
31548 20747265617375726573
31549 2066657274696c697a6572
31550 206177616b656e696e67
31551 20ebb0b1ec8ba0
31552 2072616c6c
31553 20646570696374
31554 205061626c6f
31555 206e696e657465656e
31556 2077617474
31557 20656e746972657479
31558 4b53
31559 20576f6f6473
31560 536368
31561 20daa9d988
31562 20447279
31563 e3819e
31564 757665
31565 207265636f6e737472756374696f6e
31566 20616e61746f6d79
31567 88eba5bc
31568 2062616261
31569 206c697374656e6572
31570 207368617270656e
31571 2050657275
31572 20d0b2d18bd0b7
31573 2072656372656174696f6e
31574 20696e697469617465
31575 2063616c6f72
31576 204e616a
31577 676565
31578 204665656c73
31579 20536e617063686174
31580 20546574
31581 204e657374
31582 20446166
31583 2046696e697368
31584 20d182d0b0d0bad0b8d0bc
31585 c3ba63
31586 697a656e73
31587 207370696e73
31588 20656d627279
31589 207061737361676573
31590 206369656e74
31591 206a757374696669636174696f6e
31592 e4bb96e8aaaa
31593 206f6c6d617a
31594 20666c6f6f646564
31595 20656d6f6a69
31596 20656d62726163696e67
31597 2064697363617264
31598 204261736963
31599 61676f67
31600 20ec9c84ed95b4
31601 206173796c756d
31602 6572696e
31603 2066696d
31604 206e696e6a61
31605 206175746f6d617465
31606 20616c6c6572676963
31607 c3bfc3bfc3bfc3bf
31608 616d616d
31609 20d0bcd0b0d180
31610 204f69
31611 c3a47573
31612 20696e64756374
31613 2042454e
31614 207ac582
31615 206b61c5bc6479
31616 20414d50
31617 6ec49b
31618 53757265
31619 207175696c
31620 206573706563
31621 726f6b
31622 4253435249
31623 206c69656265
31624 707573
31625 61636873656e
31626 20637269636b6574
31627 eb8a90
31628 204672616d65
31629 656b6bc3bc72
31630 617262
31631 2070c599
31632 d0b8d181d181
31633 207a656767656e
31634 20646f75626c6573
31635 20447265
31636 74657374
31637 696e7370
31638 626f7973
31639 206dc3a36f
31640 205665727365
31641 206d757363756c6172
31642 204d414c45
31643 2064756c75
31644 206f63636173696f6e616c
31645 4c6f
31646 636f6e6f6d6963
31647 2076616b
31648 2072656d656479
31649 e5a4a0
31650 20e299aae299aae299aa
31651 76656d
31652 20c3b66e656d
31653 206b6172c59fc4b1
31654 205368617270
31655 687572
31656 20ebb0a9ebb295
31657 206772616e64736f6e
31658 20616b746976
31659 205468726f6e6573
31660 20ec9588ec9790
31661 20746f7473
31662 2073756264
31663 205061756c61
31664 20677261766573
31665 204272656e74
31666 20d0bdd0b8d0bad182d0be
31667 2073c3b67a
31668 2063726563
31669 20566c6164696d6972
31670 e796ab
31671 20d0bfd0bed0b9
31672 20222d
31673 20707379
31674 61747269
31675 6964616e
31676 2061c3ba6e
31677 207374616e64617264697a6564
31678 ecb998eb
31679 20d0bad180d0bed0b2
31680 205a6875
31681 736f6d657468696e67
31682 20373530
31683 206d756a65726573
31684 20616974
31685 e997b4
31686 616775
31687 20636f72726563746564
31688 696b6b61
31689 656c6564
31690 20436172656572
31691 6f77796d
31692 20726f6f6d6d617465
31693 2064657363656e64616e7473
31694 204e61706f6c656f6e
31695 20d094d0be
31696 ed9688ec96b4ec9a94
31697 2062756e756e
31698 204d69636861
31699 e7b79a
31700 20646573636f62
31701 5049
31702 2070616c61627261
31703 20747261636b6564
31704 20646570656e64656e6365
31705 2042617261636b
31706 e58187
31707 2066657274696c697479
31708 20536f75746877657374
31709 20696e636f6d706c657465
31710 20636f6d756e6963
31711 20636f6d70726973
31712 2052657374617572
31713 206163726f6e
31714 cebaceb1
31715 2061707072656e7469636573
31716 206d75737374
31717 20416272
31718 2070656e747275
31719 20436f6e736f7274
31720 2041766563
31721 2064756d706c696e6773
31722 4c52
31723 2077737a7973746b6965
31724 207377616d70
31725 d0bdd0b5d0b2
31726 7567676c65
31727 207761746572636f6c6f72
31728 2070726f746f6e
31729 2045737061c3b161
31730 6f636b696e67
31731 d0bed0b2d0b0d0bb
31732 2074616b696d
31733 56657279
31734 2064656d656e746961
31735 20c59f657969
31736 4a6163
31737 204d6163426f6f6b
31738 204c6976
31739 6666696369656e7473
31740 2048756e74
31741 206f7665726c6179
31742 e6849fe8a6ba
31743 20536b797065
31744 70756e6b74
31745 20636f6e66696e6564
31746 2041647269616e
31747 d8b1d983
31748 204a656570
31749 20656e7175616e746f
31750 20616e657374
31751 d0bed182d0b2d0b5d182
31752 20d0bcd0b5d0bdd18c
31753 2069727269676174696f6e
31754 e1bb916e
31755 20656967687465656e
31756 20506f6e
31757 2072657363756564
31758 2031393833
31759 72c3bc
31760 6a6165
31761 204a656f6e67
31762 20616d617a696e676c79
31763 20464450
31764 206261636b7374616765
31765 637565
31766 20cf83cf84ceb7cebd
31767 20d8a7d984d8b5
31768 206c69766573746f636b
31769 205761726e6572
31770 206d616a6f7273
31771 e38381e383a3
31772 20636f6f7065726174697665
31773 204272616479
31774 7261696e6564
31775 72696562
31776 20d791d79ed7
31777 20d0b4d0bed0b2d0bed0bbd18cd0bdd0be
31778 204645
31779 206c65616b6564
31780 204d657263757279
31781 207065727375616465
31782 207472616e73666f726d6572
31783 204e6f72776567
31784 20ec97aceb9fac
31785 207a726f6269c487
31786 2063617264696f76617363756c6172
31787 204372617368
31788 20676f73736970
31789 d0b0d181d182d18c
31790 20ecaabd
31791 207377657074
31792 20486f726e
31793 204174c3a9
31794 2062756b616e
31795 204b6177
31796 4b59
31797 2053746f72696573
31798 47617279
31799 2067617264656e696e67
31800 20517569636b6c79
31801 2046616c636f6e
31802 206f766174
31803 63c4b1
31804 20436f6d706c6574
31805 2044617465
31806 20d0bfd180d0b8d0bc
31807 206cc3a4756674
31808 20417564726579
31809 2057656e74
31810 2070656cc3ad63756c
31811 206361727269616765
31812 20756e61636365707461626c65
31813 6e796d69
31814 20d181d0bbd18bd188
31815 207465727265
31816 75656c6c656d656e74
31817 45454545
31818 20706861726d6163
31819 68c3b56573
31820 207a696368
31821 206d696772617465
31822 20467279
31823 c3b1616e61
31824 204d7569746f
31825 454f564552
31826 20666f727472657373
31827 20436f6d70616e
31828 204a534f4e
31829 6f72646e756e67
31830 20776172746f
31831 20756e676566
31832 ec8594ec849c
31833 20d180d0bed0ba
31834 20706164646c65
31835 4a61726564
31836 207375626d697474696e67
31837 206c61746368
31838 20667567
31839 20d0bad0bed181
31840 204566
31841 206c61756e63686573
31842 206674
31843 6f746563686e
31844 2074726176656c6c6564
31845 d8a7d981
31846 e98195
31847 2070726f6368
31848 20646564696d
31849 3833
31850 207265626f756e64
31851 204c55
31852 70617468
31853 20d181d0bfd180d0b0d0b2
31854 20c3b66c
31855 20ed82a4
31856 20707269766174
31857 2074726163746f72
31858 20417474656e74696f6e
31859 536572
31860 20636f736573
31861 c3a1726961
31862 70616c
31863 20ec9d80
31864 20737563636573736f72
31865 20636f6e6e6563746f7273
31866 20d183d181d182d0b0d0bdd0bed0b2
31867 2067656e6f63696465
31868 2073756666696369656e746c79
31869 20416978c3b2
31870 2073746162696c697a65
31871 20636f6e67657374
31872 2063617276696e67
31873 207a6f7374
31874 20d0b1d18bd181d182d180d0be
31875 2073686f7274657374
31876 206c6976656c
31877 203839
31878 e9818a
31879 2065726b
31880 20706f72747261697473
31881 e0a580
31882 e898
31883 626f6174
31884 6c6c6168
31885 414e43
31886 20656d7069726963616c
31887 204563686f
31888 204e656465726c616e64
31889 e8bf99e4b988
31890 4e6574
31891 206375696461646f
31892 20526f6d61
31893 2063616c66
31894 206769616e7473
31895 204578706c6f726572
31896 20436f6c6c656374
31897 616c6974696f6e
31898 2044657374696e79
31899 206175736765
31900 20456475
31901 20436c6f
31902 2065617272696e6773
31903 20547261636b
31904 20524f53
31905 2042656c6c65
31906 e799be
31907 207075656461
31908 2064617974696d65
31909 20737570706c696572
31910 205356
31911 20457868616c65
31912 2067616c657261
31913 636f75727365
31914 2063656e74696d65746572
31915 2042617374
31916 6d7564
31917 2073616e676174
31918 20506879736963616c
31919 20707269766174656c79
31920 207472617461
31921 6c796e6e
31922 696c6c69
31923 20eba994ec9db4ed81acec9785
31924 206372797374616c6c
31925 20706f6473
31926 e1baa36e
31927 696e61746f72
31928 205265636f726473
31929 e5ae98
31930 c49f696d697a
31931 697373656d656e74
31932 68617265
31933 6861646f77
31934 20444b
31935 20ec958ceab3a0
31936 2077796e
31937 2072657175657374696e67
31938 20446f6e6e61
31939 20ec97b4ec8baced9e88
31940 696e6561
31941 206578657274
31942 2044756e63616e
31943 20d0b2d0b5d187
31944 20486168
31945 e0a482
31946 204c6966
31947 2046696e64696e67
31948 204e6f76
31949 20d0b7d0bdd0b0d0ba
31950 20d0bed184
31951 205175c3a8
31952 20717561727465726261636b
31953 20d184d0b0d0ba
31954 206269706172746973616e
31955 c49f696e
31956 206ec3a963657373
31957 207265666572656e64756d
31958 20636f6d70696c6572
31959 2070726f626162696c
31960 d0b5d0b4d0b8
31961 20747261646572
31962 e69893
31963 2052756d
31964 67656d65
31965 2064696f
31966 2062c499647a69656d79
31967 20cf80ceac
31968 eabeb8
31969 d795d798
31970 20e0a495
31971 20d0b1d0bbd0b0d0b3
31972 207363616c70
31973 205061757365
31974 2063617074696f6e
31975 20656e64616e676572
31976 20656e6c6172
31977 20726f7474656e
31978 e38383e38388
31979 20776168
31980 e88289
31981 20647a69
31982 20496e7374616c6c
31983 4179
31984 206372656172
31985 d0b5d0bdd182d0b0
31986 207765696768696e67
31987 20627574746572666c696573
31988 2047617374
31989 e4ba95
31990 686f726e
31991 7761727a
31992 4943454f564552
31993 20d0bdd0b0d0b9d182d0b8
31994 20636f656666696369656e7473
31995 e7b0a1e596ae
31996 205370656e636572
31997 20486967686572
31998 20636f776f726b
31999 e5a898
32000 20d0bad0bed182d0bed180d0bed0b5
32001 206d6f6e6974
32002 2064797366756e6374696f6e
32003 20d181d182d0b0d0bdd0bed0b2
32004 20746f75726e616d656e7473
32005 206f7973746572
32006 424e
32007 2074727564
32008 736c6f77
32009 2050656e6e79
32010 204f647973
32011 c3a672
32012 20666f75
32013 20656e6a6f796d656e74
32014 d0b0d182d18b
32015 207779676cc4856461
32016 d0b0d0bbd18cd0bdd0b0d18f
32017 2050726f74656374
32018 206d6f79
32019 20636c6177
32020 20737573706963696f6e
32021 2073616372696669636564
32022 20676f73746f
32023 426967
32024 20616767726573736976656c79
32025 20766f726e65
32026 e383a0
32027 20626c616d6564
32028 2053656872
32029 d7a4d7a8
32030 6369746f
32031 207365616c73
32032 206d756a6572
32033 205765697264
32034 20666f72656e73
32035 20636f6e7472696275746573
32036 6573747261
32037 20706f67
32038 4c4f4c
32039 2068616365726c6f
32040 d0bed182d18c
32041 66696374696f6e
32042 3739
32043 cebbcebf
32044 e5a4a7e6a682
32045 e5a3b0
32046 20d182d0bed0b1
32047 204753
32048 20436c617261
32049 6974657a
32050 206164766f636174696e67
32051 20ed9484eb
32052 73756e67
32053 207665727469636573
32054 206e617669676174696e67
32055 206575726f70c3a9
32056 e79a86
32057 20736c6f776564
32058 20666f726567726f756e64
32059 20496e647573747269616c
32060 2061646f7265
32061 ec8bad
32062 206372c3a96572
32063 e69e97
32064 63686e697474
32065 20756e6177617265
32066 206375726c79
32067 656e746172
32068 206c6572
32069 2070726f68696269746564
32070 204865726f6573
32071 2052656564
32072 756361
32073 20736d6f6b
32074 206b756e6e61
32075 7a6569746967
32076 696d6d656e
32077 204c756e
32078 20d0b0d0b1d181d0bed0bbd18ed182
32079 206465676c69
32080 2076696c6c6167657273
32081 20707265736574
32082 7a657074
32083 756473
32084 20656d6974
32085 e4bda0e8a681
32086 20eb89
32087 eb8a94eca780
32088 d0bdd0b0d0bad0be
32089 206f73c3b362
32090 2031393639
32091 20d090d180
32092 206d616e63686d616c
32093 2042726f636b
32094 206d616e747261
32095 2057494c
32096 62616368
32097 696ec3a4
32098 656c6173
32099 6b656c6e
32100 206469736369706c65
32101 207175616c63
32102 206465687964
32103 ec9db4eb9dbceb8a94
32104 4166
32105 ec84b1ec9db4
32106 5279616e
32107 20707570706574
32108 20d0b4d180d183d0b3d0b8d0b5
32109 20727564
32110 2070656e64696e67
32111 506c7573
32112 20ec958aec9d84
32113 2062e1bb8b
32114 2053656761
32115 c3a765
32116 2070726f6772616d6d6572
32117 626c69
32118 20756e6c
32119 20656e736c61766564
32120 20736f6369c3a974c3a9
32121 c48168
32122 20696e6865726974616e6365
32123 2042616e676c
32124 65726d616964
32125 2070726163746974696f6e6572
32126 205374616c696e
32127 2055736572
32128 6369626c65
32129 2063617264696163
32130 204b6f7265616e73
32131 2064756d706564
32132 20d794d799d794
32133 c3a16973
32134 206879647261756c6963
32135 6f75627465646c79
32136 20506974
32137 207069636e6963
32138 20626568c3b6766572
32139 20d181d0bcd0bed0b3
32140 206272616b696e67
32141 e9bb91
32142 75746172
32143 20ec84b8eb
32144 75626c
32145 20c3bc7a
32146 206d616a65737479
32147 2062657273
32148 757461626c65
32149 20686f74746572
32150 e785a7
32151 db8cd986
32152 20626961736573
32153 207375626a6563746564
32154 206e617567687479
32155 20636972637573
32156 e38197e3818b
32157 20496d6d656469
32158 2053746566616e
32159 20547269706c65
32160 656e6b
32161 20776974
32162 2072656379636c65
32163 656d6965
32164 6461746564
32165 20756e6c6f6164
32166 20706f70756c61
32167 6368696e
32168 207969656c6473
32169 20656e676c697368
32170 20426f6e6e6965
32171 2073706964657273
32172 c381
32173 2065726f73696f6e
32174 e983a8e58886
32175 204e49434b
32176 d0b8d18fd185
32177 20696d70617274
32178 20d0bad0bdd0b8
32179 207265736f6c7574696f6e73
32180 206c69746869756d
32181 20636f6e76657267656e6365
32182 2054617261
32183 20d0b4d0b2d0b5
32184 746873
32185 2043696e6479
32186 e68891e8a681
32187 e5b9ab
32188 20444945
32189 206173737572616e6365
32190 20d0bed0bfd0b8d181
32191 206275636b657473
32192 2063756573
32193 205175696574
32194 2073696d696c6172697479
32195 20666f756e646174696f6e616c
32196 204d696e697374
32197 e6bbbf
32198 207069616e
32199 2063656e7472
32200 206e756d62
32201 206d6f6e6b73
32202 756a6f757264
32203 656e7a6965
32204 20736b617465626f617264
32205 20646c617465676f
32206 20d181d0bed182
32207 204145
32208 206d61737465727069656365
32209 20536f6c6f6d6f6e
32210 20526564646974
32211 2072696f74
32212 61626c
32213 204a617a7a
32214 20656c656374726f6d61676e65746963
32215 20696e736563757265
32216 20436f6d706574
32217 676572696573
32218 d0bed0b1d0bed0b4
32219 a0d795
32220 f09f92
32221 2073656e61746f7273
32222 204272697362616e65
32223 20416c62
32224 7574746572696e67
32225 20416c6c6f77
32226 7a65726f
32227 20706169
32228 20d090d0bbd0b5d0bad181
32229 20446973706c6179
32230 20426c616465
32231 2041707073
32232 2070c3a4
32233 20d0b4d0b5d181d18f
32234 207175656c6c61
32235 2047616f
32236 d0b5d0bdd0bdd18bd185
32237 2073706f696c657273
32238 2067616c6c6f6e73
32239 20d984d98a
32240 205a696f6e
32241 e69c89e4b880
32242 6f6e6965
32243 72616774
32244 204368616e64
32245 20ebb391
32246 20626c756e74
32247 20757375
32248 204b6164
32249 72616b74
32250 2063696e656d61746963
32251 20616d6d756e6974696f6e
32252 72656e65
32253 20666f75727465656e
32254 204361726e
32255 63726974
32256 2074656e757265
32257 7675
32258 207072696e636970616c6d656e7465
32259 20616c6c65656e
32260 e98099e4b880
32261 206b6f6d706c657474
32262 2064c3bc6e79
32263 4a616d6573
32264 207265636570746f72
32265 206f6e6573656c66
32266 67757275
32267 206d65726368616e74
32268 6c696e657373
32269 206f7665726c6f6f6b6564
32270 206861726d6f6e6963
32271 e995bf
32272 6965736f
32273 d795d79e
32274 636f6c6d
32275 20d0bfd180d0bed0b5d0bad182
32276 20416461
32277 d8a7d8b3
32278 54696d
32279 20726563757272696e67
32280 2070726f6365656473
32281 20506172746963756c61726c79
32282 20446f776e6c6f6164
32283 6574726963616c
32284 206d61747269636573
32285 2070726f796563746f
32286 616e63696573
32287 2055686d
32288 206361766573
32289 20ec96b4eba0a4
32290 204c656166
32291 20d0bed0b1d18bd187
32292 20ec9db4ec9ca0
32293 4575726f7065
32294 2074c485
32295 2070756c73
32296 2074616b6965676f
32297 d09dd0b5
32298 4755
32299 20666f7273
32300 cf81ceb3
32301 20666f746f73
32302 202929
32303 20eba9a4eb
32304 20617175696c6f
32305 204b757264
32306 efb88f
32307 70746963
32308 20446f7274
32309 206d6973657279
32310 6175736f
32311 e58a9f
32312 636875636b6c696e67
32313 205269646765
32314 20ed9688ec8ab5eb8b88eb8ba4
32315 202a2a2a
32316 e5aea2
32317 20486d6d6d
32318 2067656f67726170686963
32319 20616e7973
32320 2074616c76657a
32321 20736b656c6574
32322 207369676e617475726573
32323 206c6974657273
32324 90eba9b4
32325 20d181d0b2d0bed0b5d0b3d0be
32326 20736b69696e67
32327 20d09cd0bed181
32328 2061646f7074696e67
32329 2068616674
32330 2073796d6d6574726963
32331 204c697175
32332 20746879726f6964
32333 206d6973696e
32334 6c756465
32335 2068756c6c
32336 205844
32337 2047757374
32338 7a65696368
32339 20766962726174696f6e73
32340 206573656d70
32341 20d0b2d181d18e
32342 205175656d
32343 20c3bc62726967
32344 20536b65
32345 204c796e6368
32346 726f6f6d73
32347 6172746574
32348 66657374
32349 206672c3bc686572
32350 206c757265
32351 e4b88de5a5bde6848fe6809d
32352 20ec958cec9584
32353 2057494e
32354 205259414e
32355 20d0bad0bed182d0bed180d183d18e
32356 204b617368
32357 20d794d79e
32358 207361666567
32359 2048616c6c656c756a6168
32360 20d0b4d0b2d183d185
32361 20737461706c65
32362 20736564696d656e74
32363 2041637473
32364 20626c616d696e67
32365 206d61696e6c616e64
32366 2073706f7274696e67
32367 206465636f726174696f6e73
32368 20657865637574696e67
32369 20706172616e
32370 20446f6c6c6172
32371 2070726f6a656374696f6e73
32372 20636f6d6d697373696f6e6564
32373 20626f7572
32374 c3b66d
32375 20737465616d6564
32376 20ebad98
32377 20706574726f6c
32378 2063656c756c6172
32379 e5b8b6
32380 2048756e67617279
32381 2072656e746564
32382 20d0b2d0b0d180d0b8
32383 62626965
32384 2073c3a9637572
32385 c3bc6c6c
32386 207377696e6773
32387 6265747765656e
32388 20d0b8d182
32389 657374726f
32390 206e69656d616e64
32391 20ec82bc
32392 20506172646f6e
32393 6573736573
32394 204d4944
32395 2063656e7472616c697a6564
32396 20416c69656e
32397 63756c6f73
32398 206372697365
32399 e8a3a1e99da2
32400 20636c61737365
32401 626569746574
32402 69c49f69
32403 207768616c6573
32404 20706572696d65746572
32405 207479696e67
32406 207374726f6e79
32407 206c696b6577697365
32408 2050756e6368
32409 4461
32410 2042617074697374
32411 20736f7274696e67
32412 206976
32413 20ed95a9
32414 207265686162
32415 20657461
32416 7269766572
32417 20736169
32418 e38184e3819fe381a0
32419 6f647573
32420 e3818ae9a198e38184e38197e381bee38199
32421 2065737361796572
32422 20747572746c6573
32423 2048617a726174
32424 2066616272696373
32425 20636176697479
32426 20706f6e69657761c5bc
32427 207363686c65636874
32428 2073616c7361
32429 c59f656b6bc3bc72
32430 2073656174696e67
32431 2065636f6e6f6d69737473
32432 206d616e67
32433 2073656775696e7465
32434 2072616e67
32435 20726174696f73
32436 20636f6e7374656c6c
32437 206c6f6e6774656d7073
32438 756174696e67
32439 2073706f696c6564
32440 20726563697069656e7473
32441 20736e69706572
32442 e4b98be5898d
32443 ec8ab5eb8b88eab98c
32444 207770
32445 204c494e4b45
32446 20666c617265
32447 2041647269
32448 c3b16173
32449 206261636b6c
32450 6dc3a4c39f
32451 2042656e64
32452 20776f726b6c6f616473
32453 20d181d183d0bf
32454 2031393735
32455 d0b8d0bcd181d18f
32456 d0b0d0bdd0b5
32457 20d0bcd0bed0bd
32458 2061737069726174696f6e73
32459 20416572
32460 20d0b3d0bed0b2d0bed180d0b8d182d18c
32461 205169616e
32462 e5a688
32463 20636f6d70726f6d69736564
32464 20796f6c6b
32465 d0bbd0b0d181d182
32466 2068656d656e
32467 726f7665
32468 64656e73
32469 20d0bad0bed0bcd0bcd0b5d0bdd182
32470 202d2d2d
32471 20666c756f726573
32472 d0bdd0bed181
32473 204c69766572706f6f6c
32474 20d181d0bed0b1d0bed0b9
32475 205a7765
32476 206c756d696e
32477 204f47
32478 e1b8
32479 686f6c6d
32480 70726f66697473
32481 534e
32482 2070726f706f7274696f6e73
32483 206d696361
32484 20426f68
32485 2041746c6173
32486 20756e73757265
32487 20746f7572696e67
32488 206e696564
32489 2074c499
32490 20696d7065726174697665
32491 2064656d656b
32492 2053686572696666
32493 72616e6365
32494 20686f6d656c616e64
32495 204861696c
32496 2047616e7a
32497 796d6d
32498 4d6f6e
32499 e586b7
32500 76696461
32501 206465736172726f6c6c
32502 e68a80
32503 20696e7472696775696e67
32504 204875676f
32505 20e38282
32506 e9ac
32507 d0b0d186
32508 205769c49963
32509 6174746564
32510 20ec9584eb8b88eab3a0
32511 2056617269
32512 c3a164
32513 207375727265616c
32514 206469737061726974696573
32515 206dc3b3
32516 756c6c656e
32517 20ec9e88eb8ba4eab3a0
32518 20d0bfd0bed0b6d0b0d0bbd183d0b9d181d182d0b0
32519 206d61696e73
32520 20656a656374
32521 206d657468616e65
32522 206d617267696e616c697a6564
32523 206368696c6c69
32524 72c3a873
32525 2079656d
32526 e4bda0e698af
32527 204368756e
32528 206465627473
32529 20646f776e6c6f6164696e67
32530 20417468656e73
32531 6973696572756e67
32532 72796e
32533 2074656b6e
32534 205175696e6469
32535 e99c80
32536 207461726166
32537 2068c3a9
32538 20636f6e7363696f75736c79
32539 206669786573
32540 75636b6c65
32541 6d6179c4b16e
32542 2066726569
32543 20737061
32544 20eca784ed9689
32545 20d8a7d984d8b0
32546 20d183d0ba
32547 6c657474
32548 206f6c6d75c59f
32549 20636865657379
32550 e0b8b2e0b881
32551 6e61697265
32552 20776964656e
32553 206c69656e
32554 206573636170696e67
32555 69676773
32556 20426c69636b
32557 63c485
32558 20ec849ceb
32559 20d794d7a1
32560 20d0b2d0bfd0b5d180
32561 6f70686f6e65
32562 69656c6c
32563 2053554253435249
32564 206c696f6e73
32565 20eab7b8eab283
32566 20696e737069726573
32567 2067756172616e74656573
32568 20636f6d65c3a761
32569 2047726f77696e67
32570 206e65676c6967
32571 204672616e6b66
32572 206765676562656e
32573 20c491e1baa775
32574 20656e646c696368
32575 20ec8da8
32576 205454
32577 204c697468
32578 cf80ceb1
32579 61737465726e
32580 20417a6572
32581 206c756e6172
32582 686963
32583 20d0bdd0b0d180d0bed0b4
32584 206e656e68756d
32585 e8b791
32586 2053616c7661646f72
32587 2050726f6772657373
32588 2070726976696c65676573
32589 20eb8f99ec9588
32590 20616e7461676f6e
32591 20496d7066
32592 20646573637562
32593 204c6569
32594 20ec8388eba19c
32595 d187d0b5
32596 2064c3b36c61726573
32597 204d656768616e
32598 2057697265
32599 746f6f
32600 6179696e67
32601 757363
32602 20747564
32603 2061707065616c73
32604 65647563
32605 2070616e65
32606 206a69
32607 206465636b73
32608 20416c746572
32609 20e5b0b1
32610 ec84a4
32611 e58886e99098
32612 2070726f64756374696f6e73
32613 2057494c4c49414d
32614 20696d706c696564
32615 2066756c66696c6c6d656e74
32616 20416168
32617 2073616a61
32618 787573
32619 20ce9aceb1ceb9
32620 c3a073
32621 75636368
32622 d0bed0bad0be
32623 20446973636f7264
32624 205359
32625 6a736b
32626 2057616c6c616365
32627 756e6374696f6e
32628 44616e69656c
32629 206bc3b674
32630 696a6168
32631 206d6172636865
32632 206469736772
32633 206d756e676b696e
32634 20616c6d61
32635 b3b5
32636 20657874656e736976656c79
32637 20466c6f72656e
32638 20416c6c69736f6e
32639 e382b1
32640 d98ad985
32641 206a7576656e
32642 2052656e61697373616e6365
32643 2066756e6472616973696e67
32644 204368616f73
32645 20706172616c79
32646 206e61727261746f72
32647 2065636f73797374656d73
32648 417368
32649 206d697469676174696f6e
32650 2041756a6f757264
32651 2049646565
32652 212c
32653 20c2bd
32654 206c616e646c6f7264
32655 2064656665637473
32656 2061637265
32657 756c73697665
32658 20616c676165
32659 70656b
32660 20656d6261
32661 20526f63
32662 e99ba2
32663 6b736f6d
32664 c3a4636865
32665 206c65756b
32666 206c657665726167696e67
32667 20eab7b8eba087eca780
32668 2050616c6d
32669 20c3a476656e
32670 206c6973
32671 20496e7370
32672 2052697461
32673 20416262
32674 6974686d
32675 207375706572766973696f6e
32676 2072657669736974
32677 207069c499
32678 20657568
32679 206661646573
32680 206d6f74746f
32681 e58da1
32682 d0b5d0b7d0b6
32683 205368696d
32684 2072656c6576616e6365
32685 206f6f
32686 206f73746174
32687 6e696361
32688 2063686f6978
32689 20466163756c7479
32690 20eca491ec9790
32691 2041626f7665
32692 20d0bdd0b5d0b1d0bed0bbd18cd188
32693 2073657175656e63696e67
32694 206e75747269656e74
32695 20636f6e717565726564
32696 20646967657374697665
32697 206261636b64726f70
32698 204c6f7269
32699 61696c61626c65
32700 47616d65
32701 206e65676c6563746564
32702 6f6d6f727068
32703 696c6c6168
32704 206b6e65
32705 2073696974c3a4
32706 20776f726b7370616365
32707 2056656e696365
32708 204b6e65
32709 d189d0be
32710 8580
32711 2048617373
32712 2076697461
32713 9dbceba9b4
32714 206c617973
32715 c3aa6e63696173
32716 c3a972696361
32717 204c6c
32718 e6b182
32719 20436f6361
32720 20574859
32721 e8889e
32722 20726f7574696e67
32723 207065726d697373696f6e73
32724 2064696e6773
32725 7072656e64
32726 70726f6772616d
32727 2063726f636f64
32728 6272616c
32729 4141414141414141
32730 61676974
32731 204ec3a4
32732 2067656b6f6d6d656e
32733 617474656e
32734 207265666572656e636564
32735 2070616972696e67
32736 20506172746e6572
32737 20436f726f6e617669727573
32738 d196d181
32739 e8bd89
32740 20d794d793
32741 206573706563c3ad666963
32742 61727369
32743 7175656c6c65
32744 2073706f6e74616e656f7573
32745 e786b1
32746 20eab283ec9d84
32747 20d09fd0bed181d0bbd0b5
32748 20d8a7d984d8af
32749 2053686f7574
32750 20d0bdd0b0d0bb
32751 206469736775697365
32752 204a6f7264
32753 20776565
32754 206d69656a7363
32755 20736572756d
32756 20706c6169736972
32757 206372656469626c65
32758 2062c3a5
32759 20414a
32760 6d61726573
32761 20726f6473
32762 206572616e
32763 e381bee38182
32764 2070c3a4c3a4
32765 205541
32766 20556e6b6e6f776e
32767 20d984d985
32768 205261626269
32769 206c616174
32770 20686169727374796c65
32771 20d8ba
32772 e9818b
32773 2063616368
32774 2057726974696e67
32775 d0bed187d0bad0b8
32776 61626164
32777 207374726169676874656e
32778 2d2d22
32779 77696665
32780 20686f7474657374
32781 2070756e7961
32782 2046617368696f6e
32783 6772696666
32784 205152
32785 6f746368
32786 20d09cd0bed0b6d0b5d182
32787 436c6f7564
32788 20537472696b65
32789 204865696e
32790 20e79c9fe79a84
32791 206c6569
32792 20466c6f77
32793 77656773
32794 2068616272
32795 e5899be5899b
32796 6e61686d65
32797 cc81
32798 20706c656173696e67
32799 6f7070696e67
32800 20eab5aceb8f85
32801 206472616e
32802 2062616e6773
32803 203739
32804 20736b6574
32805 20636176616c
32806 204d6163726f6e
32807 207765696768746564
32808 206d75746564
32809 206e75657374726173
32810 454550
32811 206d617468656d61746963
32812 204d5249
32813 61677573
32814 20746865726170696573
32815 ceb8ceb5
32816 20756e706c
32817 20636f6d6d656e636572
32818 66756c6c
32819 20746f77656c73
32820 2070727565
32821 206c6963656e736573
32822 d79bd795d79c
32823 20d09fd0bed187d0b5d0bcd183
32824 20706f696e746c657373
32825 427965
32826 20656c69676962696c697479
32827 20736372617065
32828 2061627573697665
32829 204d616e74
32830 206a65756e6573
32831 74616c
32832 205072696e636970
32833 204f7274686f646f78
32834 206d656c6f64
32835 20d0bcd0b0d182d0b5d180d0b8
32836 2070726f73656375746f72
32837 206f70696f6964
32838 20d183d0b2d0b5d180
32839 204265656e
32840 20eca091eca285
32841 2064796e61737479
32842 20616a756461
32843 20656e74726567
32844 2077656967686564
32845 2065757265
32846 2042656d
32847 2061626e6f726d616c
32848 3832
32849 204a52
32850 20416b74
32851 20427269
32852 c3ba74
32853 20737461676e
32854 212a
32855 20776567656e
32856 206c65616b696e67
32857 20576f726473
32858 204d6175
32859 20767565
32860 204c69616d
32861 d0b0d0bdd0b8d0b5d0bc
32862 20636c696e696369616e73
32863 2050756d70
32864 2066c3b6727374
32865 3f2e2e2e
32866 206175746f6d6f74697665
32867 204f77656e
32868 7a75736167656e
32869 2048756e64726564
32870 20646563656e7472616c697a6564
32871 2062756c6273
32872 20d79cd79b
32873 2070726f76696e636573
32874 204d696c616e
32875 3831
32876 6b6173
32877 20eb93a3
32878 20666f72c3a761
32879 2072696768746c79
32880 e5b3b6
32881 72c485
32882 2076656e756573
32883 20776169
32884 2070726564696374696e67
32885 2057694669
32886 20eab681eab888
32887 d8b1d988
32888 20d794d796
32889 63656e74757279
32890 206772616475616c
32891 2050726f626c656d65
32892 20ec9785
32893 20636f70696e67
32894 2042727573
32895 207065616e757473
32896 697274736368616674
32897 20d0b7d0b0d0bb
32898 2054726f79
32899 20737065726d
32900 204d69746172
32901 2054c3bc726b697965
32902 6772616e64
32903 a6ad
32904 20d79ed7a1
32905 2070616e73
32906 204b6e6f776c65646765
32907 6265726c79
32908 20d095d0b3d0be
32909 2064616e636564
32910 2046726f7374
32911 2042757267
32912 20626974696e67
32913 eca095ec9d84
32914 6d65616c
32915 206865726f6963
32916 206d6f74686572626f617264
32917 204c69636874
32918 e381a3e381
32919 6c6c616e
32920 d0b0d0b9d0bd
32921 20d180d18fd0b4
32922 20e0b980e0b8
32923 6f6e656e
32924 69726965
32925 417274
32926 72616e67
32927 cebdceb7
32928 206e6577626f726e
32929 20616d6973
32930 20d8a7d988d8b1
32931 20736f70686f6d
32932 204361726566756c
32933 2070726f737065637473
32934 656e73656e
32935 20746872696c6c
32936 205669e1bb8774
32937 4164616d
32938 726974696f6e
32939 656e74726963
32940 7564656e
32941 20636572746966696361746573
32942 206173686573
32943 e8aabf
32944 706c6179696e67
32945 20736164656365
32946 206f7374
32947 20616972706c616e6573
32948 d180d0bed0ba
32949 6f6e6572
32950 206d61676e657369756d
32951 20676f6464616d6e
32952 2031393732
32953 20536368756c65
32954 2074656d6174
32955 20706172746f7574
32956 e0af82
32957 20696e7665
32958 20536369656e7469737473
32959 20487564736f6e
32960 77696e6e696e67
32961 63656b73696e
32962 20636f6e6772657373696f6e616c
32963 6f7275
32964 20726f706573
32965 d0b2d0b5d0b4
32966 206d61647265
32967 206665727279
32968 20436f68656e
32969 2050726564
32970 2076616779
32971 20d0b1d0b5d181d0bf
32972 206d756c74696d
32973 20647261696e616765
32974 2073696d756c61746f72
32975 676967676c6573
32976 205374616469756d
32977 d0bed0b1d189
32978 206e6f7469636573
32979 20637261776c696e67
32980 2067726f757065
32981 e58fb8
32982 206b746fc59b
32983 20596f6761
32984 206d6564696461
32985 20d185d0b2d0b0d182
32986 204c697465
32987 20726176
32988 6f72616d61
32989 20646973636f7264
32990 2044495245
32991 20746568
32992 204e757273
32993 e7b289
32994 2070697463686564
32995 206261726b696e67
32996 20436f6b65
32997 77696164
32998 20706f70756c61746564
32999 e999a4
33000 70656c6c6564
33001 20d0b1d0bed0b3
33002 207065776e6f
33003 2043756265
33004 20726563727569746564
33005 e98099e7a8ae
33006 2043617261
33007 c4b1c49fc4b16ec4b1
33008 696d61746564
33009 20d188d0bad0bed0bb
33010 6963696f6e616c
33011 20d0bfd180d0bed184
33012 20636f6e74616d696e6174696f6e
33013 20c3ba6c74696d6f73
33014 206665617266756c
33015 20656c657068616e7473
33016 757369
33017 206954756e6573
33018 205377616d69
33019 eabc
33020 20ec84a4ebaa85
33021 205269636861726473
33022 206d61676e657473
33023 205269636874756e67
33024 204c6567696f6e
33025 e88f9c
33026 206b69747479
33027 206b6973736564
33028 207761746572696e67
33029 20636f6e6f
33030 2050616c657374696e65
33031 69646972
33032 206d617a65
33033 20666c75696473
33034 2050726f6475636572
33035 204b72736e61
33036 e5a5bde595a6
33037 6c6166
33038 20d790d795
33039 206d6965737a
33040 2058696e67
33041 6f696e746564
33042 7365696e
33043 2046756b
33044 2044657072657373696f6e
33045 2044757479
33046 2050616e74686572
33047 2073756e64
33048 20726566657265
33049 206578636c7573696f6e
33050 206e6176616c
33051 2057696e73746f6e
33052 20736c6f67616e
33053 206879706f746865746963616c
33054 20656c6576617465
33055 eba0b9
33056 2063616265c3a761
33057 20476573756e64
33058 6d65746572
33059 20ec9584eb8b88eba9b4
33060 20636c6f756479
33061 e280a63f
33062 2053636872697474
33063 204a53
33064 ec8d
33065 20537072696e6773
33066 20426174746572
33067 b7b0
33068 207461696c6f72
33069 2050545344
33070 2047656e74
33071 206261c49f
33072 2073706174756c61
33073 2063726179
33074 204c656769736c
33075 2073c3ba
33076 206c657665
33077 e0b8b2e0b8a1
33078 2065726164
33079 20646f6e67
33080 206465726d
33081 2042616e6b73
33082 6963686f
33083 e58588e7949f
33084 204672616e7a
33085 726176656c
33086 e98194
33087 d0bed0bbd0be
33088 20666c757465
33089 20456b
33090 206a6f7966756c
33091 20636861736564
33092 204c61726765
33093 4f766572
33094 20656e7472657072656e65757269616c
33095 20636f6e736964657273
33096 d183d0b5d0bc
33097 6f7061
33098 20646f726d6972
33099 20456c656d656e74617279
33100 2070727a79706164
33101 d183d181d0bad0b0
33102 20d0bed187d0b5d180
33103 7567656e65
33104 2074656e69646f
33105 206c756761726573
33106 eba5
33107 20d187d0b0d181d182
33108 2073616f
33109 206272616964
33110 2056657265
33111 205265696368
33112 20506f7373
33113 20696e616e
33114 77616e64
33115 726566
33116 206d6f6e74726572
33117 2031393831
33118 e795aa
33119 6173c4b16e6461
33120 206368726f6d65
33121 205472696e697479
33122 206578706c6f69746174696f6e
33123 2053656e7365
33124 20434d53
33125 204e6f626c65
33126 20ec84a0ed839d
33127 207377656c6c696e67
33128 656c656374726f6e6963
33129 5d3f
33130 206272757368696e67
33131 206c6971756964697479
33132 20486f6f6b
33133 20436f6e6e6f72
33134 20416c756d
33135 206775636b656e
33136 7375697465
33137 207769656c65
33138 2062617272656c73
33139 20526567656c
33140 204d656e74
33141 2054726970
33142 204272757368
33143 204572696b
33144 7572617465
33145 c99972
33146 20437972
33147 6f75626c65
33148 204265636361
33149 2070617373776f726473
33150 c5b1
33151 626f7267
33152 2076656e646f
33153 20436c617573
33154 2046617a
33155 696e64657374
33156 206465636561736564
33157 20636f6d70617269736f6e73
33158 204c4344
33159 20506f726b
33160 206576656e7475616c
33161 2070617472656f6e
33162 20696e6162696c697479
33163 20657874696e6374696f6e
33164 20eca28bec9584ed9598eb8a94
33165 20d181d0bed181
33166 616a75
33167 20d791d790d7
33168 20736f666f7274
33169 2064657374696e6564
33170 2052696e
33171 206d6f75746873
33172 204e6174c3bc726c696368
33173 2070726573657276696e67
33174 206c696d70
33175 e9bba8
33176 6f6375736564
33177 d0b8d0bdd0b3
33178 206578706f73696e67
33179 20cebe
33180 eb8d
33181 6c61756768
33182 2068697373
33183 e381a0e3818be38289
33184 20696e646965
33185 20646574616c
33186 d180d0b0d0b2d181d182d0b2
33187 207472c3aa6e
33188 e695b0
33189 206f676e69
33190 2073696d706c656d656e7465
33191 2031393738
33192 20676f6f
33193 2031393637
33194 2067656e7567
33195 68c3b6
33196 2068697374c3b3
33197 e5ae9f
33198 206c6f6273746572
33199 63656e646f
33200 207465696c
33201 20616c6c657669
33202 30303030
33203 4f4c44
33204 207065736f73
33205 20626f6e75736573
33206 20616d69
33207 207265766976616c
33208 20486f727365
33209 207361636b
33210 54616c6b
33211 206d756c686572
33212 20d0bfd0bed181d182d0bed18fd0bd
33213 20486f6f64
33214 487568
33215 20ebb681
33216 206879756e67
33217 204d656574696e67
33218 20696d706f727461
33219 20ecb0beec9584
33220 205665726e
33221 207374726970706564
33222 2072656675736573
33223 207175616c696669636174696f6e73
33224 6f706c
33225 80eb8f84
33226 6978c3ad
33227 2064696162
33228 6974696d65
33229 666c6f7773
33230 20696e6163
33231 20476f6e67
33232 206d65616e696e676c657373
33233 20636f75726167656f7573
33234 206d6963726f6269
33235 617a79
33236 68697374
33237 20766f6c756e74656572696e67
33238 564945
33239 2076696f6c61746564
33240 2073796d7061746879
33241 2045646974
33242 e5a5bde5838f
33243 656c656374726963
33244 70726f64756374
33245 2070616e64656d6961
33246 2067656f6d6574726963
33247 20436f6e76657273
33248 677265
33249 20676c7574
33250 6973746564
33251 20d8a7d984d983
33252 20436861696e
33253 2050726573656e74
33254 2059696e
33255 20d181d0bed0b3
33256 20566c6f67
33257 20ec96b4eba8b8
33258 20646f6e6e
33259 206869746368
33260 75636b696e67
33261 e3818ae38184
33262 77616c64
33263 7269736b
33264 2068617269
33265 204b656e73
33266 2049646f6c
33267 20d0b2d0bdd0b8d0bcd0b0d0bdd0b8d0b5
33268 20746f6464
33269 20736d6173686564
33270 20696e76617269
33271 20d0bad0bed0bdd182d180
33272 206175746973746963
33273 ec9ea5eb8b98
33274 526573
33275 d0b4d18b
33276 63686175
33277 2073656c76
33278 2068c3a47474656e
33279 e0a4bf
33280 2065787065637473
33281 cf81ceb7
33282 2061c3a7c4b16b
33283 2048545450
33284 6c65c59f
33285 207377656570696e67
33286 2042657461
33287 20636f756e7465727061727473
33288 6162696c65
33289 2053696d73
33290 4373
33291 207265706172
33292 737175
33293 2070726f76696e6369616c
33294 207368617265686f6c64657273
33295 2072756e746572
33296 2067656461636874
33297 205465656e
33298 206772616e6473
33299 e794a2
33300 61676c6573
33301 20726f636b79
33302 76656e73
33303 20726976616c73
33304 756e616c
33305 20726561637473
33306 eba9
33307 206d657263757279
33308 204c75696769
33309 20d0bed0b3
33310 204a555354
33311 206c6f64
33312 20636f72746578
33313 776967
33314 206c616b68
33315 eca491ec9790
33316 20566963
33317 204d756e64
33318 206d6170706564
33319 2044656c6c
33320 20447275636b
33321 206c69666573
33322 d0b0d0bbd18cd0bdd0bed0b5
33323 6976696475616c
33324 6164c4b16d
33325 206174726176
33326 20466c7567
33327 204b6c65696e
33328 eab1b0ec95bc
33329 e0b8abe0b899
33330 206170706c69
33331 e0aebe3f
33332 c3bc796f72756d
33333 20d0b8d0bdd182d0b5d180d0b5d181d0bdd0be
33334 20646973696e66656374
33335 3e2d
33336 206368616d7061676e65
33337 206b6c61
33338 6f70657273
33339 5472616e73
33340 20446573657274
33341 2063756c746976617465
33342 204675636b696e67
33343 6964656c697479
33344 20d182d0b0d0bd
33345 20696e637562
33346 2074656d75
33347 206c6561726e6572
33348 666f756e646572
33349 2053796c
33350 e38280
33351 206661746f
33352 7a696572
33353 20ec9786ec9db4
33354 20ec88a8
33355 2070737963686f
33356 20d182d0b5d0bbd0b5d184
33357 2072656761726465
33358 20726570726573656e746174696f6e73
33359 206c697469676174696f6e
33360 207370616e6e
33361 756c7473
33362 62696f72
33363 e8a68be381a6
33364 e4b88de5a49a
33365 20537572766579
33366 204c454473
33367 207472c3a4
33368 206cc3aa6e
33369 20616e74696f786964
33370 d0b5d180d0bed0bc
33371 20696e64756374696f6e
33372 20666f6f6c6564
33373 c3a4747a6c696368
33374 20d0b3d0bed0b2d0bed180d18fd182
33375 2046616374
33376 756d626169
33377 20776967676c65
33378 4e4f554e
33379 2064c3a976656c6f7070
33380 20436c61726f
33381 20ecb8
33382 ebac
33383 e381aae38293e381a0
33384 20616363756d756c617465
33385 206d61696e7461696e73
33386 eb84
33387 2046696768746572
33388 ed86a0
33389 206d6174696e
33390 20636f75706f6e
33391 207374756e74
33392 2064656275746564
33393 e5be85e381a3e381a6
33394 2070726167
33395 d0b8d0b2d0b0d0b5d0bc
33396 3733
33397 20657870726573
33398 20ec98a4ebb9a0
33399 20d0bfd0b5d180d181d0bed0bd
33400 2063616c63756c7573
33401 20616272757074
33402 20496e73706563746f72
33403 6f757274
33404 e69699
33405 c5ba6e69656a
33406 696e74656e7365
33407 4261
33408 206c6f756e6765
33409 20617374686d61
33410 204869c3a7
33411 aabb
33412 20656469746f7269616c
33413 207365697a65
33414 206bc4b172
33415 206d6f757665
33416 20746965727261
33417 20746573746f737465726f6e65
33418 207268
33419 204b696e6773746f6e
33420 454c4c45
33421 20526570726573656e746174697665
33422 2031393734
33423 20696261
33424 5473
33425 20736f727461
33426 20283f29
33427 20d8aad988
33428 20eb82b4eba0a4
33429 2062656b6f6d6d74
33430 2073706972697475616c6c79
33431 20646973746f72746564
33432 4d6164
33433 207265696d
33434 c3a16e68
33435 204f74746f6d616e
33436 2052656c6967
33437 20456c73
33438 2072657461696e6564
33439 204c6175676873
33440 e680bb
33441 20534153
33442 20d0bad0bed0bbd0b8d187d0b5d181d182d0b2d0be
33443 d795d7aad7a8
33444 20696e6e6f76617465
33445 206b6f726b
33446 20d180d0b0d181d181d0bad0b0d0b7d18bd0b2
33447 6f6e64657265
33448 697669
33449 617965
33450 6f756e7479
33451 20d0bfd0bed0bbd183d187d0b0d0b5d182d181d18f
33452 2062756e73
33453 e585ab
33454 2079c3bc7a64656e
33455 20737572676572696573
33456 d8a3d986
33457 2062616e6b727570746379
33458 77656c74
33459 207369616d6f
33460 206461726b657374
33461 2048616e6e
33462 676761
33463 20666f726d6173
33464 20446a
33465 6e616d6564
33466 20736869656c6473
33467 75656c6c6572
33468 20466577
33469 206c616365
33470 20667572696f7573
33471 205955
33472 20736f63696574616c
33473 206a756467656d656e74
33474 20446f73
33475 206a6162
33476 6c617773
33477 207265696e76656e74
33478 204b6174686572696e65
33479 2043686f69
33480 61646f7773
33481 2072616e73
33482 6f64656e
33483 204d696477657374
33484 6ec4b16e
33485 206465706f7274
33486 20446970
33487 e7b485
33488 206174656e6369c3b36e
33489 20436f7572746e6579
33490 697669646164
33491 20daa9db81
33492 206566666963616379
33493 2042726f6f6b73
33494 20726566657272616c
33495 20d0bad0bed0bdd186
33496 206d616c6963696f7573
33497 206b6972
33498 20476f6464657373
33499 2066756e6b79
33500 20696e746572696d
33501 204bc3b672706572
33502 20ec96bceba7
33503 6b7572
33504 20d0bad0bbd0b8
33505 207472756373
33506 67657365747a
33507 207a7567
33508 20476cc3bc636b
33509 204d696e757465
33510 2070726573746967696f7573
33511 206e69657a
33512 20636f6e63656e74726174696f6e73
33513 d0bbd0b0d181d182d0b8
33514 20536973
33515 20566974616d696e
33516 6b6f76
33517 20504253
33518 20d0bdd0b5d0b5
33519 2072657461696c657273
33520 20636f6e76656e74696f6e73
33521 2053616d616e746861
33522 2070726f75646c79
33523 4a6f7264616e
33524 204a41534f4e
33525 61746b
33526 20747269737465
33527 207374c3a472
33528 20726569746572617465
33529 20706f73746572696f72
33530 2031393733
33531 2050696e65
33532 204a756c696574
33533 207065646972
33534 6b696c
33535 206f7665726c617070696e67
33536 206578636c756465
33537 2065636f6ec3b36d
33538 2061636365707473
33539 2053746572
33540 e6b1ba
33541 20ec9ab4eb8f99
33542 6573746162
33543 20747567
33544 617267
33545 206c6976726f
33546 d8a7d8b5
33547 207365616d73
33548 20627572617961
33549 20656c6c6f
33550 20544d
33551 20506177
33552 20496e646578
33553 457863
33554 20696e737069726174696f6e616c
33555 2064756e6b
33556 e8b081
33557 616b746572
33558 20636f6e646974696f6e6572
33559 2053616c7574
33560 c5826563
33561 20ec89bd
33562 20d183d0b7d0bdd0b0
33563 20526f6d656f
33564 6672756974
33565 20594f
33566 206368e1bb89
33567 d0b1d183
33568 626f6e73
33569 20726570726f64756374697665
33570 206f72616461
33571 20ed9aa8
33572 2074656e746172
33573 206d61c3b1616e61
33574 e382ac
33575 20736f6c76656e74
33576 4a657373696361
33577 204c6567616c
33578 20747561
33579 20736963
33580 204551
33581 61756b6565
33582 ec8b9ceb8ba4
33583 20c59e75
33584 20616468657265
33585 2054756c
33586 20e0ae86
33587 2074657874626f6f6b73
33588 204669667468
33589 20657870657269
33590 2063686963
33591 2068656170
33592 696e656c79
33593 61747261
33594 54776f
33595 2068656c656d61616c
33596 206672656e
33597 e68ea8
33598 20626973686572
33599 d8a7d8b4
33600 20ec84a0ec839d
33601 205461676573
33602 2073e1bbb1
33603 2062756c6c696564
33604 d8a4
33605 2062656e656669746564
33606 2050726576696f75736c79
33607 20d18dd184d184
33608 d98d
33609 2073656e617465
33610 204d6f726d
33611 696a6b65
33612 20466c75
33613 20696e636f72706f726174696e67
33614 6a61636b
33615 20d0bfd0b8d182
33616 20696d706c79
33617 206861636b73
33618 2052494348
33619 20d0bad0b2d0b0d180
33620 20d0bfd180d0b5d0bad180d0b0d181
33621 20646570656e64656e6379
33622 20ec9aa9
33623 20ecb185
33624 2077c3a46872656e64
33625 2073756c6c61
33626 2050697474736275726768
33627 206573656d70696f
33628 bceba19c
33629 70726f74
33630 20526f73656e
33631 20496e646570656e64656e6365
33632 20706172736c6579
33633 696567656e
33634 20686177
33635 20617175656c6c
33636 20434150
33637 20d180d0b0d0b1d0bed182d0b0d182d18c
33638 20436c696666
33639 696f6e6172
33640 207365637572696e67
33641 e68891e58091e79a84
33642 cebdceb5
33643 207574696c6973
33644 20636f756c65
33645 2050696e67
33646 207472656b
33647 2066616b
33648 20656e6f726d65
33649 20ec8bab
33650 e8aea9
33651 20646f75626c696e67
33652 20d0bdd180d0b0d0b2d0b8d182d181d18f
33653 20686564
33654 686f76656e
33655 205374616e64696e67
33656 206dc3ad6e
33657 204a696d696e
33658 206d6f6e61726368
33659 20636f6b65
33660 206d72
33661 20636c6963
33662 c38d
33663 20696d70656163686d656e74
33664 206475726162696c697479
33665 20766172696f73
33666 20636f6d6d65726369616c73
33667 206772656574696e6773
33668 205269
33669 2041707072656369
33670 ec9e88eb8a94
33671 2072c3a973756c74
33672 c3a97274
33673 2073616c757465
33674 20706f6465726961
33675 2073756e72697365
33676 7665636b
33677 2072656c756374616e74
33678 20636f6d6d697373696f6e6572
33679 e5bfb5
33680 c3a27465
33681 204b656e6e79
33682 2053697269
33683 e38383e38397
33684 20eb8a98
33685 204545
33686 20756e6368
33687 d0bad0bed0bd
33688 20d8a7d984d8a5
33689 2062656c7473
33690 2068617373
33691 20d0bcd0bed18f
33692 20646973706c61636564
33693 2061627261
33694 ceadcebb
33695 20736372617463686573
33696 20636f6d6574
33697 20617574686f72697a6174696f6e
33698 204c4c43
33699 2070726f64756b
33700 207265686162696c69746174696f6e
33701 e59e
33702 d196d187
33703 7564696e67
33704 6f6c6974
33705 20313035
33706 20657870616e6473
33707 20616c747269
33708 204b6f6d6d656e74
33709 20616e66
33710 506c
33711 204d616e61
33712 666564
33713 20627269
33714 206f7261
33715 4773
33716 20477572
33717 75636b6c616e64
33718 206a756e6374696f6e
33719 2069726f6e6963
33720 2046656564
33721 207072616b74
33722 2048616d6d6572
33723 8ceb8f84
33724 205472616379
33725 e7b5b1
33726 204173696465
33727 d0bdd0b5d0b3d0be
33728 20d0b8d181d0bfd0bed0bbd18cd0b7d0bed0b2d0b0d182d18c
33729 207a616a
33730 20657175697461626c65
33731 2063757262
33732 20e38193e3828c
33733 206465726976617469766573
33734 2070757070696573
33735 204b656e6e657468
33736 20436f6d706c
33737 696772616d
33738 20476172636961
33739 2922
33740 20486172626f72
33741 65737469616c
33742 20e4be86
33743 20657273
33744 e6b9
33745 20756e77616e746564
33746 2062656c616e67
33747 d0b0d0b3d0be
33748 656d62
33749 646f73
33750 20ec999ceb
33751 20427564676574
33752 20626174746c696e67
33753 d8add8aa
33754 6b6f6b
33755 d0bdd0b0d187d0b0d0bbd0b0
33756 20706c6167
33757 2063616e7469646164
33758 20677275706f73
33759 20706c7567696e73
33760 6c6572696e69
33761 20d0b8d0bcd0b5d0b5d182
33762 20736f7a75736167656e
33763 6f6c696373
33764 20707565626c6f
33765 2072656d696e6973
33766 72c3a46e
33767 204d6f727269736f6e
33768 206c696e6861
33769 2062726561746873
33770 205461737465
33771 20656e6672656e74
33772 20446f636b6572
33773 20d0b4d0b5d0bd
33774 206574686e6963697479
33775 20776f62
33776 2073756666657273
33777 207472616e736974696f6e696e67
33778 2052616e6765
33779 c499647a79
33780 20d0bad0b0d182
33781 2073796e6572
33782 20646f6e7574
33783 2070726f626162696c6974696573
33784 204f6d6172
33785 5768696368
33786 75697368
33787 6973696e
33788 2064656d6f73
33789 20eca080eab8b0
33790 20eb9891eab099
33791 20d0b5d0b4d0b8d0bd
33792 206365727665
33793 206a6f6b61
33794 49414e
33795 206b696c6f6d65746572
33796 20686f72697a6f6e74616c6c79
33797 2042686167
33798 202d3e
33799 204d6f6e69746f72
33800 206b6e6f776c6564676561626c65
33801 20666176
33802 2070696e6e6564
33803 2065426179
33804 69636b6572
33805 20ec9ea0eab990eba78c
33806 205869616f6d69
33807 206361706974
33808 206e70
33809 2031393635
33810 686f65
33811 206e6f6b
33812 2053616765
33813 20d0bdd0b5d0bbd18cd0b7d18f
33814 20546f77
33815 67616d
33816 20646963656e
33817 20535542534352494245
33818 207265626f6f74
33819 2070616a
33820 20ebb3b4ec97aceb
33821 20746869636b656e
33822 205265616c697479
33823 6964c3a46e
33824 4e61
33825 20eab283ec9d80
33826 212129
33827 20726f7574696e6573
33828 20d0bed0b4d0bdd0bed0b3d0be
33829 20657874696e67
33830 20eca69d
33831 2073756c667572
33832 206361727665
33833 2061737465726f6964
33834 2057617272696f72
33835 2070686f746f6772617068657273
33836 2070656c6c
33837 2063726f73736f766572
33838 e68891e79fa5e98193
33839 20686163656d6f73
33840 204e656a
33841 20736574746c696e67
33842 2069726d
33843 20426f6f6b73
33844 69656e74c3b474
33845 206573706163696f
33846 205363686f6c617273
33847 20646f6f6d6564
33848 20495253
33849 776f686c
33850 207365677565
33851 20eb8884eab080
33852 20707261746963
33853 4254
33854 20436f6e7369646572696e67
33855 2042756666616c6f
33856 20747261696e696e6773
33857 206765627275
33858 20476c65696368
33859 2070697261746573
33860 20656e76656c6f70
33861 2072656f70656e
33862 696d6174
33863 20746565
33864 2073756564
33865 666568
33866 20d794d7a7
33867 206469657473
33868 206a756e746f73
33869 6173746f
33870 206d6973756e64657273746f6f64
33871 207275696d
33872 20636c617373696679
33873 20d0bfd180d0bed0b4d183d0ba
33874 20696e7365
33875 20696c6c7573747261746564
33876 20636f72726f73696f6e
33877 20616363726564
33878 2041756e746965
33879 20d0bfd180d0b8d0b2d0b5d182
33880 204c495645
33881 2072656b
33882 2072656365697074
33883 e588b0e5ba95
33884 20426172626965
33885 20536e616b65
33886 7475726e
33887 4a656666
33888 e3818ae3818a
33889 9584
33890 564f4943454f564552
33891 636f6c6c
33892 2072756e6e657273
33893 eca09ceb
33894 6f736f73
33895 6d6f6f6e
33896 206b65796e6f7465
33897 20496e73746974
33898 535045414b
33899 20706c756773
33900 2063757276
33901 2059757269
33902 20546865726573
33903 205073
33904 20cebccf80cebf
33905 20636f6e766572746572
33906 20726566696e65
33907 20626164617373
33908 20cebfceb9
33909 20726567656e
33910 617a7a69
33911 d98ad981
33912 207365697a6564
33913 2069c3a76572
33914 696c6565
33915 20757073747265616d
33916 2062756473
33917 2070696d
33918 20ed9598eba3a8
33919 20616c6c75646564
33920 207468656d6564
33921 20636f6e73697374696e67
33922 20626f6e73
33923 756e757a
33924 20d0bfd180d0bed0b2d0bed0b4
33925 204c6f76656c79
33926 e0a58b
33927 20706172616368
33928 20537461617473
33929 e99a8a
33930 2073656c656374697665
33931 2066617365
33932 2047656f72676574
33933 20636f6361696e65
33934 20726570726f64756374696f6e
33935 204c617261
33936 204c44
33937 206768
33938 4a6f6e
33939 206cc3a5
33940 20eb9190eb
33941 207479706564
33942 2042616e61
33943 eb939ceb
33944 207361766f7279
33945 205a6f6d62
33946 7374616e64656e
33947 207065646573747269616e
33948 2064696666c3a972656e7473
33949 20ec8bb8
33950 e889af
33951 20636f6d706c61696e6564
33952 e7a68f
33953 20d09ad182d0be
33954 20d79cd7a4
33955 616c69c59b6d79
33956 206d6f72746172
33957 2076657264696374
33958 20737566696369656e7465
33959 204d696c6c696f6e
33960 6d697474656c
33961 696e616c73
33962 20d8a7d984d8ae
33963 d0b0d18ed181d18c
33964 206d69c499647a79
33965 204f6c65
33966 20696e76657274
33967 637a79c487
33968 d0bed0b7d0bcd0bed0b6d0bdd0be
33969 73746172746572
33970 2061756469746f72
33971 2053636f7574
33972 636869656e
33973 2053766572696765
33974 7566666c6564
33975 207a65686e
33976 204175636b6c616e64
33977 20617267656e74
33978 2031393736
33979 20486f65
33980 20626f7468657273
33981 20736f6369616c697374
33982 20706c69657273
33983 20656d657267656e
33984 205850
33985 d0b5d180d0bed0b2
33986 4d6f7265
33987 204c657669
33988 20416e64657273
33989 6962696c69646164
33990 20506172656e7473
33991 20696e6475636564
33992 ec96b4eca4
33993 2062616c616e636573
33994 20d0b2d18bd188
33995 207375626d6172696e65
33996 5374617274
33997 206472696573
33998 20766f6c766572
33999 207469636b696e67
34000 636f7474
34001 2066616a
34002 7072c3a973
34003 2053616262
34004 20d0b7d0b0d187
34005 20d0bfd0bed0bad183d0bf
34006 2062617074697a6564
34007 204272696c6c69616e74
34008 20d091d0bed0b3
34009 206d6f7473
34010 62697473
34011 206c617474696365
34012 e68891e8b79fe4bda0
34013 20636f7269616e646572
34014 207265736964656e6379
34015 796e63
34016 207069657277737a79
34017 204b6e6f636b
34018 205a6170
34019 20d095d0b2
34020 eab2ac
34021 e5b08fe5bf83
34022 20756e6576656e
34023 204a6173
34024 6f646f72
34025 e7bf92
34026 3734
34027 2053697465
34028 2061636f6e7465636575
34029 796d7074
34030 207472696c6f6779
34031 206c616e7465726e
34032 205a75636b6572
34033 76617269
34034 77656c6c696e67
34035 20506f7461746f
34036 676f6d657279
34037 2072656163746564
34038 204368726f6e
34039 206a656465
34040 6265656c64
34041 207477656e74
34042 206c616374
34043 e6a882
34044 2072c3a97365
34045 2072656c656e74
34046 206675726e616365
34047 20776964676574
34048 2065617274687175616b6573
34049 2041646a757374
34050 696c6974
34051 20d8a3d988
34052 2068656172696e6773
34053 20646566656e64616e74
34054 697273696e697a
34055 206261736b
34056 636a61
34057 9ca8
34058 207269666c6573
34059 20696e7374616c
34060 20466f7267697665
34061 706963616c
34062 20d09ed187d0b5d0bdd18c
34063 2070657469746573
34064 206870
34065 2072656e6f776e6564
34066 20496e6e
34067 20eca3bcec84b8ec9a94
34068 20656d70686173697a6564
34069 e997aee9a298
34070 20ec9e88eca3a0
34071 20eab283ec9cbceba19c
34072 e38286
34073 c593
34074 67696c69
34075 44617665
34076 2065786861757374696e67
34077 c5827567
34078 20736368656d61
34079 cebcceac
34080 6379636c
34081 20617574616e74
34082 2070617263656c
34083 206d617465726961
34084 204265727279
34085 20d181d0b0d0bcd0b8
34086 20657874726163746564
34087 20536179696e67
34088 69736d61746963
34089 20d0bfd0bed0bfd180d0bed0b1
34090 206e6575726f6e
34091 6772617068
34092 9ceba9b4
34093 20656e636c6f73757265
34094 204a6f68616e6e
34095 2061667465726d617468
34096 d182d0bed0b1
34097 2075c5bc79
34098 2073616d70
34099 333630
34100 204d6569
34101 207461636f
34102 207265636570746f7273
34103 2070756e63686573
34104 20486f6a65
34105 20d987d986d8a7
34106 3d2223
34107 20416e67756c6172
34108 206d757369717565
34109 20726f6c
34110 20c3b1
34111 737465727265696368
34112 20636c616d
34113 205472656173757279
34114 6368656d6963616c
34115 2061706172
34116 20617070656e64
34117 20666f72626964
34118 2048616d62757267
34119 d0b0d0bad0bed0b2
34120 20eab888
34121 696c6461
34122 207072657061726174696f6e73
34123 206d6f67c485
34124 2063616d696e6f
34125 45726963
34126 20426c696e64
34127 e88887
34128 e5b9b4e79a84
34129 20446973636f76657279
34130 ecb8a0
34131 e788b6
34132 20696e746572707265746572
34133 2062726564
34134 205073616c6d
34135 20646566656e646564
34136 ec89ac
34137 20457266616872
34138 205065616368
34139 206d6f6f6e73
34140 204f7374
34141 207370c3a96369616c
34142 2061727269766572
34143 20576973
34144 756369
34145 20726f626f74696373
34146 495645
34147 207369656765
34148 61726c61
34149 20736570617261746573
34150 205443
34151 ed8fb0
34152 71756973697465
34153 20706172656e746865736573
34154 d0b8d0bad0b5
34155 e7ab99
34156 2074726f7573
34157 e5bbba
34158 20d181d0b8d0bbd18c
34159 206265657273
34160 20d0bfd0bbd0b0d182
34161 e38199e38194e38184
34162 20736f6c61
34163 2064c3a873
34164 6d696e6768616d
34165 696b7465
34166 206f6f7073
34167 20747769746368
34168 e5b087
34169 cf88
34170 2053686f756c646e
34171 75767265
34172 206c656572
34173 6372697074696f6e73
34174 20657965736861646f77
34175 2047756f
34176 20506f77656c6c
34177 20737570756573746f
34178 20616e61
34179 72616c73
34180 204d6f6e747265616c
34181 2073757266696e67
34182 20d09fd0b5d180d0b2
34183 d79ed795
34184 206d696c6c697365636f6e6473
34185 2073756275726273
34186 20706c616e657461
34187 d183d188d0bad0b0
34188 68726c696368
34189 204859
34190 20d8b3db92
34191 204d4d
34192 20456666
34193 e58fafe6849b
34194 204853
34195 616e736f6e
34196 20eca781eca091
34197 2073756f
34198 206465706c6f79696e67
34199 206b756e74
34200 746572696e67
34201 206572656374
34202 ec9ea5ec9db4
34203 20ec9d8cec8b9d
34204 2073706563696d656e
34205 212e2e2e
34206 e68891e8aaaa
34207 206c69676e65
34208 206b6f6e7374
34209 6164657175
34210 20ec8381ed839c
34211 206163636573736564
34212 20506f6c65
34213 6b696c6c
34214 20ebb284eb
34215 2061757468656e746963697479
34216 20617070656c6c65
34217 756c6c65
34218 207265766973696f6e
34219 20676f617473
34220 d0b3d0bbd0b8
34221 20706175
34222 2052616e676572
34223 20496d6167
34224 617574686f72
34225 20657665
34226 204d657373656e676572
34227 206e6179
34228 2077686f6c6573
34229 c3a4747465
34230 206f6e7761726473
34231 204465706f6973
34232 20ed919ced9884
34233 2053415253
34234 2077737a7973746b696368
34235 20646573747275
34236 756d62696e67
34237 20636f6d7061746962696c697479
34238 206d6973696e666f726d6174696f6e
34239 6f646f7265
34240 204661766f72
34241 656b6f
34242 8f8c
34243 7761756b6565
34244 205465616368696e67
34245 204b4f
34246 2062657474696e67
34247 20717565737473
34248 207669767265
34249 20d0bcd183d0b7d18b
34250 2073616761
34251 207377656c6c
34252 2067656865
34253 e6808ee9babce6a8a3
34254 20d0bed180d0b3d0b0d0bdd0b8d0b7
34255 2067696465
34256 2047726f7373
34257 2064616c656a
34258 20636c617773
34259 e1bb9963
34260 207072656a7564696365
34261 20696e7369676e
34262 69686f6f64
34263 20706c6564
34264 2064c3b36e6465
34265 20506f6c69746963616c
34266 207072656d69736573
34267 756e64657274
34268 d8b9d8aa
34269 6f6e6e656e
34270 2065737061c3a76f
34271 2066c3a9
34272 204861727269736f6e
34273 2043656e737573
34274 2063617264696f
34275 20646979
34276 206d696c696575
34277 206a6f75726ec3a965
34278 2052656c65617365
34279 4e4945
34280 204d756b
34281 6964c3a965
34282 e1bb8d69
34283 2069c3a7696e6465
34284 9e99
34285 207265736f6e617465
34286 206d6f6c6573
34287 20466c79696e67
34288 20476c6f726961
34289 20506173746f72
34290 204172656e61
34291 e5a5bde4b88de5a5bd
34292 4e4f4e
34293 d0bed0bbd0bed0b2
34294 20616c6cc3ad
34295 6f6d6174
34296 ec96b4eb8f84
34297 206361726163746572c3ad7374
34298 206465636c696e696e67
34299 d196d18f
34300 616e636f
34301 20496e666f726d
34302 206261726761696e
34303 20627573686573
34304 204e61747572616c6c79
34305 20726563687473
34306 2054656e736f72
34307 205061747269636961
34308 207072696e636970696f
34309 204d756d626169
34310 20776f6d62
34311 206e6f73747261
34312 2064696c656d6d61
34313 20697267656e6477616e6e
34314 2031393634
34315 20656e657267c3ad61
34316 20d0bdd0b0d180
34317 207365677265676174696f6e
34318 204174686c6574
34319 20c2bb2c
34320 2079656e69
34321 2053656974
34322 2076656e6f6d
34323 2064616b696b61
34324 20eb8f8ceb
34325 20c3896c
34326 20667573
34327 204d6f67
34328 a6bdeb8b88eb8ba4
34329 2072656d6172
34330 205465646479
34331 2062726561737473
34332 6963616e73
34333 e694b6e79c8b
34334 6b6170
34335 2068c6a16e
34336 204a50
34337 e383b3e382bf
34338 20726573757272656374
34339 20ec9db8eb
34340 6865726963616c
34341 20666f746f67726166
34342 204a6f73c3a9
34343 206c6976656c69686f6f64
34344 206269626c69
34345 74657269
34346 20766f727374656c6c656e
34347 20414141
34348 20617373657373696e67
34349 5941
34350 2073706c656e64
34351 206578636176
34352 206261707469736d
34353 796c6c
34354 776f77
34355 4d6163
34356 20706c617374696373
34357 74656f6b626f6b6b69
34358 20696e74c3a972657373616e74
34359 20636f6d6d616e646564
34360 2066616d6f75736c79
34361 20d098d0bbd0b8
34362 204d616e75656c
34363 20736f75746877657374
34364 206465666f726d6174696f6e
34365 c3ad63756c6f
34366 20d0bdd0b0d185d0bed0b4d0b8d182d181d18f
34367 20506174746572
34368 646567726565
34369 20637ac49973746f
34370 222d
34371 20ec858b
34372 206d616e676572
34373 2054727573746565
34374 80eba6ac
34375 2070756e746f73
34376 697661626c65
34377 20766f6c6174696c65
34378 20eb8a90
34379 20696e73746162696c697479
34380 206369656c
34381 6369c485
34382 20707572697479
34383 d0bdd0bed181d182
34384 53696c
34385 65646172
34386 e599a8
34387 4e4f554e434552
34388 207370656c6c6564
34389 474552
34390 2073616e637475617279
34391 20616363656c65726174696e67
34392 2073636f7574
34393 20d0bfd180d0b5d0b2
34394 66616872656e
34395 e38193e381a1e38289
34396 20eb8298ec98a8
34397 20706f637ac48574
34398 204d6575
34399 6b616172
34400 b3b4eab3a0
34401 616b7261
34402 446f776e
34403 20c38472
34404 20456c697465
34405 20616c6c6f6e73
34406 206d61796f6e6e61697365
34407 205375737461696e
34408 70726973696e676c79
34409 207375706572766973
34410 20eab7b8eba087eca3a0
34411 20756e656d706c6f796564
34412 2066726573686c79
34413 20d79ed7a2
34414 204468
34415 207461636b6c696e67
34416 206f6772
34417 20ecb488eb
34418 e38288e3828d
34419 206c6f6674
34420 61726168
34421 204169726c
34422 20446972
34423 20d09cd0bed0b6d0bdd0be
34424 20626f6f6b696e67
34425 20435241
34426 206874747073
34427 2063686f6b65
34428 20676f776e
34429 206e6f697465
34430 207a6163
34431 6973746f6c
34432 207365637265
34433 20726573656d626c6573
34434 2063756164
34435 ec82aceab080
34436 73686f77
34437 20626c616e63
34438 20616775
34439 205072696e74
34440 6173746564
34441 2057656174686572
34442 69706c
34443 206f627363757265
34444 20636f6e7465
34445 6f75676873
34446 293b
34447 2044616d65
34448 e4b880e79bb4
34449 20636c6172696669636174696f6e
34450 20696e74696d616379
34451 207570686f6c64
34452 204d6972726f72
34453 207761676f6e
34454 78696465
34455 20636c6f67
34456 6170706572
34457 20496d6d6564696174656c79
34458 c3ba6465
34459 20746f756368646f776e
34460 20726f6f6674
34461 d0b0d188d0b0
34462 20c3a7c4b16b74
34463 206c616973736572
34464 20556e7265616c
34465 656e736974697665
34466 20313233
34467 20706c6173746572
34468 206475636b73
34469 2065746d65
34470 20626973686f70
34471 6272657669
34472 20626963
34473 e4b88be58ebb
34474 2072756e74696d65
34475 20616d626974696f6e73
34476 d0bcd0b0d182
34477 205765696e
34478 204d617269
34479 20ed8ab8eb
34480 207265736f6c766572
34481 206e67c3a079
34482 2052697365
34483 e38288e38186e381ab
34484 2043727573
34485 206d65726368616e64697365
34486 20656c69
34487 20737461746577696465
34488 206f776c
34489 e981a0
34490 e694b9
34491 207477697374696e67
34492 20636f6e74616d696e61746564
34493 20436f6d6d65726365
34494 687974686d
34495 20c388
34496 20ec8ba4eb
34497 206d7573737465
34498 756972
34499 2073756d73
34500 20536f6d657768657265
34501 e3838e
34502 206b616d69
34503 206169726564
34504 20414e44524557
34505 20eaba
34506 207669656e646f
34507 20616e7469626f6479
34508 206162736f6c756d656e74
34509 2070726f74657374657273
34510 205175c3a9626563
34511 7374616474
34512 536861756e
34513 206368616d62657273
34514 2057656172
34515 2045666665637473
34516 2068617a61726473
34517 206e6569
34518 20636f72617ac3b36e
34519 20e1bc
34520 205347
34521 94a9
34522 20ec97adec8b9c
34523 20636f6d6679
34524 20436f6479
34525 2070656e73616e646f
34526 2067616e736b61
34527 204163726f7373
34528 c3b66c6c6967
34529 6162797465
34530 207765646765
34531 206b616c69616e
34532 207369677565
34533 656e646573
34534 2047726fc39f
34535 207574696c69736572
34536 20666c6f776e
34537 d0b0d0bdd0b8d18e
34538 206c65766172
34539 726573747269616c
34540 20696c6c757374726174696f6e73
34541 2061736cc4b16e6461
34542 424c454550
34543 20d0b4d0bed181d182
34544 20747572726574
34545 207375697463617365
34546 7a69c4996b69
34547 20736b657463686573
34548 206163726564
34549 20526569
34550 207473756e
34551 20536167
34552 20746869726473
34553 204b49524259
34554 726169
34555 2068756d616e6f73
34556 207265636f6d6d656e6473
34557 2065787472616f7264696e6172696c79
34558 20636f6d6d656e63656d656e74
34559 4b4e
34560 6f70657a
34561 20d791d7a9
34562 206c657468616c
34563 20457374616d6f73
34564 20696e73706563746f72
34565 2053656f6b
34566 65756e
34567 206f666673686f7265
34568 2067657474696e
34569 7965617273
34570 2053696c656e6365
34571 204e61747572
34572 7570756e
34573 2074727a79
34574 206e6f676574
34575 2068616d627572676572
34576 20507261697365
34577 c3a96e64
34578 2031393731
34579 796c6965
34580 6b726974
34581 20ec839deab081ec9db4
34582 e79aae
34583 206d6f6d656e746f73
34584 20657374c3a9
34585 2064697373656d696e
34586 2067696773
34587 206465736166
34588 2061766973
34589 205a6f6f
34590 20ec958aec9d80
34591 68c3a46e67
34592 e58fa5
34593 68616b65
34594 204269736d
34595 2072657468696e6b
34596 204d616c636f6c6d
34597 206964656e746966696573
34598 6c6f776572
34599 6978656c
34600 207476c3a5
34601 6b6564
34602 6965727a
34603 20c3b66666656e746c696368
34604 2070726f636c61696d
34605 736f6f6e
34606 6c6f6c
34607 206c6f69
34608 2062697474656e
34609 726f6c6c6f
34610 207365726d6f6e
34611 2065737175
34612 206a61636b657473
34613 206772c3a1666963
34614 20d0bfd0bed0bad0b0d0b7d18bd0b2
34615 20636162657a61
34616 63686f647a69
34617 2070656c766973
34618 206e6f7374616c676961
34619 2062726577
34620 2073686f727463757473
34621 204164656dc3a173
34622 20737570657266696369616c
34623 e585a9e5808b
34624 20626f6361
34625 20e68891e698af
34626 696d656e746f73
34627 e59ba0e4b8ba
34628 207370726f757473
34629 e9a39b
34630 204a6f6e6173
34631 20466c6f72656e6365
34632 737461746963
34633 6461756768746572
34634 2a29
34635 c5826279
34636 66617368696f6e
34637 2047696e676572
34638 20eba7a4eb
34639 20687573746c65
34640 75746f73
34641 20d182d18fd0b6
34642 204cc3b673
34643 d7a9d799d79d
34644 616e796368
34645 7475626572
34646 2074696479
34647 2066726f6e74616c
34648 20776869736b6579
34649 2068756d6964
34650 20ce9f
34651 207269646765
34652 206d6172696e
34653 206269656e74c3b474
34654 20436172726965
34655 636877
34656 20746168756e
34657 204572676562
34658 4652
34659 20eca095ebb680
34660 20536f6c64696572
34661 20656e6c69676874656e6d656e74
34662 206578616d696e696e67
34663 204e6f747265
34664 206572616d
34665 2053756e6e79
34666 206c617965726564
34667 2044617a75
34668 7261646573
34669 e5a5bde59083
34670 20d0bdd0b0d188d0b5d0b9
34671 2074696d626572
34672 206d616e6e657273
34673 204269726d696e6768616d
34674 206d696e696174757265
34675 6f6d6574657273
34676 2066696c6c6572
34677 20526970
34678 204b6f6d62
34679 6f776e6572
34680 ecbf
34681 696469616e
34682 2064656dc3a173
34683 20d988d8aa
34684 2070726563617574696f6e73
34685 20676f7665726e6f
34686 7a656c66
34687 20436f6d706c657465
34688 e5b883
34689 205068616e746f6d
34690 e381bee3819a
34691 20d0bdd0b5d0b7
34692 20d0bad0b0d180d182
34693 20416e74776f7274
34694 205066697a6572
34695 204672616e636f
34696 2077c582
34697 2066726967
34698 6573706572
34699 206b616c65
34700 2066696c6d6d616b6572
34701 206b757274
34702 20696e76616c6964
34703 e5b180
34704 6172656c6c61
34705 c4836e67
34706 72616d656e746f
34707 206e7574726974696f6e616c
34708 206469637461746f7273
34709 206166696e
34710 2066757a7a79
34711 2047696e61
34712 c3b374
34713 2045787472656d6164757261
34714 2064656d6f6e7374726174696f6e73
34715 204d6f6e74676f6d657279
34716 ed95b4ec84a4
34717 2047616e646869
34718 e3839d
34719 e7bdae
34720 207265756e696f6e
34721 206a616b69c59b
34722 205a7567
34723 4f554748
34724 6c696674696e67
34725 20e0b2
34726 e1b99be1b9a3
34727 6562
34728 20574f57
34729 205368697661
34730 6f6d65747279
34731 2077696c646c79
34732 2074656e646564
34733 206d65676170
34734 ecb298
34735 206e61757365
34736 20676572656b
34737 e3838b
34738 204d617263656c
34739 206e65737465
34740 d8aed8b1
34741 20666568
34742 e58685
34743 73757370656e736566756c
34744 2057726573746c65
34745 2050616c657374696e69616e73
34746 20474f5244
34747 69796574
34748 20d180d0b0d0b4d0b8
34749 2076657273756368656e
34750 207472616e736973746f72
34751 20d09fd180d0bed181d182d0be
34752 20d0bfd0bed0bdd180d0b0d0b2
34753 207268796d65
34754 205665726d6f6e74
34755 706c61747a
34756 e8aeb0
34757 20c4b0c59f7465
34758 20486167
34759 20d098d0bc
34760 20d180d0b0d181d181d0bad0b0d0b7
34761 206d6574726f73
34762 20496e66696e697479
34763 776f6c66
34764 6962616c
34765 66746967
34766 20da86
34767 20ed98b9ec8b9c
34768 206f676769
34769 20646973706f736974
34770 20d0bfd180d0b8d0bb
34771 20d0b2d18bd0bfd0bed0bb
34772 207468c3b469
34773 204b454e4e
34774 2068616e64696e67
34775 6163747573
34776 207461636f73
34777 20666f726d65726c79
34778 20436f72696e746869616e73
34779 e381abe381af
34780 d186d196d197
34781 207061647265
34782 20636f6e677265676174696f6e
34783 e691
34784 66657274
34785 207375626972
34786 6169736572
34787 717561
34788 6172616f68
34789 204375727279
34790 20ec958aeb8a94
34791 d0b5d0bbd18e
34792 2066757373
34793 20626f6f7479
34794 206c6f7773
34795 20686f6d6d6573
34796 204d48
34797 204469736e65796c616e64
34798 77656e74
34799 2072657369647565
34800 2062656570696e67
34801 e8bc95
34802 c3a4747461
34803 206d6f756c64
34804 2050726f6a656b74
34805 7374616c6b
34806 206172746966616374
34807 20416e74726167
34808 20414d44
34809 204372797074
34810 20eba994
34811 2046656c697065
34812 20434f42
34813 656c75
34814 2073656c66696573
34815 2053616e7469
34816 636875747a
34817 20d0a3d0bad180d0b0d197
34818 676573616d74
34819 20666c6f636b
34820 6a617a
34821 706c61696e
34822 207772696e6b6c6573
34823 207265616973
34824 2070616c6a6f6e
34825 20656d706f7765726d656e74
34826 20617474656e64656573
34827 707061
34828 206e6564656e
34829 d0bed0bdd18b
34830 2074696d656672616d65
34831 20436865727279
34832 206964c3a965
34833 20676167
34834 20646f6e6b6579
34835 20c3b46e67
34836 2048617265
34837 e99a9b
34838 204b617261
34839 2061636f6d70616e
34840 706c61636573
34841 696d69656e746f73
34842 2048616d6d
34843 d0b1d0b8
34844 7562656e
34845 696c69796f72
34846 20746869727374
34847 206b7279
34848 2047656f726765746f776e
34849 d7a0d794
34850 206f726368
34851 20686561727462656174
34852 207472616e73666f726d6174696f6e73
34853 6573746f6e6573
34854 204b48
34855 20636172746f6f6e73
34856 20616e6369
34857 20776f7274686c657373
34858 207461696c6f726564
34859 7075
34860 416d65726963616e73
34861 2070696c6573
34862 204d6f6e6b6579
34863 20626173696e
34864 2054656d706572
34865 205061696e74
34866 2070756e6368696e67
34867 206261696b
34868 204f616b6c616e64
34869 767265
34870 c59f616c6c6168
34871 796464
34872 2063617375616c6c79
34873 6f6475
34874 20636f646564
34875 204e6f7277656769616e
34876 2056696e6365
34877 207072656d6174757265
34878 2050726f6d697365
34879 d0b5d0bad181d182
34880 2064657661737461746564
34881 205072656d69756d
34882 20506172616d
34883 20c396796c65
34884 756d757a
34885 504f
34886 7261746f7273
34887 206c616d7073
34888 207465727269746f7269616c
34889 206261636b626f6e65
34890 6c6973746564
34891 4459
34892 20d8a7d984d8b1
34893 2070757273756564
34894 20436f6d6d6f6e73
34895 20eab3a1
34896 6c6f636b73
34897 65646f72
34898 20636f6e636569766564
34899 67657265
34900 20646973617070656172696e67
34901 2053756c6c
34902 20ec97b0eb
34903 20686f666665
34904 206465746f78
34905 ed948c
34906 207265746972
34907 20eb819deb82
34908 2070657267756e7461
34909 20424f59
34910 e7b2be
34911 2070656e6e
34912 e69da5e4ba86
34913 68c3a973
34914 686f6e
34915 20636174617374726f70686963
34916 2061757374
34917 20746f72736f
34918 20ec96b4eb8a90
34919 20ec82aceb9e8ceb93a4ec9db4
34920 206d617276656c6f7573
34921 204861726c6579
34922 616368696e65
34923 207469e1babf
34924 6974746f
34925 2049c3ad6d
34926 796c6f6e
34927 2073687574646f776e
34928 2e2727
34929 2061706f6c6f67696573
34930 20436f6d6d756e69636174696f6e
34931 20d0b3d0bed0b2d0bed180d18e
34932 e38182e383bc
34933 e284a2
34934 c3ad76656973
34935 6163756e
34936 2072657461696e696e67
34937 20636f6e74726164696374696f6e
34938 204144414d
34939 434f4d
34940 427279616e
34941 204d6f6e7369657572
34942 206164617074696e67
34943 d0a8d090
34944 20536372
34945 c3a46e64657274
34946 20706c617573
34947 e4bb8ae5a4a9e79a84
34948 206f6e736574
34949 20617373697374616e7473
34950 2076616c766573
34951 2073636174746572
34952 2052757374
34953 61776961
34954 2072656164696e657373
34955 2070616973
34956 206269626c65
34957 20616d6269656e7465
34958 20d0b0d0bcd0b5d180d0b8d0ba
34959 20756e636f6e64
34960 206b616c6b
34961 e58aa8
34962 206d6f63
34963 756e6e
34964 2061637475
34965 2068756d6d696e67
34966 697373696d6f
34967 20506174726f6c
34968 676f77
34969 e383a4
34970 2054484559
34971 20426f64656e
34972 20426965
34973 207265656c
34974 20d183d181d0bbd0bed0b2
34975 20656e646561766f72
34976 20506572696f64
34977 7573746f6d6564
34978 6d616c73
34979 616c6f6e
34980 426f78
34981 20cf83ceb1cf82
34982 206f6d646174
34983 20616c747265
34984 20486568
34985 6b6164
34986 2070726f746563746f72
34987 20646f6d696e616e6365
34988 6f64796e616d6963
34989 20636f6d6d756e696361746564
34990 6bc3b6
34991 207072656465636573736f72
34992 204c756b
34993 20466c6f776572
34994 20e381a9
34995 706f717565
34996 d182d0b8d180d0bed0b2
34997 20726574726f7370656374
34998 206465636973697665
34999 206578656d70656c
35000 7b5c
35001 2052c3bc636b
35002 72697465
35003 205a657573
35004 2063616c6f726965
35005 2061747472616374696f6e73
35006 2048696e746572
35007 2075686d
35008 20ed8c90
35009 2072756c657273
35010 20646973636f757261676564
35011 2061636f6e7465636572
35012 20616363656e7473
35013 204f7074696d
35014 20416c67
35015 6b696473
35016 32303231
35017 204c696e64736179
35018 2066696c6d6d616b657273
35019 70726f776164
35020 207465727567
35021 eb8bb4
35022 20536f6d6d6572
35023 32303138
35024 20626f72726f77696e67
35025 205472616e73666572
35026 d0bdd0bed0bf
35027 6172696173
35028 206865616470686f6e65
35029 ecbc9c
35030 207472616e736c6174696e67
35031 206175666765
35032 e0aeaae0ae9f
35033 77656973
35034 6176616e74
35035 70616964
35036 62616279
35037 20746f756768657374
35038 2072657065617473
35039 20546572657361
35040 4c6f7264
35041 20616361626172
35042 2052696465
35043 646972
35044 206c656e67
35045 20647761
35046 20686561646163686573
35047 206ee1bbaf61
35048 20d0bdd0b0d181d182d0bed18fd189
35049 20626f696c73
35050 206c6f6e67696e67
35051 72696173
35052 c3b372696f
35053 205061726164697365
35054 205365c3b16f72
35055 657264656d
35056 207265696e7374
35057 2073616c6172696573
35058 20696e7365637572697479
35059 c5826fc59b6369
35060 20d0b0d0b1d181d0bed0bbd18ed182d0bdd0be
35061 696e6b656e
35062 2045646479
35063 75646f73
35064 2064756d6d79
35065 d09ad0b0d0ba
35066 736978
35067 20696e626f78
35068 e1baa9
35069 50656f706c65
35070 e1bb936e67
35071 206f7267616e697a657273
35072 66696e64
35073 20c3bc6c
35074 20434f4d
35075 c5bc61
35076 7765696c65
35077 436f6d6d656e74617279
35078 ed8ab8eba5bc
35079 204d697474656c
35080 6b7573
35081 e89b8b
35082 e0a4a8
35083 6972616c
35084 206761726d656e74
35085 ceb9cebaceac
35086 2073746f6f6c
35087 706179657273
35088 207368696d6d6572
35089 204f6c6c6965
35090 204a65c5bc656c69
35091 e8bf98e69c89
35092 2031393737
35093 206a657578
35094 20657874696e6374
35095 205472616e73706f72746174696f6e
35096 204d616b6572
35097 206a6f686e
35098 2072696368657374
35099 20747261756d6174
35100 206c696567656e
35101 b4eba5bc
35102 e8bf99e9878c
35103 20756e72657374
35104 205374726177
35105 e68b9ce68b9c
35106 20636f6d61
35107 204b72697374656e
35108 20d09ad0bed0bdd0b5d187d0bdd0be
35109 204272796365
35110 20d18fd0bad196
35111 20706561726c73
35112 20d0bfd0bed0bdd0b8d0bcd0b0d18e
35113 206164646974696f6e73
35114 206173796d7074
35115 20d0bcd0b5d0bdd18cd188d0b5
35116 207363616e73
35117 4368696c64
35118 2048696465
35119 d0bad183d18e
35120 65746173
35121 2064616e6b
35122 20706c656173
35123 20657373617973
35124 206a657473
35125 e58592
35126 20d0b2d0b5d0b4
35127 20706f73697469766573
35128 686f66
35129 2d29
35130 7a7a6f
35131 207374617274657273
35132 20736d696c6564
35133 2031393434
35134 717569657261
35135 20726f6b
35136 2070756573746f
35137 4e69636f
35138 2073696d756c6174696f6e73
35139 20e0b6
35140 20696e74726967756564
35141 204f7665727761746368
35142 e59682
35143 73696768
35144 626169
35145 20eba790eab3a0
35146 6964c3a9
35147 206372616273
35148 e1baad70
35149 204972617169
35150 ec9db4eba5bc
35151 d182d18f
35152 20536f70686961
35153 20444e53
35154 20c3b66e656d6c69
35155 204c756f
35156 9da4
35157 20436f756e73656c
35158 6c6967656e
35159 d0b0d0bdd18cd188d0b5
35160 207472756d706574
35161 206461706174
35162 204a4d
35163 204556455259
35164 20e5b08de4b88de5b08d
35165 e5a4a2
35166 204c61796572
35167 2063c3b4
35168 d0bdd0b0d0bb
35169 204a6f6f
35170 204861636b
35171 2073756e74
35172 204c656f6e617264
35173 204669726562617365
35174 c3a46e676572
35175 206578706c6f64696e67
35176 766f79
35177 20eca690
35178 20d181d0b5d180d18c
35179 207365766572697479
35180 2062657374696d6d
35181 e7b590e69e9c
35182 20746972696e67
35183 2070726f637572656d656e74
35184 206469706c6f6d616379
35185 206465636f726174697665
35186 20d98ad8a7
35187 2070656e6574726174696f6e
35188 d5ab
35189 206f75747269676874
35190 454e45
35191 20556e69
35192 6f646c6573
35193 207a65726f73
35194 2064656c6967687466756c
35195 6a6d
35196 20646f706f
35197 e6b2a1e4ba8b
35198 20706f7369746976697479
35199 205649535441
35200 205265736f75726365
35201 ed8380eb
35202 d188d0b8d0b5
35203 4361726c
35204 20706970696e67
35205 2063686f7070696e67
35206 2047616e7a65
35207 c3bc7373
35208 20416f
35209 20736861747465726564
35210 20446574656374697665
35211 20756e646f75627465646c79
35212 2068616c6c7563
35213 20656e6368
35214 d18bd187d0bdd0be
35215 d183d0bbd18fd180
35216 697365737469
35217 20706564616c73
35218 20647572756d
35219 a4ed94
35220 6c61696d6572
35221 2070726f707265
35222 4375
35223 207472616e736c61746f72
35224 206361c582
35225 20eab7b8eab1b8
35226 206361c58279
35227 5541
35228 2072657669736564
35229 20d0bfd0bed0b4d0bed0b1
35230 2041727469636c65
35231 204861697469
35232 20c393
35233 204374726c
35234 20726f7a6d
35235 6c616974
35236 206c65747a7465
35237 6973706572696e67
35238 646973706c6179
35239 20616c756d696e69756d
35240 2070616c6162726173
35241 20636f6e6f636572
35242 207a697474656e
35243 206469726967
35244 e58faae69c89
35245 20627261696e73746f726d
35246 2077696669
35247 205061727469636970
35248 2076696577706f696e74
35249 205175616e
35250 206869657261726368
35251 57656c636f6d65
35252 e5afbe
35253 206f6666656e
35254 205265636f76657279
35255 67616e6f
35256 576f756c64
35257 20726570726f
35258 2070657263657074696f6e73
35259 2064656d617369
35260 2042616e676c6164657368
35261 20496e6372656469626c65
35262 206c65747a74
35263 206265686176696e67
35264 206173746f6e697368696e67
35265 20e286
35266 20eb82a8ec9e90
35267 e8b5b0e4ba86
35268 e38394
35269 20474f52444f4e
35270 434152
35271 3f2122
35272 205072657374
35273 20eba79eec9584ec9a94
35274 2074616e64
35275 206c617368
35276 e78a
35277 69666963616e74
35278 20696e746f6c6572
35279 20d0b3d0b5d180d0be
35280 20746575
35281 61736f
35282 20d181d0bed0b2d0b5d182
35283 2074726176656c657273
35284 2053796e64
35285 20d0b2d0b5d180d181
35286 466f6e6461
35287 6164c4b1
35288 207472616e736372697074696f6e
35289 20746974616e69756d
35290 20747769737473
35291 2067656172626f78
35292 656e736174696f6e
35293 666174
35294 436f6c6c
35295 20436f6d6d6f6e7765616c7468
35296 7a6f6e
35297 20506f6c697a6569
35298 204150504c41555345
35299 667279
35300 204a756461
35301 65737465656d
35302 20736f636b
35303 204a7567656e64
35304 20d0bad181d182d0b0d182d0b8
35305 2044726f
35306 2070726f636861696e65
35307 e383bce383ab
35308 206c696b736f6d
35309 20456e6572676965
35310 204d6172696e61
35311 20323330
35312 20eab080ec849c
35313 756d70696e67
35314 206c6f6e65
35315 e7b49a
35316 20666f6e7473
35317 20627573696e6573736d616e
35318 20706c79
35319 20646f65
35320 67726964
35321 204d696c7761756b6565
35322 204564656e
35323 21222e
35324 20db8cdb81
35325 6f67656e73
35326 20746561736572
35327 20717569c3a96e
35328 20696e63656e746976
35329 676f7665726e
35330 206368696c6463617265
35331 20736e65616b657273
35332 20696d707269736f6e6564
35333 c2ae
35334 d0b8d182d0b5d181d18c
35335 616e62756c
35336 2072656761696e
35337 207472616e7175696c
35338 5265646e6572
35339 e99ba8
35340 494641
35341 206964656f6c6f676963616c
35342 206d61796f72c3ad61
35343 20627572656175
35344 657465726d
35345 20444944
35346 ec8ab7
35347 20776176696e67
35348 20626562
35349 20c3a172
35350 20d0bad0b2
35351 20656e766f79
35352 616e7574
35353 d0b8d0bad183
35354 20456e7669726f6e6d656e74
35355 20417373617373
35356 e38293e381a7
35357 204272656164
35358 20d0a2d183d182
35359 20737461697263617365
35360 2044697365617365
35361 20617563756e
35362 20eb8b88
35363 20636f6e66726f6e746174696f6e
35364 2031393431
35365 2069726f6e79
35366 20776f727368
35367 e3828ce3828b
35368 206669636b
35369 204e616f6d69
35370 206261636b73696465
35371 69657578
35372 4b6170
35373 20766564657265
35374 206c656e67746879
35375 20627265616b6572
35376 20526f6c6c65
35377 207072656461746f72
35378 206e6f73736f73
35379 20616476657274697365
35380 e8b387
35381 d180d0bed0b4d0b5
35382 5265646e65727765636873656c
35383 726574656e
35384 20636f6c6c6563746f7273
35385 c4b1c49fc4b16dc4b17a
35386 2074726967
35387 2061786573
35388 696e74657273
35389 2070656e616c74696573
35390 204f736d616e
35391 204a656e6e61
35392 20666c616b6573
35393 20747261696e657273
35394 207374756e6e6564
35395 205363726f6c6c
35396 20506970
35397 20d0bdd0b0d181d182
35398 206e68c3a0
35399 20536d61636b
35400 e1baab6e
35401 7261746f73
35402 20d180d0b0d0b1d0bed182d18b
35403 2075637a
35404 204c656d6f6e
35405 2053696e64
35406 2070737963686963
35407 20416267
35408 206d616d6d616c73
35409 20696d6d657273697665
35410 20626f7473
35411 20766572736368696564656e65
35412 20676572616c
35413 20666f6c6c6f776572
35414 20e4bb96
35415 20736567757269646164
35416 20696d6d6572736564
35417 666569746f
35418 63726f7373
35419 20c3b66c64
35420 ed8384
35421 20e38193e381ae
35422 20d794d799d790
35423 204a69616e
35424 2062696c69796f72
35425 61726561
35426 206b6166
35427 20676f6474
35428 e79bb8e4bfa1
35429 20ebb0a9ec86a1
35430 2064657472696d656e74
35431 e6a59a
35432 d196d0bb
35433 20c491c3a275
35434 2063686c6f72696465
35435 c3b87265
35436 6c6569
35437 206d6f6e7465
35438 2064696666c3a972656e746573
35439 e0af812e
35440 2063617265676976657273
35441 20696e6164657175
35442 206661726577656c6c
35443 20d182d0b8d0bfd0b0
35444 6f6e746563
35445 20457068
35446 484848
35447 20546f646f73
35448 20d0a1d0a8d090
35449 2074726f76
35450 206c696765
35451 2063c3b46e67
35452 20436976
35453 20636170617a
35454 2056616c6c616869
35455 20717565737465
35456 207265706c696361
35457 d8b3d8a8
35458 7a6e61
35459 20d181d0bbd183d0b6
35460 205054
35461 77617665
35462 69656e69
35463 2072656c696564
35464 646576656c6f70
35465 2064656d65
35466 20416d616e
35467 205b2e2e2e5d
35468 20636f6d706c696d656e7473
35469 75616973
35470 20ed8ca8
35471 20736d656c6c696e67
35472 2064616475726368
35473 d988d8aa
35474 206f72616e676573
35475 20d0bbd0b0d0b9
35476 2073746162696c697a6174696f6e
35477 e5808d
35478 e3828ce3819f
35479 e6a5bd
35480 206170706c69616e636573
35481 20686d
35482 8390eba9b4
35483 6f64796e616d696373
35484 206369c499
35485 20436f7474
35486 4d4f4e
35487 204d616e67
35488 e694afe68c81
35489 20616c6c657264696e6773
35490 ceb9cebaceae
35491 73686f7473
35492 207473
35493 2047c3b672
35494 2043484152
35495 203a28
35496 207772617468
35497 206669717565
35498 2066c3bc6872656e
35499 2074657374616d656e74
35500 205e5e
35501 e1b99be1b9a3e1b98761
35502 414c44
35503 20746578746f
35504 20446f6773
35505 20736962
35506 207061746865746963
35507 6f636b73
35508 207261646963616c6c79
35509 204d4f5245
35510 204a414d4553
35511 20696e676c
35512 20546563686e6963616c
35513 20706f726368
35514 205554
35515 20d0bed0b1d18fd0b7d0b0d182d0b5d0bbd18cd0bdd0be
35516 2072656e6577616c
35517 2061657374686574696373
35518 696b756d
35519 206265766572616765
35520 6465726e
35521 2070726564696374697665
35522 2063687579
35523 20526567617264696e67
35524 20466f7277617264
35525 20d988d984
35526 20636f6e7465787475616c
35527 206477617266
35528 207072656865
35529 20676f7665726e6564
35530 8584
35531 2074726162616c686172
35532 206e6567c3b363696f
35533 20d0b1d0bed0bbd18cd188d0bed0b9
35534 d0b5d187d0b0d182
35535 20d0b4d183d185
35536 20666c6f6f6473
35537 20626f776c696e67
35538 204f42
35539 2048c3a472
35540 2067726164696e67
35541 eca3bceb8a94
35542 2067617273
35543 646c696e67
35544 2072616b
35545 eb88
35546 6372656174
35547 20d189d0b5
35548 206e65696768626f757273
35549 666f6f64
35550 5175657279
35551 206865726f696e
35552 6963657073
35553 204b696e6461
35554 4e4554
35555 206d617269
35556 20696d6974617465
35557 20616368746572
35558 20736574746c656d656e7473
35559 72617265
35560 6363696f6e6573
35561 20eb939c
35562 2066696b
35563 6974756e67
35564 20d0bcd0b0d0bad181d0b8d0bc
35565 20656c66
35566 2064616c6c61
35567 20506f6c736365
35568 2050756c
35569 d0a7d182d0be
35570 204d6f7267656e
35571 d8add985
35572 2073757072656d616379
35573 206b7973
35574 20487572726963616e65
35575 20475441
35576 20466568
35577 2066696e616c6d656e7465
35578 6d756e64
35579 204b726965
35580 c3a9706f717565
35581 205475636b6572
35582 495454
35583 206c7572
35584 2064697070696e67
35585 c3a476
35586 20656572737465
35587 20466c696e74
35588 62696c64756e67
35589 e0b8b9e0b989
35590 20746f696d
35591 207072616379
35592 207472616e73666f726d73
35593 207370656564696e67
35594 2070726573656e746572
35595 2066656c6c6f7773
35596 66696c6c6564
35597 69657a61
35598 206164766973696e67
35599 20496e74657276696577
35600 d0b8d0b3d180
35601 77656872
35602 2044616e7465
35603 7074757265
35604 88ebacb8
35605 afb8eb
35606 9090
35607 20436f756e746572
35608 206372697374
35609 20eca79c
35610 206a65756e65
35611 20d181d182d180d0b0d188
35612 206d6965c487
35613 207475746f72
35614 206d6173616c61
35615 20706f776465726564
35616 206e6175
35617 2046726564657269636b
35618 2062696c6c696e67
35619 20456973656e
35620 20d0b4d0bed0b1d180
35621 206d657374
35622 e6bd
35623 20736e697070
35624 206d6f6e6f
35625 20416c6f
35626 204d65726379
35627 c3a97269656e6365
35628 2063617375616c74696573
35629 20414e4e4f554e434552
35630 e4bb8e
35631 20746f636172
35632 2062616374657269616c
35633 486f
35634 2073747265616b
35635 204a454e4e
35636 20706c617374
35637 d181d0bbd0b5d0b4
35638 207265617070
35639 20706179636865636b
35640 206d696e657273
35641 68616274
35642 204a6170
35643 d0bdd183d182
35644 20726564656d7074696f6e
35645 2071756972
35646 686e6c696368
35647 20616363756d756c6174696f6e
35648 2073686f7665
35649 20616472656e616c696e65
35650 4d616b65
35651 204865726e
35652 6f7373696e67
35653 2056696c
35654 75626279
35655 686572747a
35656 627265616b73
35657 2073707572
35658 2044616861
35659 555354494e
35660 20636f6e74696e756572
35661 205361756c
35662 e381aee381af
35663 20ed8fad
35664 20eb9098eba9b4
35665 20eba790ec9480
35666 20d0bed0b6
35667 207375737065637473
35668 206c617175656c6c65
35669 204d7563686173
35670 2076c3b66c6c6967
35671 756c656e
35672 20696d70726573
35673 206c6f6262
35674 656e6565
35675 20d0bdd0b0d0b6
35676 5461
35677 2072c3a9616c6974c3a9
35678 20526578
35679 2068617276657374696e67
35680 2065737472
35681 e6b6
35682 6f7370616365
35683 4f5353
35684 2064697374757262616e6365
35685 6173736963
35686 2049736162
35687 2064c3a9636f7576
35688 2048616d707368697265
35689 206f726e616d656e74
35690 206c75c3b46e
35691 205557
35692 206ac485
35693 e982a3e4b988
35694 20726573706563746f
35695 20636f6d756e69646164
35696 20636f6d69676f
35697 61676e61
35698 20696e7472696e736963
35699 20416c756d6e69
35700 207365736c657269
35701 20657374696d6174696f6e
35702 e28094e28094
35703 2070726f64756974
35704 e38082e3808d
35705 20d0b2d180
35706 20776869726c
35707 206163636573
35708 c3a775
35709 20766172696162696c697479
35710 20766f646b61
35711 69747375
35712 20696e7465726e7368697073
35713 20616c6c6f63617465
35714 5252
35715 ed9b88
35716 20696e737472756374696f6e616c
35717 74616e74
35718 20e0ae85e0aea4
35719 20696e7669746573
35720 2068616b
35721 20736361726573
35722 2065636c69707365
35723 d0bfd0bed0b2
35724 d0bad0bed0bbd18c
35725 617469766173
35726 2073746162626564
35727 20444f4d
35728 e4b88de588b0
35729 726f6f7473
35730 2050696374757265
35731 ed98bc
35732 20434841
35733 696563
35734 c4b1c4b1
35735 68616e6f6c
35736 206d6973756e6465727374616e64
35737 526179
35738 20726f61646d6170
35739 6f63756d656e746564
35740 697a696f6e65
35741 204f6c697665
35742 72696674
35743 20d794d7a0
35744 e6af8d
35745 6c657374
35746 3b3b
35747 204541
35748 e99c80e8a681
35749 d0bed0b4d183
35750 20686f6262696573
35751 2062757269616c
35752 e381abe381a1e381af
35753 d0a4
35754 6c656765
35755 20484a
35756 206f626a656374696f6e
35757 20e381ad
35758 63746f7279
35759 20696e6372656d656e74616c
35760 2067796d6e
35761 2065706964656d69
35762 d181d18bd0bb
35763 c391
35764 20616476616e63656d656e74
35765 207061726368
35766 4e657773
35767 20617972
35768 d0bbd0b0d0bc
35769 20d79cd7a9
35770 206469706c6f6d61
35771 e381a1e38283e38293
35772 20726f62626564
35773 4f6e6c79
35774 20696e637572
35775 206368616e74696e67
35776 20ed95b4eb8f84
35777 20726963686573
35778 204361726d656e
35779 206e6f7374726f
35780 cebbcead
35781 20506f77646572
35782 e0b980e0b8ab
35783 20ec9e88ec9cbceba9b4
35784 20676572c3a7656b74656e
35785 2050696b61636875
35786 d0b5d0bcd0bed0bd
35787 4f4c4c
35788 20706c616e6574617279
35789 20736c6f7773
35790 20636c6f636b77697365
35791 616c696f6e
35792 20ec8c
35793 207665726e
35794 20686f6d6d65
35795 20656e64706f696e74
35796 20696e6e6f63656e6365
35797 20656c656d656e746f73
35798 20736f70686f6d6f7265
35799 206e6f74696f6e73
35800 20436f756c646e
35801 707572
35802 207a6174
35803 206f6273657373
35804 206d6f7469766f
35805 204b7562
35806 2044727567
35807 416e74
35808 20506c6179657273
35809 2048756d616e73
35810 206d656c6565
35811 2057696c646c696665
35812 205650
35813 20766f6c63616e6963
35814 20636f6d696e
35815 204775616e67
35816 20cf84ceb9cf82
35817 20d0bed181d0bed0b1d0b5d0bdd0bdd0be
35818 2053697a65
35819 4c697374656e
35820 20416161
35821 617070726f
35822 20626172626172
35823 205061726b696e736f6e
35824 d0bdd18fd182d18c
35825 e58db0
35826 20756e646572657374696d617465
35827 20737562737469747574696f6e
35828 20636f736d65746963
35829 e4b88be6aca1
35830 2077696c6c656e
35831 206265696465
35832 616e6e69
35833 20636f6e646974696f6e6564
35834 20446562626965
35835 206973746f
35836 2045647761726473
35837 ec9b8cec9a94
35838 20d182d0bed0b2
35839 2061626272657669
35840 204dc3bc6e
35841 205072696e63
35842 204c69616e67
35843 207374696e6b
35844 20726164696f616374697665
35845 e38186e3828f
35846 2061636f6e746563
35847 20756e636f6e
35848 20547572626f
35849 e38190
35850 206b6973736573
35851 e698afe4bb80e9babc
35852 d0b5d182d180d0bed0b2
35853 2066726f6e74696572
35854 20537079
35855 2042656c61727573
35856 20434253
35857 e1bb97
35858 616d6f746f
35859 ed959ceb8db0
35860 20d181d182d180d0be
35861 20456e66696e
35862 2062726561647468
35863 e998b2
35864 2043616665
35865 20446166c3bc72
35866 20426f7572
35867 61726173
35868 20626c75657072696e74
35869 616ec4b1
35870 20636f6e7374616e7473
35871 2061747461636b6572
35872 20466f726d756c61
35873 7a61c487
35874 20736f776965
35875 2065796562726f77
35876 6f626f6f6b
35877 207365747a656e
35878 e7acace4b889
35879 6f6e7369646572
35880 61776e696e67
35881 2073c3b6796c657965
35882 20696e7661646564
35883 2070726f6e6f756e73
35884 20646f627279
35885 5369
35886 20d0a5d0bed182
35887 20766f6c6c657962616c6c
35888 206c616d656e74
35889 697363686573
35890 61726d65
35891 617069
35892 2057696b69
35893 d0bbd0b8d188
35894 206b61736968
35895 2070657373
35896 20d184d0bed182
35897 2053756c
35898 e5beb7
35899 2070736575646f
35900 206d656d6f
35901 20ec97b0ec8ab5
35902 20d0b4d0bed0bbd0bbd0b0d180d0bed0b2
35903 20d0bfd0b5d180d0b5d0bc
35904 205265616368
35905 6d6972616c
35906 616c746564
35907 20737461747574
35908 72656164696e67
35909 2073c3b6796c6564
35910 204c696e64736579
35911 2041686d6164
35912 ebb680eb
35913 20d0a1d0b5d0b3d0bed0b4d0bdd18f
35914 2070727a79676f74
35915 20687973746572
35916 555245
35917 204e65696768
35918 5265706f72746572
35919 2042756e75
35920 20547265617479
35921 2052616e6b
35922 2046616d65
35923 696e6973686564
35924 20676561726564
35925 20636f6d706f7365
35926 6f646961
35927 204c6f6e
35928 206a65737465c59b6d79
35929 204449524543544f52
35930 20656c6b616172
35931 205669656c
35932 d790d7a9
35933 796e74686961
35934 e4b8a6
35935 206dc3a87265
35936 20546f6d61746f
35937 2065786174616d656e7465
35938 6e69c499
35939 2046726569
35940 20446966
35941 206f70656e696e6773
35942 2067726170686963616c
35943 20d183d0b4d0bed0b1
35944 20d0b2d181d0bf
35945 205765656b6c79
35946 d0b5d0b2d0b0
35947 2068616e6773
35948 20756e73616665
35949 20656d626c656d
35950 204b6f6c6c6567696e6e656e
35951 616c6179
35952 206b7369
35953 206869646573
35954 206f6c6d6179
35955 20656e74737465
35956 20617274687269746973
35957 c39f657264656d
35958 2062696e6e656e
35959 206c697374656e73
35960 2048657373
35961 e5868de4be86
35962 204c6f75697365
35963 6c64656e
35964 d0b5d0bdd181
35965 2056657273696f6e
35966 204167726963756c74757265
35967 ec8aa4eba5bc
35968 d0bcd0b0d0bd
35969 eb84a4ec9a94
35970 2077696e6573
35971 20494e46
35972 72756c
35973 204a4b
35974 c4b1796f726c6172
35975 736869656c64
35976 7265617468
35977 207465727573
35978 204c756d
35979 20616e74696369706174696f6e
35980 206163637573746f6d6564
35981 204d696e61
35982 207769656c64
35983 696fc3a8
35984 6d657261
35985 20636f756e74646f776e
35986 20636c696e67
35987 20636f6d6d656e64
35988 2066616b7469736b74
35989 20646566656e736573
35990 20636f636b706974
35991 20d0bad0bed0bcd0b0d0bdd0b4
35992 2064697368776173
35993 205468616e6f73
35994 206b69646e657973
35995 2073656865
35996 206d6963726f626573
35997 2063756666
35998 20d0b2d18bd181d0bed0ba
35999 205370696379
36000 e7ad89e7ad89
36001 e0aeb5e0aeb0
36002 63756c7573
36003 6f7263
36004 e7be85
36005 69786573
36006 20437265646974
36007 2072616a
36008 206272696e6774
36009 204e697373
36010 206772696d
36011 20534f4c
36012 2074656e696d
36013 20537564616e
36014 205370617274
36015 2070726f6d6f746573
36016 204e6f737361
36017 20d181d0bed181d182d0bed18fd0bdd0b8
36018 20ecb0a9
36019 20756e636f6e74
36020 204c69626572616c
36021 20d0a2d0bed0bbd18cd0bad0be
36022 205669656c65
36023 206b74c3b372656a
36024 202a2a2a2a
36025 4d6178
36026 20d0a7d182d0bed0b1d18b
36027 333530
36028 20ed98bcec9e90
36029 20ebb684eb93a4ec9db4
36030 2077617270
36031 2074656e6761
36032 2073796d7061746865746963
36033 2062697a69
36034 205a61636b
36035 6965646f
36036 20eb89b4ec
36037 7069656c
36038 20d182d0bed0bb
36039 207363616c6564
36040 205045544552
36041 20434f4d4d
36042 2043616d65
36043 20636174617374726f706865
36044 20737765617479
36045 6967726174696f6e
36046 207374756666696e67
36047 20cf80cebfcebbcf8d
36048 20447269766572
36049 7a797374
36050 54656368
36051 206173736573736564
36052 2053757266616365
36053 c4b172c4b16d
36054 737572
36055 6c65727765696c65
36056 20d0b4d0bed0b3
36057 207368757474696e67
36058 206672616374696f6e73
36059 20d181d0bed0bb
36060 65766572796f6e65
36061 2065726e
36062 20d09dd0bed0b2
36063 20646566656e64657273
36064 207665727375636874
36065 e383b3e38380
36066 20706f6c697479
36067 20d09fd0bed0bd
36068 7665727374c3a46e64
36069 2062726f7773657273
36070 207472616e73666f726d6174697665
36071 2064696374617465
36072 204c45474f
36073 206e696e67756e61
36074 eab491
36075 2070697a7a
36076 204861726f6c64
36077 204c6f70657a
36078 dabedb8c
36079 616ec4b17a
36080 617463686574
36081 d98ad8aa
36082 206c65726e656e
36083 20eab780ec97ac
36084 20686f75736564
36085 20636c65616e7365
36086 20574154
36087 6c61726174696f6e
36088 206279746573
36089 207475636b6564
36090 206661756c7473
36091 d0b4d0be
36092 4658
36093 20ec96bceba788eb8298
36094 206465666f726d
36095 20636f6e7472616374696e67
36096 2054494d45
36097 69727365
36098 206e6562656e
36099 2063657263
36100 2041726d7374726f6e67
36101 20746573746572
36102 2070617266616974
36103 206a65616c6f757379
36104 20746f78696e73
36105 2064697362656c
36106 d183d180d18b
36107 696d7072657373696f6e
36108 2070726f7374617465
36109 206669726577616c6c
36110 20636c617373696373
36111 d0b5d187d18c
36112 20736f6369616c69736d
36113 2067726163696f7573
36114 20d181d0bdd0bed0b2d0b0
36115 20d0b4d0bdd18f
36116 206275726e6572
36117 204d696e6f72
36118 20ec9ab0eba6aceb
36119 206a65646573
36120 20636f6e74696e75756d
36121 20686f7473
36122 206f6363757272656e6365
36123 2061646d696e69737465726564
36124 20d0b7d0b0d0bcd0b5d182
36125 2068657369746174696f6e
36126 206472696c6c73
36127 65726361
36128 20d0b2d182d0bed180d0bed0b9
36129 207374656164696c79
36130 20696e73616e6c6172
36131 206968616e
36132 ed91
36133 2068656c706572
36134 2053656e696e
36135 e5819c
36136 d0bed0b2d0b0d0bdd0b8d0b5
36137 2045524943
36138 626c61
36139 2041636164656d6963
36140 2068756d616e6974696573
36141 626c61636b
36142 756d7079
36143 6f72746578
36144 20eca088eb
36145 20d8a5d986
36146 20646973636c6f7365
36147 20456c696a6168
36148 20cebbcead
36149 2051756572
36150 d8a8d984
36151 e382a1
36152 54656c6c
36153 61726c65
36154 d196d180
36155 206175676d656e746564
36156 20ebb984ec8ab7
36157 20616e64726f6964
36158 e0a4a4
36159 61726d61
36160 20737a6572
36161 67656f7264
36162 206765656b
36163 2079657578
36164 20706f6e67
36165 20e3819de38186
36166 20746f727475726564
36167 2042617468
36168 7a6967
36169 61736f6e61626c65
36170 206e657473
36171 2062617275
36172 20466c6174
36173 205661746572
36174 20546572726f72
36175 2041766f
36176 20636572656d6f6e696573
36177 726f65
36178 d981d8b3
36179 4f7073
36180 20687976696e
36181 206170726573656e74
36182 6f6c6f72
36183 20d0b8d0b3d180d18b
36184 6f72746f6e
36185 20eab7b8eb9eac
36186 206c6f6f6b696e
36187 205459
36188 204d696e74
36189 416464
36190 206d697465
36191 20536d6f6b65
36192 206e6f7461
36193 206d6f7373
36194 204162656e64
36195 20ecbba8
36196 206578616767657261746564
36197 6669726573
36198 20726564697374
36199 6666697469
36200 206f70656e6e657373
36201 eab090ec9db4
36202 656e646575
36203 d0b5d0bdd0bdd0bed0b9
36204 5761746368
36205 20617661746172
36206 20506579
36207 7572756e
36208 2073656e7a61
36209 20eca780ec97ad
36210 204e61746f6d69617374
36211 20656d657267656e6365
36212 72617973
36213 2063726166746564
36214 67617279
36215 e381a0e38191
36216 c3bc6e67
36217 2d22
36218 206861636b6564
36219 207374726179
36220 656e636965
36221 656d6f
36222 20636f6d656e
36223 204bc4b17a
36224 204a61736d696e65
36225 2048696e6469
36226 6d616e6173
36227 20696e66696e6974656c79
36228 656d6f6e
36229 ec9db8eb8db0ec9a94
36230 6a616b
36231 20726f6172696e67
36232 c3a97269717565
36233 737765697365
36234 20526f6c6578
36235 e5a0b1e5b08e
36236 20537475617274
36237 626e62
36238 20646961676e6f7365
36239 20636f686572656e74
36240 204d4a
36241 e6ba96e58299
36242 2070696b65
36243 6c6176
36244 206f72636865737472616c
36245 d0b0d181d182d0b8
36246 207465726d696e6172
36247 20676174686572696e6773
36248 20636f6d706c69616e74
36249 20757067726164696e67
36250 20726567756c61746f72
36251 206c616ec3a7
36252 e980a3
36253 206d65726368616e7473
36254 74617761
36255 206d6f6e69746f726564
36256 2072656e647265
36257 e4b8a4
36258 20756e74657277656773
36259 616e6775617264
36260 67617264
36261 2042656c6f77
36262 6475696e6f
36263 20d0a6d0b5
36264 20696d706564616e6365
36265 ec9ca1
36266 e4bbbd
36267 20616b7475656c6c
36268 205661746963
36269 e5ada9
36270 207374657761726473
36271 20627269676874657374
36272 206b656e6e
36273 206b6175
36274 204d6174726978
36275 204261726b
36276 20f09f91
36277 207461706572
36278 20636173696e6f
36279 d7a8d794
36280 79736963616c
36281 206275696c64657273
36282 20637ac5826f776965
36283 204e6570616c
36284 202122
36285 207465726d65
36286 20696e6e796368
36287 206d61746873
36288 2064726166746564
36289 2042616c6b
36290 206865736974616e74
36291 20766f6c746172
36292 20726576697665
36293 20d184d0b8d0bbd18cd0bcd0b0
36294 20617373617373696e
36295 20536f6c7574696f6e73
36296 206475656c
36297 2062656172696e6773
36298 e0b884e0b8b0
36299 20726f6f6b6965
36300 696b6174
36301 206269736375697473
36302 20636f726473
36303 d183d0b2d0b0d182d0b8
36304 4152494e
36305 2070726f6772657373696e67
36306 20476972
36307 2070656e657472617465
36308 2053746f72616765
36309 6569676874
36310 20d182d180d183
36311 20646f6ec3ad74
36312 2073697a696e
36313 206f75746461746564
36314 20d0bdd0b0d188d0b8
36315 206166666972
36316 2073706f6f6e73
36317 206f6e69
36318 20666c616e6b
36319 20476f6c
36320 68c3a3
36321 2070c3a97269
36322 20686f6e6f7261626c65
36323 2042726561746865
36324 7363656e6573
36325 206f627669616d656e7465
36326 d0b8d0bad181
36327 20d7a9d79ed7
36328 20736d6f6f74686965
36329 9e88eb
36330 2064696d65
36331 20ed9688ec96b4ec9a94
36332 20617070656c
36333 20436174686f6c696373
36334 2073696e676c6573
36335 206c6174656e
36336 20c3a7c3bc6e6bc3bc
36337 205661646572
36338 e68f9b
36339 2076617264c4b1
36340 20497374616e62756c
36341 6772c3a9
36342 20456c7361
36343 c3ab6c
36344 20696e76656365
36345 206372616e65
36346 206f6265
36347 20536861726b
36348 20736d61636b
36349 20726573746f72696e67
36350 2e5c
36351 20ebb9a0eb
36352 206661646564
36353 756d62657273
36354 53696e67696e67
36355 2064657072657373696e67
36356 7468657374
36357 2057616872
36358 206d756c746974756465
36359 d180d0b0d0b2d181d182d0b2d183d0b9d182d0b5
36360 72696a6b
36361 656b61
36362 20636f6d706c65746573
36363 2057656c6c73
36364 20726f79
36365 2050726179
36366 204b616c6175
36367 697a696e
36368 6961c582656d
36369 206c6f636f6d
36370 204e61736876696c6c65
36371 2050656e7461676f6e
36372 ebafb8
36373 204e4557
36374 c485c487
36375 c3ad7373
36376 206d61727279696e67
36377 2066657564
36378 ed9995
36379 e680a5
36380 2921
36381 204f7065726174696f6e73
36382 d183d194
36383 206d6f6a65
36384 20696e7374727563746564
36385 20eb8884eab5ac
36386 20d794d792
36387 20d0bfd0bed0bcd0bed189d18cd18e
36388 207361626961
36389 ec9598ec96b4ec9a94
36390 706c616e65
36391 707269
36392 20d0bfd0bed0bbd0bdd0bed181d182d18cd18e
36393 204b69747479
36394 207072c3b37072696f
36395 6564657265
36396 20696e7465726573616e7465
36397 20d0b4d0b5
36398 20636f6e64656e736564
36399 206176656e74
36400 544f52
36401 20677265617379
36402 41524b
36403 6f727461
36404 414a
36405 20646973726567
36406 20636f7272656374696f6e73
36407 20737465726f
36408 20696e666c75656e7a61
36409 20646573736573
36410 2062616c6c6f7473
36411 206d65676574
36412 206d61666961
36413 2062c3b66c
36414 6e6f7374
36415 20d181d182d0b0d182d18c
36416 20726573706f6e646572
36417 2068696e74656e
36418 67726176
36419 e0b8ade0b8b0
36420 796e6368726f6e
36421 207669656e73
36422 2073616d6f
36423 206474
36424 70616e6e74
36425 20c59b77696174
36426 20d0b7d0b0d0bfd0b8d181
36427 206d6572676564
36428 206b6570
36429 206d69736c656164696e67
36430 20646967616d6f73
36431 20616d6d6f6e
36432 e8be9b
36433 63686574
36434 20eab080eca0b8
36435 20756e69
36436 20eb9098eb8a94eb8db0
36437 20d0bdd0b0d0bfd180d0b0d0b2
36438 20d0bad0bed182d0bed180d0bed0b3d0be
36439 20616e696d617465
36440 d795d790d7
36441 d0b5d180d0b2
36442 206d696e636564
36443 206b61756d
36444 e38182e38181
36445 cf80ceb5
36446 d0bbd0b5d0b3
36447 6578697374696e67
36448 20706c617461666f726d
36449 204b524953
36450 ec9ba0
36451 2046616d696c69656e
36452 204c69627961
36453 2062696f646976657273697479
36454 206964696f7473
36455 69726469
36456 20737a7962
36457 20526f6c6c696e67
36458 c3bc636874
36459 20d183d0b4d0b8d0b2
36460 d181d183d0b4
36461 207265616c697a6172
36462 2063616e6e6564
36463 20d180d0b0d0bd
36464 206d657461626f6c6963
36465 2042656566
36466 206b696c6b61
36467 d0bbd18ed181
36468 207265676973747279
36469 d0bcd0bed182d180d0b8d182d0b5
36470 207669656cc3a4
36471 206f6463
36472 20636f6e64656d6e6564
36473 e6a98b
36474 66616c
36475 2044696c
36476 776fc59b6369
36477 4177
36478 20737461746973746963616c6c79
36479 20736f67656e
36480 2042455448
36481 2073686176696e67
36482 e5b9b8
36483 6f63616c
36484 2046756e6e79
36485 20706561636566756c6c79
36486 20616464696374697665
36487 20496e73657274
36488 6c617566
36489 20657870657269656e636961
36490 e9a696e58588
36491 d0b8d182d0b5d0bbd18f
36492 c3ad67656e
36493 c3a167696e61
36494 206162646f6d656e
36495 ed959ceb8ba4
36496 69637573
36497 696d616e61
36498 ec8da8
36499 61726368696e67
36500 206b6f6e6b726574
36501 ec9598eb
36502 d0b5d0bad0b0
36503 6f75666c
36504 6976656c
36505 206e756465
36506 c3a874726573
36507 206d6f6e7369657572
36508 20636c617368
36509 2074686572617069737473
36510 206375626564
36511 20726574726f75766572
36512 2077617665666f726d
36513 20706f74656d
36514 20466f726d6572
36515 697369c3b36e
36516 e5ba9c
36517 20d790d79d
36518 756e646f73
36519 204d65696e756e67
36520 d8b5d984
36521 204a756465
36522 206ec3a572
36523 204c656f6e6172646f
36524 2043726973746f
36525 20474f54
36526 d181d182d180d183d0ba
36527 4c414e
36528 2067c3a56e67
36529 2064c3a962
36530 204672616e6b66757274
36531 20637261707079
36532 206c696c
36533 616e6ec3a965
36534 20d0bcd0b5d181d182d0b5
36535 524554
36536 204e6572
36537 20434f535441
36538 206a6564656d
36539 206375727461696e73
36540 20697465726174696f6e73
36541 20756e6176
36542 20706c61717565
36543 6f72756d
36544 20ceb6
36545 206ec3ba6d65726f73
36546 206465736170
36547 b2bd
36548 20636f6d70696c6564
36549 207265666c65
36550 2072616e6b696e6773
36551 207265706169726564
36552 20d09dd0b0d0bfd180
36553 20646f776e6c6f616473
36554 2061726d6f7572
36555 20d799d795d7aad7a8
36556 206c6f6e676576697479
36557 20544f4e4552
36558 20d0bad0bed0bcd0bcd0b5d0bdd182d0b0d180
36559 20637a65676f
36560 206e6f74696679
36561 20616972706f727473
36562 20656e647572696e67
36563 6c65747465
36564 2061707061726174
36565 20686162696c
36566 e1bb8763
36567 6e6164
36568 49434f
36569 2042726168
36570 20736567c3ba6e
36571 20676f7665726e6f7273
36572 6b616861
36573 205363686c757373
36574 206f64706f77696564
36575 697274696e67
36576 2072656d706c
36577 2041626f726967696e616c
36578 6964656e74616c6c79
36579 20656e68616e63696e67
36580 6c696374696e67
36581 20486177616969616e
36582 207374726976696e67
36583 204e696574
36584 207a6e61637a79
36585 206f62656469656e6365
36586 206ec3a5676f74
36587 2065787069726564
36588 2031393138
36589 70726573656e746564
36590 2070726f776164
36591 2054657272
36592 205072696e6365746f6e
36593 206d6f7267656e
36594 2061747472616374696e67
36595 205369676d61
36596 69676e6572
36597 20526563687473
36598 2050656b69
36599 206d65746879
36600 2068616d6d
36601 206469726569746f
36602 2064656c65676174696f6e
36603 d0b8d0b2d0b0d18ed182
36604 2067696e
36605 596f756e67
36606 20646570656e64656e63696573
36607 20427261646c6579
36608 62756473
36609 20666973
36610 20707974616e6965
36611 20696e746572636f6e6e6563746564
36612 20656d626169786f
36613 20536173
36614 20727568
36615 205369636874
36616 537572
36617 20737570657262
36618 2053616262617468
36619 2044616e676572
36620 6b6f6c
36621 20686f75
36622 73757070
36623 204e6163696f6e616c
36624 2073756363657373696f6e
36625 2076c3a1
36626 204d61c39f6e61686d656e
36627 204a6573736965
36628 20496461686f
36629 666f72657374
36630 8598
36631 20d79ed793
36632 20d8a3d98a
36633 2073776565746865617274
36634 206e6561746c79
36635 204576616e67656c
36636 eab3a1
36637 205375697465
36638 c3ba626c696361
36639 20d183d0bbd0b8
36640 20416e6e6f756e636572
36641 6c696768
36642 2073656e736174696f6e73
36643 207368656c74657273
36644 2068617274
36645 2073717565657a696e67
36646 20526976657273
36647 20436f6f6b696e67
36648 ecb185
36649 706572736f6e616c
36650 206d616e6f73
36651 d191d182d181d18f
36652 77696a
36653 20676f6767
36654 204d696c6c69
36655 204650
36656 c3bc6e7374
36657 204c53
36658 207370726179696e67
36659 2066617578
36660 206175746f6772617068
36661 6f6c6f676963
36662 20746f726d656e74
36663 20656e63727970746564
36664 e1bb85
36665 206573747265
36666 e7b9bc
36667 e0b1
36668 207374756d626c6564
36669 206169646572
36670 20736162656e
36671 78746572
36672 20436974696573
36673 2054c3bc726b
36674 eb8ba5
36675 6368696e65
36676 20746f7070696e67
36677 20706f69736f6e6564
36678 20526f6d616e6961
36679 d793d799
36680 80eba19c
36681 20d0bfd0bed180d18fd0b4
36682 206368697270696e67
36683 20ec9984eb
36684 d791d7a2
36685 206375616e746f
36686 20646f6e6174696e67
36687 20526567656e74
36688 204265727566
36689 206469737472616374696e67
36690 207374616d696e61
36691 2044617272656e
36692 20ecb695
36693 6c69737473
36694 64616c
36695 6368757373
36696 2065636f6e6f6d697374
36697 e38188e383bc
36698 6f726774
36699 2069737469796f72756d
36700 e8bf9b
36701 205375727072697365
36702 2048616f
36703 20ecb59ceab3a0
36704 204757
36705 20496e6e6572
36706 207175696572656e
36707 206d696e646564
36708 207375706572636f6d7075746572
36709 206469616772616d73
36710 ed8a9ceb
36711 eab2a0ec96b4
36712 20d0bed0b1d18ad18fd181
36713 206573746162616e
36714 2064657374726f7973
36715 20427265616b696e67
36716 206b6172c4b1c59f
36717 2072656275696c64696e67
36718 9ceb8c80
36719 d0bbd0b8d0b2d0be
36720 205361756365
36721 20467573696f6e
36722 d795d79ed7
36723 205175696e6e
36724 20676175636865
36725 20d988d8a3
36726 20c8
36727 e7939c
36728 20746563686e6f
36729 206469737061746368
36730 2061c59f6b
36731 2065696e7a656c
36732 20476d61696c
36733 e79e
36734 20eab09cec9db8
36735 20d181d0b5d0bcd18c
36736 206a6f75726e657973
36737 20696874
36738 206669627265
36739 206472616d6173
36740 6f7563686564
36741 2072656e616d65
36742 20d0bed0bfd0b5d180
36743 20706f6f
36744 20447275
36745 20d0b8d182d0bed0b3
36746 207a617374
36747 20636f7a
36748 207a75636368
36749 206f627461696e696e67
36750 20636f6d6d757465
36751 207375626d6572
36752 2056697368
36753 2052616262
36754 6f6767
36755 20687574
36756 ed9688ec96b4
36757 e6af94e5a682
36758 6572656d69
36759 20cebcceb1
36760 206469736b7574
36761 20d0b1d183d0ba
36762 20696d706169726564
36763 646570656e64
36764 20d988d8a7
36765 20d180d183d0ba
36766 20d0b1d0b0d180
36767 206f7869646174696f6e
36768 207369747561c3a7c3a36f
36769 c9996e
36770 75c3a7c3a36f
36771 207361677465
36772 20534552
36773 2043616b65
36774 207475726d65726963
36775 204b616b
36776 62756e67
36777 204be1b99be1b9a3e1b98761
36778 20706f69736f6e696e67
36779 20736c697070696e67
36780 2053617973
36781 e5b0b1e58fafe4bba5
36782 c3b26e67
36783 e79fb3
36784 c2ab
36785 20436c6175646961
36786 20436861726163746572
36787 d0bdd0b8d186
36788 636f6174
36789 2070726f67726573736564
36790 20466572677573
36791 20ec98a4eb8a
36792 206f6174
36793 6f726461626c65
36794 204c6579
36795 20486572617573
36796 20726573756c7461646f73
36797 204b61796c61
36798 2072696666
36799 20636865676f75
36800 207869
36801 2073706163696f7573
36802 207265636f676e69736564
36803 20656368
36804 20546965
36805 206c61756e63686572
36806 4a696d
36807 207375707072657373696f6e
36808 20496d706f737369626c65
36809 2067756974617273
36810 20466f7572696572
36811 d0b8d187d0b5d181d0bad0b8d0b9
36812 20546865726170
36813 204b6166
36814 63656e7465726564
36815 20d181d0bed0bed182d0b2d0b5d182
36816 206b6c696d
36817 20636172626f6879647261746573
36818 69676e616e74
36819 20417374726f6e
36820 20656d706c65
36821 2064726173746963
36822 20d0bcd0b8d180d0b5
36823 d0b2d0b8d0bd
36824 7577
36825 207072657474696572
36826 20646f6e757473
36827 20417468656e61
36828 2064697373657274
36829 20706c616e7465
36830 207572616e69756d
36831 ec9d8ceb
36832 6172c3a9
36833 20727a65637a
36834 20646973706c6179696e67
36835 e688b2
36836 2073617263
36837 72c3a36f
36838 2074616d706f636f
36839 207068696c6f736f7068657273
36840 205265636874
36841 e6939a
36842 20636f6d656e746172696f73
36843 797365
36844 20ec9ca4
36845 206d697365
36846 2047696e
36847 20d0bdd0bed0bc
36848 2046524f4d
36849 6c696e6572
36850 61746966
36851 2073706fc5826563
36852 7861
36853 20d182d180d183d0b4
36854 20776167
36855 eab8b0ec9790
36856 204d47
36857 206f6666737072696e67
36858 20556e6465727374616e64696e67
36859 e58faae698af
36860 4f5241
36861 207768697272696e67
36862 2073757272656e64
36863 20706f6b6572
36864 206d6f6e756d656e7473
36865 20e299a9
36866 206f7267616e69736564
36867 20536f7a69616c
36868 20466163746f7279
36869 d185d0b0
36870 20726573656d626c65
36871 d0b7d0b4
36872 206578706c6f73696f6e73
36873 20706179726f6c6c
36874 206f6d6e
36875 204a6f726765
36876 ceb9cf83
36877 206672616374757265
36878 207065727365637574696f6e
36879 2064656d616973
36880 454348
36881 2c29
36882 206372696172
36883 204a4f5348
36884 2064656d6f6772617068696373
36885 2031363030
36886 2063757272656e63696573
36887 2054697073
36888 20e98099e5808b
36889 205265666572
36890 2044616e63696e67
36891 20696e636f6e73697374656e74
36892 20646568
36893 20696d6d656e73
36894 206d65697374
36895 20696d70617469656e74
36896 2062656861766573
36897 e69dbe
36898 20eb82b4ec9aa9
36899 206261636b73746f7279
36900 206167726565696e67
36901 20c581
36902 6968696e
36903 2074656d7065726174757261
36904 204261636b67726f756e64
36905 206e75747a656e
36906 20eb85b9
36907 204dc3a46e6e6572
36908 20636f6c6c61626f726174696f6e73
36909 204b6f73
36910 e9818ee58ebb
36911 206e696768746d61726573
36912 eb93b1
36913 20517565656e736c616e64
36914 206173736f636961746573
36915 204b6f6b
36916 20666163746f7269616c
36917 204879756e67
36918 20eab7b8eb8ba4ec9d8c
36919 2066696c686f
36920 20656cc3a974
36921 20ed9689ebb3b5
36922 b0b1
36923 20676566756e64656e
36924 2073656d69636f6e6475
36925 20636f756e73656c6f7273
36926 205570706572
36927 20417562
36928 69636b657273
36929 566572
36930 206e6f72746877657374
36931 204d61696e74656e616e74
36932 204c616b6573
36933 d0b0d18fd0b2
36934 696e74c3a9
36935 ecb0bd
36936 20d0b3d0b0d0b7
36937 2067696f726e
36938 206469676974616c6c79
36939 2043697263756974
36940 ecbc80
36941 e3828ae381bee38197e3819f
36942 20636865657266756c
36943 205065746572736f6e
36944 2044616e697368
36945 617469766f73
36946 206c696b656e
36947 20686172626f72
36948 d0b0d0bbd0b8d181d182
36949 7865
36950 206375726c73
36951 2052686f64
36952 456e64
36953 204554
36954 206163717561696e74
36955 204b656c76696e
36956 2074726966
36957 2041776179
36958 ec9e90eb8a94
36959 7673
36960 2070c3a167696e61
36961 20696e6c6574
36962 2053616e746f73
36963 20ec9ab0ec9980
36964 20796170c4b1796f7273756e
36965 7468656d65
36966 20736f756666
36967 20696e6a6563746564
36968 2070c3b3c5ba6e69656a
36969 69766572736f
36970 616d706564
36971 206461686572
36972 20646167676572
36973 20d0bbd18ed0b1d0b8d0bc
36974 2074756d6d79
36975 20656e6c69676874656e6564
36976 63656e7473
36977 20446168
36978 206375657374
36979 e4be86e8aaaa
36980 494c59
36981 20d791d7a8
36982 2062616e67696e67
36983 20456d696c
36984 20436c6572
36985 20426f72646572
36986 d0b8d0b6d183
36987 2070726573656e74657273
36988 2053545544
36989 636f696e73
36990 20ed998d
36991 207065726b73
36992 207061726170
36993 206365727461696e6573
36994 204c6f7265
36995 c3b67374
36996 204d415254494e
36997 2062696f73
36998 2077686572656279
36999 7665727473
37000 204d6972616e6461
37001 2073746970
37002 e6bea4
37003 616e64657a
37004 d79bd79c
37005 756a696e
37006 20eabe
37007 20616c6c657267696573
37008 706c617465
37009 20796170c4b16c
37010 20756e64657274616b65
37011 20eb8298eab080
37012 50617274
37013 206bc4b17ac4b16d
37014 6867757275
37015 e38182e381a8
37016 204a6f686e73
37017 206579656c6173686573
37018 20647261696e6564
37019 207374c3a572
37020 e38182e3828ae381bee38199
37021 204a616465
37022 2063616c656e64
37023 66696c6d
37024 206d657361
37025 206c75647a6965
37026 206174747261637473
37027 206a7569636573
37028 20d0bad0b8d0bb
37029 206e6965757765
37030 206d656e63696f6e
37031 2069676e6974696f6e
37032 20626c6164646572
37033 616e64616167
37034 20457874656e73696f6e
37035 ed82a8
37036 66656564
37037 20d988d987
37038 207370756e
37039 2074c3a474
37040 d0bed180d0bed182
37041 7479617264
37042 726f6e696373
37043 2048756765
37044 d183d0b6d0b4
37045 737472696e67
37046 20756e6a757374
37047 20707261776e
37048 2066726f7374696e67
37049 20646973617070656172616e6365
37050 696f7361
37051 206361726469
37052 20507269657374
37053 206369656e74c3ad666963
37054 e593aae8a3a1
37055 20d092d0b0d181
37056 20ebb680ed8381
37057 2074686965766573
37058 207068797369717565
37059 20457567656e65
37060 20d0b1d0bbd0b8d0b7
37061 206d6f6e6f706f6c79
37062 2062696f677261706879
37063 20686fc59f
37064 2074c3b6
37065 6d6163
37066 2073686f636b73
37067 ec84b8eb
37068 686974
37069 20736e7567
37070 20696e636c
37071 206465646963
37072 20756c74726173
37073 20d0b8d0b7d0b2d0b5d181d182
37074 207574696c697a6174696f6e
37075 20d181d0bed0b2d0b5d180d188d0b5d0bdd0bdd0be
37076 207365727669
37077 73746167
37078 313830
37079 207365776572
37080 2043686f696365
37081 2064697363686172676564
37082 204a44
37083 d0bed0bbd0b5d182
37084 20d0bad0b2d0b0d180d182d0b8
37085 2074656c6573636f70
37086 204a65c59b6c69
37087 204e616e61
37088 63616c65
37089 20d182d0bed0bd
37090 6d6d6d
37091 e4ba86e590a7
37092 20676568616274
37093 eb82a0
37094 e68a95
37095 e0b899e0b899
37096 206574686572
37097 207a656e
37098 2072657365617263686564
37099 20437a796c69
37100 e5ae8ce585a8
37101 776f726b657273
37102 20eab2bdecb0b0
37103 2073686572696666
37104 616c6c6f
37105 207469706f73
37106 2070726f7365637574696f6e
37107 2066726f6773
37108 2066616c74
37109 6a64
37110 20ed8c94
37111 2066696c7465726564
37112 204f6674
37113 20ec8d
37114 206469736672
37115 204d757374616e67
37116 20776f6168
37117 205245414c4c59
37118 20d0bcd0bed0b3d0bbd0b8
37119 20656e7472616461
37120 20d0b8d0b3d180d0b0
37121 206d69786573
37122 20d0b0d0b2d182d0bed0bcd0bed0b1
37123 d099
37124 207368696e
37125 20706172616e6f726d616c
37126 20736f6d65706c616365
37127 20646973686f6e
37128 657461616e
37129 20667565727465
37130 d9b9
37131 20646f6f6d
37132 ec889c
37133 206578697374656e7469616c
37134 2062756c64
37135 2053444b
37136 20d0bfd180d0b0d0b2d0b4d0b0
37137 207475726e6f766572
37138 20ec97aceab8b0ec9790
37139 20e0a4b9
37140 206d6f64656c6564
37141 20627567c3bc6e
37142 206578706572696d656e746174696f6e
37143 206d6f726e696e6773
37144 206d65646f
37145 537465766965
37146 20706c617961626c65
37147 206169726c696e6573
37148 676d656e7473
37149 20eab8b0ebb684
37150 20546f6d62
37151 204d5650
37152 41554449454e4345
37153 20636865636b6f7574
37154 207061737374
37155 20626569737069656c
37156 204c696e6b73
37157 6865617679
37158 207175657374696f6e61626c65
37159 20ec93b0eb
37160 2073696c6c
37161 206d616e6970756c61746564
37162 204c6f72656e
37163 20ec9cbc
37164 207665726765
37165 c3a16b
37166 494553
37167 207361626f74
37168 20437573746f6d6572
37169 616c65c5bc79
37170 206e6f6d696e6565
37171 20476164
37172 206e6f7576656c6c6573
37173 20535045
37174 6973746c696e67
37175 206f76616c
37176 d0bed0b1d180d0b0d0b6
37177 69667479
37178 e9878e
37179 2062657a656c
37180 796574
37181 2066726569676874
37182 2048616ec4b16d
37183 72c3ad61
37184 207a6f6e696e67
37185 20696e64656d
37186 2042c3bc
37187 2066656d696e69736d
37188 20766f6978
37189 206f66696369616c
37190 206469796f72756d
37191 bb90
37192 2061726f7365
37193 207061726172
37194 ec9db8eca780
37195 204d617274696e65
37196 204c656374
37197 20726573746572
37198 2064726f776e696e67
37199 757961
37200 63696461
37201 20417269656c
37202 203032
37203 20d794d794
37204 e7b4a0
37205 2057657274
37206 d0a2d18b
37207 207769646f77
37208 2070617263686d656e74
37209 20636f7474616765
37210 20584c
37211 20536c61636b
37212 204e4553
37213 20726f6265
37214 2067696d6d
37215 2063616d696e686f
37216 20486172706572
37217 20636974727573
37218 20666972656669676874657273
37219 20646f70616d696e65
37220 656c657473
37221 2064656d6f63726174
37222 eca09ceba19c
37223 20706c61796261636b
37224 6f6a
37225 20d0bfd180d0bed0ba
37226 2053756c6c6976616e
37227 73656d626c65
37228 20576f727468
37229 204d757374616661
37230 e0b8b2e0b8a3
37231 206d657473
37232 e99680
37233 d0bbd0bed181d18c
37234 20696e6572746961
37235 20756e69666f726d73
37236 e8b6b3
37237 c3a972696f
37238 d795d7a8d794
37239 c3a96e74
37240 20e0ae92
37241 20d181d0b0d0bcd18bd185
37242 20766f756c616973
37243 205a696d6d6572
37244 eab2a0eb
37245 20d0bdd0bed181
37246 656e63696173
37247 2072656c616369c3b36e
37248 20eab1b8eb
37249 2066616374696f6e
37250 20676f7370
37251 d0bfd0bed0bbd0bed0b6
37252 6e6170
37253 68616b
37254 2070726f63656564696e6773
37255 20ec8694
37256 ec9584eb8b88
37257 20ec9e90eab8b0
37258 2077657264
37259 20736f66
37260 207363686c696d
37261 20666c61766f726564
37262 20717561647261746963
37263 20426f6f74
37264 207075626c6963697479
37265 204361726f
37266 203f22
37267 d0bdd0b8d186d0b0
37268 6d616e6961
37269 20535552
37270 20425552
37271 6c616e6365
37272 c3a974696361
37273 207a6f6261637a79
37274 207472696f
37275 73616d61
37276 207461c59f
37277 206173796d6d
37278 726573736572
37279 20d8aad8b9
37280 20d0bfd0b5d181
37281 20626567696e6e696e6773
37282 6c6164c4b16d
37283 20d0b1d18bd181d182d180
37284 206d6f6f
37285 2047656e657661
37286 20e59ca8
37287 65727573
37288 626f726168
37289 207265667573696e67
37290 62756c6c
37291 2057616974696e67
37292 20496e646976696475616c
37293 20616e6f6e796d
37294 696d656e73
37295 206d656469646173
37296 206672616772616e74
37297 20646972656374656d656e74
37298 20ec9584eba788
37299 75726961
37300 2073706865726963616c
37301 2061626765
37302 20566963746f7269616e
37303 20737065637461636c65
37304 20526f6472696775657a
37305 206f637570
37306 204ec3a472
37307 6d61726b73
37308 6e67756c6f
37309 204c756369
37310 2073686f75746564
37311 20726567756c61746f7273
37312 c49f696e69
37313 20646973656e74
37314 20d180d18bd0bd
37315 eb82a8
37316 20ec82b4eb
37317 2070726f626cc3a86d6573
37318 2046696e676572
37319 617373656d626c65
37320 2070656172
37321 2064726f697465
37322 2045766572797768657265
37323 74616d
37324 d0bed182d0b8d0b2
37325 d0b2d0bed0b9
37326 6f7264696e617465
37327 204c616b
37328 206de1bb9b69
37329 2054656c65766973696f6e
37330 206578706f6e656e7469616c6c79
37331 61766173
37332 20626c6576
37333 204d54
37334 e4bfba
37335 436f6e6e656c6c
37336 20eab5adebafbc
37337 20d181d0b2d0bed0b8d0bc
37338 2061636861
37339 2044796e61737479
37340 4a696e
37341 20746f7265
37342 20666c6f72
37343 20d0bcd0bdd0bed0b3d0b8d0b5
37344 e6b292e4ba8b
37345 6f77616e
37346 626168
37347 20eca384
37348 2043656c61
37349 20ecb59ceab7bc
37350 207065726d6574747265
37351 206162726173
37352 2076657273746568656e
37353 206573636f7274
37354 205468656d
37355 c3a4726b65
37356 706f72746572
37357 206b61686b616861
37358 2068656374
37359 20646175
37360 776168
37361 6f6c7665
37362 2041676573
37363 736368616674
37364 205374656c6c
37365 6e656c6c65
37366 20456e7375697465
37367 20d092d181d0b5d0bc
37368 206372c3a964
37369 205050
37370 6c6f726473
37371 6772756e74696e67
37372 20636f6e7472616374696f6e
37373 476f74
37374 20616371756972696e67
37375 20736f7072
37376 20706f69736f6e6f7573
37377 524e41
37378 20616e6172
37379 20486f66
37380 2729
37381 2072656d61726b61626c79
37382 20696e7465726e6163696f6e616c
37383 c3bc636b65
37384 696e7175
37385 20647579
37386 20626561737473
37387 204c414e
37388 20707265636564656e74
37389 2052504d
37390 e591a8
37391 2073656c6f6e
37392 206d6f727465
37393 20636f6d65c3a76f75
37394 d18fd0bbd0b0
37395 20696e74657270726574696e67
37396 204275726b65
37397 d182d180d0b0
37398 20ec9db4eb9fac
37399 2070657373696d
37400 204e6f6b
37401 ed8c9d
37402 46656d616c65
37403 20ec8ba4ed
37404 9980
37405 207374696d756c6174696f6e
37406 20736c69636b
37407 20eab080eb8a94
37408 20d0bad0b0d0b7
37409 2048424f
37410 20706170696572
37411 206bc3b66e6e74656e
37412 d183d0b1d0bbd0b8
37413 20436f6e7374616e74
37414 535045414b494e47
37415 206b74c3b372c485
37416 20636f736d6574696373
37417 205472656e64
37418 20726f6262657279
37419 2074697474
37420 20676a6f7274
37421 2064696574617279
37422 a08c
37423 204b69726279
37424 20d0bfd180d0b8d0bcd0b5d180d0bdd0be
37425 207175616c696669636174696f6e
37426 20ec9589
37427 20636162696e657473
37428 2068747470
37429 204572696361
37430 e7bea9
37431 20646973616476616e7461676573
37432 2063686174746572696e67
37433 797a
37434 66656974
37435 206775696c64
37436 20455446
37437 20447261676f6e73
37438 2048455245
37439 76656e7468
37440 d984d8a7d985
37441 206d61726368c3a9
37442 44616d
37443 2070686f746f6e
37444 2065737461626c65
37445 4d6167
37446 206f6c686172
37447 20636f75706c696e67
37448 2048696c6665
37449 2057697a617264
37450 20d0bcd0b0d0bbd0be
37451 68656c70
37452 206cc3ad6e6561
37453 20ecab
37454 207374616e64616c6f6e65
37455 206d6f72616c65
37456 207a7765697465
37457 e38288e3828de38197e3818f
37458 c3a4687274
37459 20646f74746564
37460 206472697070696e67
37461 20466c6167
37462 e99d92
37463 726f636b6574
37464 726174656779
37465 6972696d
37466 20ed9598eba9b4ec849c
37467 20736f67656e616e
37468 20556e6f
37469 2053636875747a
37470 20657374696c6f
37471 2053756273
37472 204461697379
37473 d09dd0b5d182
37474 272e2e2e
37475 20706c6174696e756d
37476 206269726c
37477 20536f7669
37478 2076696f6c617465
37479 d183d0b5d182d181d18f
37480 72696c6c
37481 207472617a
37482 20736e6970
37483 2063756d706c
37484 e0b8ade0b881
37485 2063756b
37486 e98592
37487 205061726c616d656e74
37488 20687970657274
37489 2070756c70
37490 20746f6e67756573
37491 6174746f
37492 206275736361
37493 69686e
37494 45524f
37495 20d98ad8b9
37496 20766172696173
37497 204d617269616e
37498 20626f756e646564
37499 207069746368696e67
37500 20646566696369656e6379
37501 20426c6573736564
37502 204578657263
37503 75636873
37504 206e68c6b06e67
37505 e69cace5bd93
37506 207261706564
37507 68616c6573
37508 206d616c61
37509 706963
37510 20343031
37511 c59b6e69656a
37512 6172696e61
37513 eb93a4ec9d84
37514 6f747469
37515 20d0b4d0bed0bbd0b3d0be
37516 20747261636b6572
37517 205368656c6279
37518 2076616e6973686564
37519 2062616b657279
37520 4b6170c4b1
37521 4a65737573
37522 204b52
37523 4a4f
37524 85b8
37525 206469736373
37526 ec84af
37527 eca780eb
37528 d799d7a6
37529 656d617279
37530 4b656e647261
37531 2079c3bc6b
37532 c3bc636b74
37533 2076617a
37534 206b7570
37535 616b7475
37536 20d181d0bfd0b0d181d0b8d0b1d0be
37537 2061696b
37538 206e757273657279
37539 20656e64616e6765726564
37540 c3aa6d656d656e74
37541 656d6174696373
37542 20726573706f6e64657273
37543 20526570726573656e74617469766573
37544 207363756c707475726573
37545 69676b656974656e
37546 206465706c
37547 20696e746572707265746174696f6e73
37548 20646561646c696e6573
37549 2031393432
37550 c397
37551 20737567617273
37552 656d75
37553 6c6976656c79
37554 2072656372656174696f6e616c
37555 20646973746f7274
37556 20756e64657273636f7265
37557 20756e71756f7465
37558 20736166657374
37559 2073776f6c6c656e
37560 20616e616c79736573
37561 20636f6d6d656e63c3a9
37562 e5a6b9
37563 616e64696e
37564 20d0a5d0bed180d0bed188d0be
37565 206469617272
37566 e381bee38181
37567 7a69657374
37568 20746f6f74686272757368
37569 e9a0bbe98193
37570 756174696f6e73
37571 2063616465
37572 206261636b6c617368
37573 68696e64
37574 20726973717565
37575 7a657373
37576 20ec9db4ec95bceab8b0
37577 2065737065726172
37578 207472616e736c6174696f6e73
37579 696f6e6564
37580 67726f616e73
37581 20d0bfd183d182
37582 2067656e65746963616c6c79
37583 e980a0
37584 206861707069657374
37585 207765726b
37586 61746f6f6e
37587 206d757369
37588 2066756ec3a7c3a36f
37589 20ec9e85eb8b88eb8ba4
37590 20d180d0b0d0b9
37591 206265766f72
37592 424c414e4b
37593 20726570656e74616e6365
37594 507574
37595 20706f74727a6562
37596 2073616c61
37597 2063616d7061
37598 574552
37599 20646563c3ad61
37600 2073c3a96375726974c3a9
37601 2041707072656369617465
37602 d187d0b8
37603 2052616e646f6d
37604 ebb384
37605 6b6168
37606 206dc3b66a
37607 2073c3a4676572
37608 20d799d79bd795d79c
37609 20313930
37610 787475726573
37611 4575
37612 2067c3a4
37613 20d791d7aa
37614 2043726f6174
37615 61706f
37616 504c45
37617 2070657273697374656e6365
37618 e58aa9
37619 20626c656e6473
37620 207472656666656e
37621 2053616e746961676f
37622 79646961
37623 616c646f
37624 2054656e736f72466c6f77
37625 204475616c
37626 e3839c
37627 206368696666
37628 ec97b4
37629 20636f6e74726163746564
37630 20736567726567
37631 204661697279
37632 20776973656c79
37633 2076756c6e65726162696c6974696573
37634 2068616e6468656c64
37635 2067616467657473
37636 20626fc59f
37637 20506f70756c6172
37638 20637572766174757265
37639 ebacb8
37640 204d415259
37641 ec9db4ec8a
37642 20666f726d756c6174696f6e
37643 2063656c657279
37644 20626c75727279
37645 205453
37646 616c657a
37647 207773
37648 2070726f6772616d6d
37649 20537461636b
37650 204a494d
37651 d0bed0b2d0b0d0bbd0b8
37652 c4b16c6c
37653 2070c3a87265
37654 204b616e7965
37655 2044656c6177617265
37656 20e381a0
37657 206461756e74696e67
37658 20d0b1d0b5d181
37659 20537475706964
37660 626967
37661 6666696369616c
37662 2070726563697069746174696f6e
37663 20706c756e67
37664 e1bba563
37665 6275727365
37666 206461726c65
37667 206372697070
37668 2070696f6e656572
37669 20646973707574
37670 207365616e
37671 e38193e38293e381aa
37672 207265736973746f72
37673 20616c6c65696e
37674 6970706c6573
37675 6172656c
37676 20656e646f7273
37677 7a757374
37678 20d180d0b5d0b1d18fd182d0b0
37679 65646564
37680 20ecb9b4eba994eb
37681 206c6c657661
37682 206b656e6e74
37683 20d0b1d0b0d0bb
37684 20446f63756d656e74
37685 204b6e6967687473
37686 206275636b6c65
37687 20ec89ac
37688 20616c6b
37689 204576657279646179
37690 617474657273
37691 20746f696c657473
37692 206a75676172
37693 20ec9e88eca780
37694 2067656e6175736f
37695 204c616e646573726567696572756e67
37696 e381a3e381b1
37697 696a65
37698 20747261696c657273
37699 20546967657273
37700 206769747469
37701 20666f72676976696e67
37702 20636f6e63757272656e74
37703 205675
37704 20ed8ab9ed9e88
37705 2042524f574e
37706 6f756e646564
37707 223b
37708 207472656d62
37709 2074696574
37710 20d180d0b5d0b6d0b8d0bc
37711 206e75747368656c6c
37712 d0b5d0bbd0b8d187
37713 206c6f73657273
37714 72696374696e67
37715 2072656465656d
37716 646566696e6564
37717 4e696365
37718 2062726f616462616e64
37719 4b4f
37720 2074656173696e67
37721 20706172746973616e
37722 c4b16d61
37723 20ec9eacebafb8
37724 204a6f75726e6579
37725 20736c6f706573
37726 756e696e67
37727 6772756e7473
37728 2074c3a46c6c
37729 20756e636f7665726564
37730 206d79c59b6cc499
37731 20457374686572
37732 e4ba8e
37733 204865616c746879
37734 20ebb091
37735 72c3a965
37736 20706f6c6172697a6174696f6e
37737 20666c6176
37738 2063616d62696172
37739 207972
37740 2052616e6368
37741 2073706c697473
37742 2074726f7576c3a9
37743 e59c8be5aeb6
37744 207265636f72646572
37745 2064c3a970617274
37746 d988d8a8
37747 204b7279
37748 20696e746572657373616e74
37749 2065646572696d
37750 c59b77696164
37751 696c61746572616c
37752 777269676874
37753 20706f75727261
37754 c3aa746572
37755 2063616d656c
37756 e19e
37757 207261706964656d656e74
37758 206d656a
37759 2073746966666e657373
37760 41444153
37761 2064696666657273
37762 20616c6f74
37763 20536967
37764 d18fd182d0b5d0bbd18c
37765 206162737472616374696f6e
37766 e59c98
37767 206b65696e6572
37768 6772757070
37769 20536865726c6f636b
37770 ed9894
37771 2063697465
37772 206f766572666c6f77
37773 2074e1baa169
37774 c3ba636172
37775 62756c61
37776 20636f6e6a756e746f
37777 204349
37778 206d6f64657261746f72
37779 20696e6469726563746c79
37780 20616c6c65696e65
37781 e282
37782 d188d0b8d0b1
37783 20d0b1d0b0d0b1
37784 2064616e616368
37785 2031393339
37786 2070726f6d6574
37787 2064657374696e6174696f6e73
37788 20496c6c757374
37789 ceb9cebacf8c
37790 207361626573
37791 20686568
37792 2047657365747a656e74
37793 204d697a
37794 d0b5d0bdd0bad0be
37795 204d7973
37796 d0ac
37797 204a75646169736d
37798 206d75737461636865
37799 207374696d6d74
37800 2047617a61
37801 20766f6c7465
37802 206e756f
37803 206dc3b36e
37804 20436f6d707574
37805 e0b8b9e0b988
37806 2052616469
37807 20657863657074696f6e616c6c79
37808 20617373756d6573
37809 e9968be5bf83
37810 e38188e381b0
37811 696e666f726d
37812 20736872696e65
37813 e6938a
37814 20696d706c69636174696f6e
37815 204669747a
37816 e6b292e9979ce4bf82
37817 212e
37818 206c74
37819 20616c6c6f79
37820 206574686963
37821 206d6f6e617374657279
37822 ec8b9ceca3a0
37823 696361c3a7c3a36f
37824 20636f6f7264696e6174696e67
37825 204d6f746f
37826 206f7665726c6f6f6b
37827 2063686f6973
37828 20616e746962696f746963
37829 204d696e6e65
37830 20424a
37831 20417061
37832 6f7269616e
37833 207370696c6c6564
37834 4a616d
37835 2068757362616e6473
37836 206372656174696f6e73
37837 2061c3b1
37838 c3bc7373656c
37839 20ec9db4ec9aa9
37840 20616e616c797365
37841 726f7365
37842 2070756e63686564
37843 2070726573717565
37844 20617374726f6e6f6d79
37845 20736368776965726967
37846 2045626f6c61
37847 20636973
37848 2061636574
37849 204658
37850 656e647265
37851 20ec9d8cec9585
37852 2077656270616765
37853 20667265616b6564
37854 206c61747465
37855 20ecbfa0
37856 20eba8b8eb
37857 4e65766572
37858 477261
37859 ed9994eba5bc
37860 65796564
37861 20ebb09ceb9dbc
37862 20657370657261
37863 2061706172656365
37864 7261c3a7c3a36f
37865 2064697372757074697665
37866 204a6f696e74
37867 75726f7573
37868 72656173
37869 2071756572c3ad61
37870 20646973747269627574696f6e73
37871 206578706f6e656e74
37872 ecb998eba5bc
37873 20646c
37874 7a686f75
37875 2048656172696e67
37876 e5b7aee4b88de5a49a
37877 2043726177
37878 20666c6f617473
37879 6f756e636564
37880 4c6162
37881 576f726c64
37882 2062757264656e73
37883 20617574686f726974617269616e
37884 20426f6c74
37885 20d0bed0b4d0bdd183
37886 20706967656f6e
37887 206469737472616374696f6e73
37888 20486572617573666f72646572
37889 207a657374
37890 657363
37891 207368616b6573
37892 61746173
37893 20d985d8b4
37894 686f6c6573
37895 207468696e6b657273
37896 616c7461
37897 206172636865
37898 2053756b
37899 616e6861
37900 2074656d7074696e67
37901 20796f757475626572
37902 2076c3ac
37903 20647a6961c58261
37904 205661746963616e
37905 5061726b
37906 20737570657273
37907 204e696b6b69
37908 eb8a90eb
37909 6f72616e67
37910 72616d69656e74
37911 e9acbc
37912 20eab096eab3a0
37913 206465737365727473
37914 206176657265
37915 20477265676f7279
37916 20eb93a4ec96b4ec98
37917 20636f7374696e67
37918 20436c696e6963
37919 20726562656c73
37920 204d6f62
37921 2062756e6c6172
37922 20596f757273
37923 657274696d65
37924 20726574616c69
37925 6d617261
37926 61747573
37927 616c6c6573
37928 20d0b4d180
37929 20d0b4d0b8d181
37930 20646973636f756e7473
37931 20475559
37932 20d0bad0b0d0bad0bed0b5
37933 204578706572696d656e74
37934 72656d656e74
37935 205869616e67
37936 2062617465
37937 5745
37938 207370656369616c697a65
37939 206465697479
37940 204c6f6b69
37941 6d6167
37942 204e6974
37943 57657374
37944 206d617465726e616c
37945 2071756973
37946 e59fbae69cac
37947 62726f6b656e
37948 206c6173657273
37949 2068616b6b
37950 20416e67656c73
37951 206d617374657279
37952 616e746973
37953 54696666616e79
37954 656565
37955 e791
37956 6f72656d
37957 20696e616363
37958 206a7572697364696374696f6e73
37959 204b617264617368
37960 e69cba
37961 496c
37962 2053696e6e
37963 e58b95e794bb
37964 206174686c6574696373
37965 63c499
37966 206c6f6f73656c79
37967 206469657461
37968 4167
37969 203f3f
37970 20eb8c80ed919c
37971 20737570657276
37972 206e7574726974
37973 206472696674696e67
37974 20ec84a0ec839deb8b98
37975 20d0bfd0bed0bdd18fd0bb
37976 20566963746f7279
37977 d984d8a9
37978 d795d7a0d794
37979 20d0bfd0b8d188
37980 20736861766564
37981 206d6573757265
37982 6f6e64656e
37983 d983d8b1
37984 206578696c65
37985 204465736465
37986 2050696e746572657374
37987 206174746163686d656e7473
37988 20686f6d62726573
37989 2066696e6573
37990 20ec84b8ec8381
37991 20736c65657073
37992 205461636f
37993 20495241
37994 72696f73
37995 206f6c6c
37996 65746573
37997 20756e7574
37998 66617368696f6e6564
37999 2074726562616c6c
38000 204e6561726c79
38001 20d180d0b5d0b0d0bbd18cd0bdd0be
38002 206368696c
38003 e980b1
38004 c49f61
38005 204d454c
38006 726f73636f70
38007 204347
38008 2076656e6765
38009 2064697368776173686572
38010 616c676963
38011 206d6f646966696572
38012 20656d6261737379
38013 74696d6572
38014 656d696373
38015 20696e74726963617465
38016 2065766574
38017 20eb8c80ebb095
38018 2069736f74
38019 20d0bdd0b0d183d187
38020 205175697a
38021 7265736f
38022 ceb4cf8e
38023 2079656c6c6564
38024 206665646572
38025 454c4c4552
38026 206578636565646564
38027 6f6e6173
38028 6963616e6f
38029 20d0b6d0b8d0b2d0bed182
38030 204d616f
38031 204b617a75746f
38032 20e3858be3858be3858be3858b
38033 2066726f6e746c696e65
38034 2048756e67617269616e
38035 20c3bc626572616c6c
38036 61776174
38037 206772697073
38038 69c3a7c3b56573
38039 61726e7961
38040 20cda1
38041 2073656964
38042 20616e616b
38043 20616361626f75
38044 ed9591
38045 206e6f746f72696f7573
38046 20476f647a696c6c61
38047 206f766572636f6d696e67
38048 2050656e64
38049 206f6c6162696c6972
38050 c3bc6c6d65
38051 20657268616c74656e
38052 e38289e38184
38053 eab7b9
38054 204d65746572
38055 20737461616e
38056 4f6c
38057 206368617473
38058 204275656e6f73
38059 c3ad7665
38060 616c7561626c65
38061 20737472617465676963616c6c79
38062 20636f6d707269736564
38063 20d0bfd0b5d180d181d0bed0bdd0b0d0b6
38064 2077616e6e
38065 2043656e
38066 d0bdd0b8d182d0b5
38067 9f81
38068 20d182d0bed0b1d0bed0b9
38069 696164
38070 206b61726465c59f696d
38071 20436f6e67726573736d616e
38072 7265616d696e67
38073 686f6d6d65
38074 20636f6d6d756e617574
38075 20616c636f686f6c6963
38076 207069636b6c6564
38077 2061636f7264
38078 706f736974696f6e
38079 6567c3b36c
38080 2074726f75626c696e67
38081 204d617263686567
38082 207a756d696e64657374
38083 207365616d6c6573736c79
38084 206f6c756e
38085 20545673
38086 20d0bfd180d0b0d0bad182d0b8d187d0b5d181d0bad0b8
38087 206261636b656e64
38088 e38193e38293e381abe381a1e381af
38089 696461626c65
38090 20676164676574
38091 206661c3a76f
38092 204d61726368656769616e69
38093 20ebb0a4
38094 206163636964656e74616c
38095 204c50
38096 20656c64657374
38097 2041646d6972616c
38098 206ec4836d
38099 6c65766572
38100 2070617374656c
38101 20666f6e646f
38102 436f6e6e6965
38103 20746572636572
38104 2070616374
38105 204d6f6e7465
38106 206d65617473
38107 20534d53
38108 204175737472616c69616e73
38109 e7bc
38110 5268657474
38111 206578616374656d656e74
38112 20ebb9bc
38113 204d4f44
38114 e7a1
38115 2052617074
38116 204e6f6368
38117 2061626f7274
38118 204e6176616c
38119 2046756a69
38120 494e544552
38121 20d0bdd0bed0b2d18bd0b9
38122 206d69656a736365
38123 20494355
38124 204772616475617465
38125 20476c656e
38126 61726469
38127 20c898
38128 20736f6c646572
38129 2070726f66657373696f6e73
38130 206f7274686f67
38131 6f6d6e
38132 696e74726f6475
38133 2044656e697365
38134 ec9e90eba5bc
38135 20636f72726573706f6e64656e6365
38136 414d41
38137 20696e666c696374
38138 2066616e64
38139 2047c3bc
38140 20d187d0b5d182
38141 20747261636564
38142 20706174656e7473
38143 20616d62757368
38144 206c6f747461
38145 66666572
38146 205761676e6572
38147 20696d706572736f6e
38148 2065787472c3aa6d656d656e74
38149 d982d8aa
38150 636f6e64756374
38151 417474
38152 204d75656c6c6572
38153 20416c69636961
38154 20637963
38155 206861636b6572
38156 20747973
38157 206861696c
38158 20d0b7d0b0d18fd0b2
38159 20706173736f
38160 20ecb694eab080
38161 20ce88
38162 207061636b61676564
38163 2043796e74686961
38164 68656574
38165 e4b8ade59bbd
38166 204e697373616e
38167 2051756573746f
38168 e9a8
38169 646964
38170 20cebcceb9ceb1
38171 20456c6c6973
38172 20416e616c79736973
38173 63656d6f73
38174 2061736567
38175 204d7973746572
38176 2043616f
38177 20747576
38178 20496e647573747279
38179 eca3bceab3a0
38180 6f74616c
38181 207065717565c3b16f
38182 62726173
38183 20636f6d70726568656e64
38184 2053696d70736f6e
38185 d181d182d0b2d0b8d0b5
38186 6f6372616379
38187 d0b8d187d0b5d181d0bad0b8
38188 204d757368
38189 204c6175726965
38190 20747269616e67756c6172
38191 2050726573656e7473
38192 204b756e64656e
38193 e7b4b9
38194 e6ada6
38195 20497373
38196 204465636b
38197 e1bb836e
38198 204461726b6e657373
38199 20696e666c616d6d61746f7279
38200 6572656d696168
38201 207761726d6564
38202 766579617264
38203 204d656d6f7279
38204 65747479
38205 20746178706179657273
38206 e0b893
38207 d8a1
38208 207072616374697365
38209 eb8baceb
38210 206472696c6c6564
38211 6dc3bcc59f
38212 6c6f676f
38213 2046616368
38214 a4eba19c
38215 20c3bc62726967656e73
38216 206b6f6e6e74656e
38217 206e6f726d616c6d656e7465
38218 20617267756573
38219 696c696e6775616c
38220 b0eba5bc
38221 6567616c
38222 207472617661696c6c
38223 6f7679
38224 d0b0d182d0be
38225 2072757468
38226 204c6967687473
38227 20636f6e736973746564
38228 d791d7a8d799d79d
38229 2073746572656f74797065
38230 207061796572
38231 20526565
38232 20416972626e62
38233 2064726f776e6564
38234 205a6f65
38235 2063616e6f7079
38236 2062617272
38237 20d0bdd0bed187
38238 20706167616e
38239 206a617273
38240 2072c3aa
38241 6572766572
38242 e688bf
38243 696562656e
38244 20657370656374
38245 204669
38246 20756e77696c6c696e67
38247 20746563686e696369616e
38248 e1bab774
38249 6d656d626572
38250 2043616e616c
38251 d8b3d985
38252 206c6965626572
38253 20696e666572656e6365
38254 20686f6e6f72696e67
38255 e591b5
38256 2043616d706169676e
38257 206c696e65616765
38258 20537472657373
38259 20766963746f72696573
38260 2064656a61
38261 d7a3
38262 c3aa746573
38263 626c69636b
38264 20d0bcd0b5d0bdd0b5d0b5
38265 6f746873
38266 20436f75706c65
38267 4a61736f6e
38268 204e69636f6c6173
38269 d0b5d0bad181
38270 6c6962
38271 2068657272616d69656e74
38272 20d790d795d79ed7a8
38273 20d0b2d0b8d0b4d0b8d0bc
38274 6d696c6c696d65746572
38275 2073696c686f7565747465
38276 206472697665776179
38277 2063686572697368
38278 e385a0e385a0
38279 2072616e736f6d
38280 20696e7465726469736369706c696e617279
38281 20506f7274616c
38282 2074726167
38283 74686f6f64
38284 20746564696f7573
38285 20676c6f737379
38286 207072c3a9706172
38287 20436179
38288 20546f6f6b
38289 20426f74746f6d
38290 207a6967
38291 e5ab
38292 e58db1
38293 726570726573656e746564
38294 e0b980e0b8a5e0b8a2
38295 206465736172726f6c6c6f
38296 ec849ceb
38297 20766973636f73
38298 206d696c6c696772616d
38299 2047756e64
38300 206665726d656e74
38301 6472756d
38302 2064726177657273
38303 4c61756768
38304 2070656c6f73
38305 20706176656d656e74
38306 206d656d6f6972
38307 6176616974
38308 2032303530
38309 a4eba5bc
38310 2072617ac3b36e
38311 20666c6f7572697368
38312 20737465726e
38313 e4b888
38314 204368756e67
38315 2073657270656e74
38316 2047656e746c656d656e
38317 e79c9fe79a84e5be88
38318 6b6f6f6b
38319 206c7574
38320 696d706f727465
38321 706172656e74
38322 2077737a
38323 207363726565
38324 204d69746172626569746572
38325 e5b7b4
38326 6d7574
38327 20ec9698eab8b0eba5bc
38328 2073656d626c65
38329 204f57
38330 20696e76657374696761746f72
38331 2043686572796c
38332 20476572616c64
38333 207072657265
38334 20636f6d7061726573
38335 6e7974
38336 206469666572656ec3a761
38337 3f2d
38338 207175c3a1
38339 d7a8d799
38340 53656e
38341 2068657073
38342 2067726174756974
38343 20636f6e736f7274
38344 2053544f50
38345 2050726f74657374616e74
38346 20656c656374726f6465
38347 e297
38348 207365637572656c79
38349 d0b8d187d0b5d181d0bad0bed0b9
38350 2074c3a4c3a4
38351 20726567697374657273
38352 2048656176656e6c79
38353 6f676c79
38354 697373c3a4
38355 2050687973696373
38356 204d65726b656c
38357 2072c3a976
38358 e999a2
38359 20657261736564
38360 2053616372616d656e746f
38361 20636f6666696e
38362 20657861636572
38363 206c616e7a
38364 20706f657473
38365 756c6966
38366 20ecb998eb
38367 204e657264
38368 204e4354
38369 20486f7572
38370 6e65686d6572
38371 9e98eb8f84
38372 205072696e6369
38373 5377
38374 6d696573
38375 61726d6564
38376 20426561746c6573
38377 2070726f7061676174696f6e
38378 2065786368616e676564
38379 2063756d756c6174697665
38380 20eca791ec9790
38381 20646566656174696e67
38382 e68ab1
38383 62656c73
38384 20776573
38385 204f647973736579
38386 e4bda0e683b3
38387 6176696f72
38388 20ec9c84ec9790
38389 2062726974
38390 2068696a6f
38391 444159
38392 20d8a7d984d8aad98a
38393 20d0a1d0b5d180d0b3
38394 d183d0bad0b0
38395 65647369c499
38396 20696d706f73
38397 20656c6c6173
38398 206669726561726d73
38399 204e52
38400 20d791d790
38401 20d09fd0bed0bad0b0
38402 617769
38403 20ec84b1eab3b5
38404 20707570696c73
38405 205461636b
38406 206672617365
38407 2053686970
38408 2073746164
38409 e4b89c
38410 2047726561746572
38411 756e756e
38412 696d6d756e67
38413 67726f776e
38414 204e5854
38415 20416d657269636173
38416 666f78
38417 206d616e74656e
38418 e9a090e58299
38419 20d181d0bed0ba
38420 2072696b74
38421 6c656374726963
38422 64656570
38423 20d0b7d0bdd0b0d0b5d188d18c
38424 2062656e7574
38425 20496e6672617374
38426 20456d6972
38427 20d0bed182d0bfd180d0b0d0b2
38428 204b696d636869
38429 2046696e6e697368
38430 b4eca081
38431 696e61697265
38432 206f696b65
38433 e6b885e6a59a
38434 20686f7374616765
38435 20427574746f6e
38436 d982d98a
38437 656b696e67
38438 204b617a616b68
38439 20636f6d666f7274696e67
38440 20736f67
38441 2067726565746564
38442 677569746172
38443 7061796572
38444 2072656c6174696f6e616c
38445 20636f6e737472756972
38446 e789b9e588a5
38447 6f7069616e
38448 20566f6c756d65
38449 69657468
38450 d181d182d0b2d0bed0bc
38451 757272656374696f6e
38452 6c69c59b6d79
38453 2068656d69737068657265
38454 204265616e
38455 49474e
38456 206bc3b674c3bc
38457 2046616c6c6f7574
38458 206272616365
38459 e7b9bce7ba8c
38460 cf80ceac
38461 20484153
38462 2067c3a9
38463 20636861726163746572697a65
38464 e1bab763
38465 204d696c6b79
38466 2074756d6f7273
38467 206e756974
38468 2047617a
38469 20ec9e88eb8ba4eb8a94
38470 20d0b3d0b0d180
38471 6573736d656e74
38472 20416265
38473 20ebbd91
38474 2045696e7361747a
38475 4a494e
38476 6ac3a4
38477 437279
38478 2050726f6d69736564
38479 20d181d0b5d180d0b4
38480 6f6b7573
38481 207363616c61626c65
38482 20d0bfd0bed181d0bcd0bed182d180d0b5d182d18c
38483 c3bc636b6c696368
38484 207265616c69736d
38485 206d61796f
38486 206a7576656e696c65
38487 20686561646c6967687473
38488 2067c3b672c3bcc59f
38489 205265666f726d
38490 2068616c766573
38491 637a6e65
38492 20627265616b7570
38493 c5bc656a
38494 2072c3a47474
38495 446179
38496 20ec9dbcebb3b8
38497 206d7565727465
38498 2074756e6573
38499 20536d696c65
38500 7265636f7264
38501 20726563686572636865
38502 6174697366696564
38503 20706f7a69
38504 2063656c6562726174696f6e73
38505 6973657875616c
38506 20524f42
38507 746869726473
38508 20466f7274756e65
38509 20d182d0bed0b9
38510 206272616e646564
38511 6c6f6f
38512 20647564
38513 2072616e646f6d697a6564
38514 20636f6d62696e
38515 e4b880e4ba9b
38516 696572616e
38517 637a656e6961
38518 8de383ab
38519 2063757261746f72
38520 20617274657279
38521 20d183d188
38522 20d187d0b8d182
38523 20737562736964696573
38524 20626c6f73736f6d
38525 205477696c69676874
38526 20687976c3a4
38527 20506f6d7065
38528 20436973636f
38529 20d09fd180d0be
38530 2062697269
38531 206765726e
38532 2072656275696c74
38533 2077637a65
38534 2062656e6566696369
38535 206472756d6d6572
38536 20736f6c696473
38537 206469796f7273756e
38538 e38182e3828ae3818ce381a8e38186e38194e38196e38184e381bee38197e3819f
38539 6c61746564
38540 206d75646479
38541 20686f6c6f67
38542 20636c617073
38543 2052696e6773
38544 204f6b6579
38545 204272617665
38546 2076616c756174696f6e
38547 206d696772616e74
38548 20696e7465726d697474
38549 20656967656e65
38550 696c69617279
38551 e383bce38388
38552 6d61726b74
38553 6b72
38554 20526962
38555 e1bb9969
38556 2061636375736174696f6e73
38557 2061726162
38558 77617368
38559 20426172647a6f
38560 20756768
38561 657374657273
38562 6f706872656e
38563 20616c696d656e746f73
38564 20557a
38565 d682
38566 20363530
38567 20d0bfd180d0b8d0b5d185
38568 4649
38569 2073616d706169
38570 207061726cc3a9
38571 686573696f6e
38572 2073c4b172
38573 20617070617261747573
38574 20636f7272656c61746564
38575 205072696e636970616c
38576 20636f7272
38577 204f6666696369616c
38578 d0b8d187d0b5d181d0bad0b8d0b5
38579 207465726d696e616c73
38580 53686f756c64
38581 20766163756e
38582 207374656c6c74
38583 206d6f6f69
38584 65747a756e67
38585 20d0bad180d0b0
38586 20646169
38587 20d0bfd0bed0b6
38588 5465616d
38589 20505045
38590 20d09ed181
38591 204c656168
38592 20497679
38593 797374
38594 2075686868
38595 206e6967687474696d65
38596 207472656e6479
38597 2073656375726974696573
38598 20636f6e74696e656e7473
38599 20666972737468616e64
38600 205665726f6e
38601 20eb82ae
38602 2062726f7773696e67
38603 2043616461
38604 74726f
38605 207472616d70
38606 72656962
38607 20657273746d616c
38608 69726c6572
38609 2070736963
38610 206765746972
38611 204e50
38612 20647a69656369
38613 d0bed0b1d180d0b0d0b7
38614 206d6167696369616e
38615 207363727574696e79
38616 20736c6162
38617 204f54
38618 69737479
38619 6972696573
38620 6f72657374
38621 207461736b6564
38622 206d6f72616c6c79
38623 ec95bceca780
38624 75737465726564
38625 20666f6f6c73
38626 206972726573706f6e73
38627 2065696e66
38628 207669e1bb8763
38629 2073636f72
38630 2070696c6c6f7773
38631 20476567656e
38632 207475747465
38633 20717561727465726c79
38634 206469646e74
38635 2047796d
38636 204574686572
38637 20d8ab
38638 d0bbd0b8d188d0bad0bed0bc
38639 207369676e616c696e67
38640 204e6f6465
38641 20446f6e6373
38642 20796168
38643 204b616e616c
38644 20666164696e67
38645 6574696e
38646 20696e666c75656e63657273
38647 206d6564616c73
38648 20656e67696e6565726564
38649 206665726d656e746564
38650 eab2a0eca780eba78c
38651 2042656574686f76656e
38652 d79ed7a9
38653 696e656e74616c
38654 20ec958ceba0a4
38655 c3bc7466656e
38656 616c6e7961
38657 206f76657265
38658 2064656e6b74
38659 d0b0d0bad182d0b5d180
38660 20e298
38661 206e656365736974
38662 2067656e657261746f7273
38663 6772617373
38664 20d0bfd0bed0b4d183d0bc
38665 6c6965c39f656e
38666 426172
38667 9ceb8f99
38668 20d0b4d0b5d182d0b5d0b9
38669 207375636b696e67
38670 207374656e63696c
38671 207072696d6f
38672 20427265617468
38673 7374726f6d
38674 20696d6d656e73656c79
38675 20617070726568
38676 eca095ec9db4
38677 506f70
38678 206a6f6e67
38679 204769756c
38680 2041444844
38681 2068c3b672656e
38682 20656c6f
38683 6976656e74
38684 20727573
38685 206f7574726167656f7573
38686 206d61737465726564
38687 20ecbba4
38688 d988d981
38689 69706573
38690 2052756479
38691 4a61636f62
38692 2062756c6c697368
38693 20746170706564
38694 2066617564
38695 697a6f706872656e
38696 20d181d0bed185
38697 204461726c696e67
38698 2031393633
38699 2050726576656e74696f6e
38700 b294
38701 206162646f6d696e616c
38702 73746f6e6573
38703 2061766169656e74
38704 e1bb9569
38705 6d616b65
38706 2073617265
38707 20496e7374616e74
38708 d0bad0b0d0bc
38709 206b6565706572
38710 20626c616e6b657473
38711 e381a7e38197e38287e38186
38712 20737765617473
38713 204d696e6e6561706f6c6973
38714 e585a8e983a8
38715 2067656e6f6d6d656e
38716 2066617374656e
38717 204272757373656c73
38718 e591bc
38719 2063616665746572
38720 206162736f7262696e67
38721 206861676f
38722 20456c6d6f
38723 20677573746f
38724 20596170
38725 4dc3ba73696361
38726 2074657274
38727 2062616e6461
38728 206d696c79
38729 2074686572656166746572
38730 2053746f636b686f6c6d
38731 20436172736f6e
38732 2063616c6962726174696f6e
38733 617661c59f
38734 616e7361
38735 696b6b65
38736 20666f7265736565
38737 207175616c636865
38738 206465737465
38739 e6a4
38740 c3bc6ec3bc7a
38741 20666f726765
38742 446973
38743 657374656e
38744 20ceb4ceb9ceb1
38745 20656e63617073
38746 204765737072
38747 206368657263686572
38748 69636b657473
38749 d182d0bed180d18b
38750 4372
38751 20d0a2d0b0d0bad0b6d0b5
38752 2072616262697473
38753 20446f74
38754 68656974656e
38755 2063617573616c
38756 20466f73746572
38757 616ac48563
38758 20626572656974
38759 20617975646172
38760 e9ab99
38761 e381b3
38762 736f6e67
38763 636f6d62
38764 206672696e6765
38765 2063796265727365637572697479
38766 20eb9ca8
38767 206b696572
38768 206265736368c3a46674
38769 20d0bad0bed0bdd186d0b5
38770 20666163696c6974
38771 204e616d656e
38772 2062696c61746572616c
38773 7478
38774 2057697373656e736368616674
38775 206e75616e636573
38776 2072697070696e67
38777 206679
38778 2053696368657268656974
38779 204768616e61
38780 6f6c6f6e
38781 20746f70706564
38782 204d6f726f63636f
38783 2072616469616c
38784 204c4545
38785 20416e6472656173
38786 656464
38787 20ec97b4eb
38788 204169726c696e6573
38789 e38193e3828d
38790 2076616c6f726573
38791 eab79c
38792 4879
38793 20d0b7d0b0d0b4d0b0d187
38794 204b656e64616c6c
38795 20d185d0b0d180
38796 2056616d70
38797 20707974686f6e
38798 206d616e61676561626c65
38799 2047656e7465
38800 6f697365
38801 696369617279
38802 20696d706f7373
38803 2042756e6e79
38804 6965737461
38805 416e64726577
38806 2073657274
38807 20436563
38808 7a7a6172656c6c61
38809 206175746f6d6f62696c65
38810 205469657265
38811 616c6c6f7773
38812 e58686
38813 20ebb080
38814 2053636f7270
38815 204a656c6c79
38816 6167617261
38817 2053747265746368
38818 207265646566
38819 2065786163657262
38820 20534841
38821 c3a966
38822 6f727361
38823 20666c61776564
38824 204e6f656c
38825 3f213f
38826 2070726f63656e74
38827 206d656e73747275
38828 20d0bfd180d0bed187
38829 20696e66616e7473
38830 f09f8eb5
38831 7061757365
38832 20526163696e67
38833 2031393438
38834 207375706572696e74656e64656e74
38835 69646f726573
38836 696479
38837 62726168696d
38838 20756e6c75636b79
38839 207065726b
38840 616e6369
38841 20eba78ceb8298
38842 20d09cd0bed181d0bad0b2
38843 2066696e616e73
38844 206469666572656e636961
38845 a088ec9db4
38846 e9858d
38847 4f5259
38848 20546163
38849 db8cd8a7
38850 20646573656d
38851 20d0b2d0b0d0b6d0bdd0be
38852 204a55
38853 20ec9e88ec9e96ec9584ec9a94
38854 20ce9d
38855 20696e666f726d6174696f6e73
38856 2048454c
38857 687374
38858 20d0bfd0bed0b3d0bed0b2d0bed180
38859 20766f6974757265
38860 2072657573
38861 c3a46e646967
38862 20d0bfd0bed185d0bed0b6
38863 6a696e67
38864 20647275
38865 616c747261
38866 2070726f6475697473
38867 206b697465
38868 2065796562616c6c
38869 2042656c74
38870 2052657374617572616e74
38871 2067616d62
38872 20706f727269646765
38873 697474657273
38874 20636f6e7665727473
38875 2079617264c4b16d
38876 206dc3a178696d6f
38877 77697274736368616674
38878 20ed9598eb8298eb
38879 20eca480
38880 2069636562657267
38881 20766f72626569
38882 20323536
38883 6f637261746963
38884 207265636b6c657373
38885 6f6e6e6572
38886 206dc3ba73
38887 206c6f676963616c6c79
38888 20507269736f6e
38889 204e65747a
38890 20766163616e74
38891 206e696d6d74
38892 2048415252
38893 20d0b7d0bed0b2
38894 20446565
38895 72696e6765
38896 6e69657374
38897 2052756c6573
38898 ec8aa4eb9fbd
38899 63757373696f6e73
38900 20666c6f72616c
38901 20636f6e73747261696e6564
38902 20646966666572656e74696174696f6e
38903 20517565626563
38904 20db81db8cdaba
38905 2070c3ba626c696361
38906 6974656c
38907 206163636f6d6d6f646174696f6e73
38908 204772c3bc
38909 ed9c
38910 207069636b6c6573
38911 d0b8d187d0b5d181d0bad0b8d185
38912 20636f6d6d697373696f6e73
38913 204261656b
38914 20c3a76f6375c49f
38915 204d656469756d
38916 20706572696f646963616c6c79
38917 20776f6e64657266756c6c79
38918 207374616666696e67
38919 ec9b90eb
38920 72697265
38921 666c65
38922 204d634c
38923 20d182d0b5d0bf
38924 20d0bfd0b5d180d0b5d0ba
38925 d0bdd0bed0bbd0bed0b3
38926 20ed81aceab28c
38927 e799bce78fbe
38928 2070726f737065726f7573
38929 2053706972697475616c
38930 20436869636b
38931 444941
38932 20d09fd180d0b8d0b2d0b5d182
38933 20706572c3ad
38934 d18cd18ed182
38935 20636f6e73756c74616e7473
38936 204561726c
38937 e4bb8ae5b9b4
38938 207275696e696e67
38939 d0bed180d0b5
38940 2070656e736572
38941 2074616b69656a
38942 20737472656e677468656e6564
38943 204c6971756964
38944 d0bed0bdd0b5d186
38945 d0b0d0b2d0b0d182d18c
38946 2063616d6572
38947 2064697361677265656d656e74
38948 2062617468696e67
38949 20596f7368
38950 61616c
38951 7072656368656e
38952 52495341444153
38953 20737570657273746172
38954 e681ad
38955 d0bbd18fd182d18c
38956 206e6962
38957 20546865726d
38958 2044414e49454c
38959 20706177
38960 206c697175696473
38961 2063617061636974
38962 61726b656e
38963 20766167696e61
38964 206d6173686564
38965 20656d6572676573
38966 79736379
38967 20756e72656c61746564
38968 204775696c64
38969 20696e766572746564
38970 697469766573
38971 547261
38972 2062656772
38973 20616c7465
38974 eca795
38975 e38281e381a6
38976 20d180d0b0d0b7d180d0b0d0b1d0bed182
38977 66696e646572
38978 20d0b4d0b0d0bbd0b5d0b5
38979 20d0b1d0bbd0b0d0b3d0bed0b4d0b0d180
38980 77616c6b6572
38981 20637261746572
38982 61737361646f7273
38983 72656e636573
38984 696e736b69
38985 204b494d
38986 20456c6c696f74
38987 32303137
38988 205372
38989 696e6b61
38990 616e6f76
38991 20ec9e98ebaabb
38992 2070726f7072696574617279
38993 646973706c61797374796c65
38994 20d181d0b8d0bc
38995 20d0b8d0b7d0b1
38996 2050616e656c
38997 20696e7374696e637473
38998 20436f6d6d756e69636174696f6e73
38999 e9babb
39000 6d696474
39001 20eba78ceb93a4ec96b4
39002 20d181d0bbd0bed0b2d0b0
39003 2047696c62657274
39004 e79baee5898d
39005 d0a2d0b0d0ba
39006 766f6f726265656c64
39007 d0b5d18ed181d18c
39008 6172796e
39009 7175657a
39010 2064617274
39011 d196d188
39012 20487574
39013 53616c
39014 20736f75746865617374
39015 2070657374696369646573
39016 2068656c69636f7074657273
39017 20656e6475726564
39018 69616461
39019 2062726577696e67
39020 ec97aceb
39021 20d181d0b2d0bed0b1d0bed0b4
39022 205361696e7473
39023 204672616ec3a7616973
39024 2045636f6e6f6d696373
39025 206469736c6f63
39026 6f70686f626961
39027 43616d6572
39028 206e65676f746961746564
39029 20d181d182d0b0d0bbd0b8
39030 ec8aa4ed81
39031 6f676965
39032 207473756e616d69
39033 207065656c6564
39034 206d6f7469766174696f6e73
39035 e8a8ad
39036 6f73746174
39037 666c616e
39038 20444143
39039 206b6176
39040 275245
39041 2050656172736f6e
39042 626265
39043 637a656e6965
39044 206174656ec3a7c3a36f
39045 ed86b5eba0b9
39046 e381a3e381a1
39047 20d183d0b4d0b0d180
39048 20696e74726f647563746f7279
39049 20496369
39050 eb8c80eb
39051 616b6174
39052 207472656e6368
39053 2070726f636565646564
39054 20436f696e
39055 206465726563686f
39056 2052656465
39057 e6af9b
39058 d0b0d0bdd0bdd18bd0b9
39059 20696e63617263657261746564
39060 20526963686d6f6e64
39061 526f636b
39062 20506176
39063 204b61726d61
39064 75676573
39065 20636f6e7465c3ba
39066 ebb984
39067 20eab7b8eba78c
39068 20476f6e65
39069 20777370c3b3c582
39070 205261686d656e
39071 756e6b656e
39072 20eca491ec9a94ed959c
39073 206962
39074 20617474616368696e67
39075 486179
39076 2073756b61
39077 ec8db9
39078 207069766f74616c
39079 2052657370656374
39080 c3ad6461
39081 4942
39082 20566572616e74776f7274
39083 77696574
39084 20666f72656e736963
39085 d180d0b8d181d182
39086 20d0bfd180d0b8d0bdd186d0b8d0bfd0b5
39087 206d61726b696e6773
39088 206b6574746c65
39089 204f70657261
39090 20446f63746f7273
39091 207368726564646564
39092 20726563756572
39093 20766967696c
39094 204661696c
39095 20656e74726576
39096 20d0b4d183d188
39097 206f7574627265616b73
39098 e8b5b0e590a7
39099 20cf80cebf
39100 20726f677565
39101 616e676c6564
39102 20796561726c79
39103 204372656564
39104 2077616d
39105 206c6f747573
39106 eab3bceb
39107 e38081e38081
39108 2053706974
39109 20497475
39110 2073747261696e73
39111 207374616d706564
39112 20706c61696e74
39113 20706f74696f6e
39114 20636f6e736f6c69646174696f6e
39115 e8a995
39116 d0bed187d0bad183
39117 20766c6f6767696e67
39118 20736c617465
39119 2041756674
39120 20496e636f72
39121 e1bbab6e67
39122 a790
39123 656e68
39124 20686569c39f
39125 20646f6d657374
39126 205374726f6d
39127 e58db3
39128 616b6973
39129 2066726167656e
39130 2066696e6572
39131 20537567
39132 20757068696c6c
39133 20c3a9c3a96e
39134 e280a629
39135 20d181d0bed0bf
39136 20436f726579
39137 20736965626965
39138 206d757365
39139 20636c6f766573
39140 20706f7573
39141 2046696e616e7a
39142 20526f757465
39143 616d6174
39144 206d757475616c6c79
39145 20d0b2d0bdd183d182d180d0b8
39146 2053656c656e61
39147 eb94
39148 20476175737369616e
39149 ebb680ed84b0
39150 20d791d79b
39151 20656a657263
39152 e5beae
39153 6b6561
39154 204765727279
39155 20536963
39156 e5a4a7e79a84
39157 2031393636
39158 69657365
39159 20666f7373696c73
39160 206573746164
39161 204b616e65
39162 6369c487
39163 20ec9ca0ed8a9ceb
39164 20d0bfd0b0d0bc
39165 20437275697365
39166 696e74c3a97269657572
39167 2062656b616e6e74
39168 20506f6465
39169 2064656d616e646572
39170 52656d
39171 20696e76616465
39172 206465636f726174696e67
39173 726f706963
39174 20636f77626f79
39175 2050686f746f
39176 6f706f6c6974
39177 20ecbbaceb9faceb
39178 2072656170
39179 2068616e6477726974696e67
39180 e0b984e0b8a3
39181 20eb9a
39182 20d8a8d8b9d8af
39183 204d74
39184 d980
39185 20737061636573686970
39186 206e6174696f6e616c69736d
39187 20636f756e63696c73
39188 204772696666696e
39189 2041686d6564
39190 20636c696368
39191 204f4c
39192 776c
39193 2050696c6f74
39194 e5aeae
39195 206163726f6e796d
39196 2067656c73
39197 20656c656374726f6c79
39198 e893
39199 20d0bcd0bdd0bed0b9
39200 20657069736f64
39201 20446965736573
39202 20415450
39203 20656469796f72756d
39204 20657870726573736573
39205 206578686962697473
39206 436f6d6d
39207 20d0bad180d183d0bf
39208 206d61746172
39209 2032303235
39210 20417274656d
39211 766173697665
39212 72c3a0
39213 206265c59f
39214 e9bb83
39215 206c697a617264
39216 2066696c6c65
39217 20eca788ebacb8
39218 20d0bcd0bed189
39219 2074c3bc72
39220 2063756c70726974
39221 20776f76656e
39222 20414e59
39223 6e696d
39224 20746179
39225 2070726f6d696e
39226 2061636f6d7061
39227 206964c3a9
39228 20626f696c6572
39229 205468656d656e
39230 206176656e7565
39231 204d7564
39232 20d0bdd0bed0b2d18bd0b5
39233 207769746e657373696e67
39234 206c616e6365
39235 204348414e
39236 204265766572
39237 d8aad985
39238 206368656d6f74686572617079
39239 4b696e67
39240 2062c49964c499
39241 20617475616c
39242 2074697665
39243 2074616c6b696e
39244 20717565646172
39245 6965c39f
39246 6564656c
39247 20ec96b4eca09c
39248 206a6f676172
39249 20c3b672
39250 20756e64657274616b696e67
39251 20537472656e677468
39252 206d696c68c3b56573
39253 2057696e65
39254 204d6f6c74
39255 e8aeb2
39256 e38191e3828c
39257 20756e6465726d696e65
39258 204172636869766573
39259 76616e61
39260 6d65726369616c
39261 4d43
39262 206361737465
39263 d0bfd180
39264 206c656769736c61746f7273
39265 756c61746f7273
39266 c3aa6e696f
39267 20eb8db0eb
39268 20d185d0bed182d0b8d182d0b5
39269 20d0bdd0b5d0ba
39270 207375726e
39271 20636f6e736369
39272 20504f57
39273 2063756c696e617279
39274 204b4154
39275 20466f6c6b73
39276 d18bd0b2d0b0d0b5d0bc
39277 20d0b2d0bed0ba
39278 e38191e3828b
39279 73657276696365
39280 707473
39281 20d0bfd0bed0b1d0b5d0b4
39282 e698afe5958a
39283 2074656e7473
39284 206e6f7264
39285 535445
39286 2072657075626c6963616e
39287 2077796b
39288 206d696e696f6e73
39289 e89995
39290 206d656d616e67
39291 6a657374
39292 20636f6d7061726174697665
39293 2074796c65
39294 636172626f6e
39295 626564696e6774
39296 6b73656e
39297 206e656761746976697479
39298 20736ac3a46c76
39299 2064c3ba
39300 e68980e69c89
39301 20726563616c6c6564
39302 637261
39303 2054616461
39304 20d180d183d0bad0b8
39305 20d0bed0bfd180d0b5d0b4d0b5d0bb
39306 2070726f6372617374
39307 206a6f676f73
39308 204f6f
39309 20486561727473
39310 20c3a96368
39311 206b7369c485c5bc
39312 20636f61727365
39313 2054756265
39314 20477265656e73
39315 20c3a96e
39316 2064756d6262656c6c
39317 20d182d0b8
39318 20717565726572
39319 d8a7d8ad
39320 cf83ceb5ceb9
39321 20d0bfd180d0b0d0b2d0b8d0bbd18cd0bdd0be
39322 20d0bfd0b0d0bf
39323 20636f6d707261
39324 2074c3a972
39325 20416e746573
39326 206f7074696d756d
39327 2062697363756974
39328 cebaceb9
39329 61637a65676f
39330 20ec8b9ceab084ec9db4
39331 204d6172696e6573
39332 7665726f
39333 2076616363696e6174696f6e73
39334 207065747479
39335 726974657273
39336 20d0b0d0bb
39337 636f756e747279
39338 20636f756e74657273
39339 20617474656e64616e74
39340 20487569
39341 e381a8e38184e38186e38193e381a8e381a7
39342 636b61
39343 d181d182d0b2d0b5d0bdd0bdd18bd0b9
39344 677579
39345 20747269636b6564
39346 20524544
39347 20746872696c6c696e67
39348 cf80cebfceb9
39349 207069676779
39350 20616e756e6369
39351 4f52544552
39352 2056616c7565
39353 20726f6e64
39354 20414441
39355 20706f736572
39356 686f726573
39357 20526f6c616e64
39358 93af
39359 206e6f6972
39360 20d7a9d790d7
39361 ebb09c
39362 69656d616e64
39363 20d0bfd0bed182d0b5d180
39364 eab3b3
39365 20eab1b1
39366 20666f726d617474696e67
39367 204c6564
39368 e8a780e79cbe
39369 206b696c6c657273
39370 20c491e1baa579
39371 2068616172
39372 616761696e
39373 213c2f
39374 20736f6d657468696e
39375 20636f756768696e67
39376 206e617665
39377 2070726f7370656374697665
39378 20484b
39379 20526573637565
39380 6d61796265
39381 67676572
39382 20d180d0b0d0b1d0bed182d183
39383 d795d79cd79d
39384 7461696c73
39385 ed9598ed9598
39386 206579656c6964
39387 20637573746f6d697a6174696f6e
39388 6176696c696f6e
39389 2070726f636861696e
39390 20676c617a65
39391 e68385e6b381
39392 53696d
39393 20d0bed0bfd0b0d181
39394 206d6f73717569746f6573
39395 2066656e74
39396 2063617061636974696573
39397 2061706f73746c6573
39398 20616c74757261
39399 20ebacbb
39400 207365726f6e74
39401 20416e7974696d65
39402 a5b4eb8a94
39403 20636f73706c6179
39404 2073706163
39405 2073616d656e
39406 e38384
39407 756363
39408 69c3a8726573
39409 207369626c696e67
39410 20436f636b
39411 20eb8f85
39412 20d0bfd180d0b5d0b4d181d182d0b0d0b2d0bbd18f
39413 20696e7374616c6c6d656e74
39414 2064696a65
39415 204d4355
39416 204548
39417 204e696e67
39418 207072657061726573
39419 206879706f6372
39420 707479
39421 206b6164c4b16e
39422 2046726f7a656e
39423 6861756c
39424 204b796c6965
39425 e98099e6a8a3e79a84
39426 2073687566666c65
39427 20656c656d656e74616c
39428 206175c39f6572
39429 204b4e4f57
39430 20414c49535341
39431 5a41
39432 ecb2a0
39433 e7be8ee58583
39434 20726563697465
39435 207363726962
39436 20313135
39437 e4bc91
39438 2073746172726564
39439 206c657175656c
39440 20627265776572
39441 204f70706f7274756e
39442 2072c3a4
39443 2063686f70737469636b73
39444 204b6168
39445 20457468696f706961
39446 2068616e646d616465
39447 206572666f6c67
39448 20447a
39449 697474656e73
39450 e8aa8de782ba
39451 d0b2d0b0d0bb
39452 ceb7cebd
39453 e58a9e
39454 e38393
39455 6272696e67656e
39456 20756e706c7567
39457 206f666673
39458 206865726d616e
39459 6c696564
39460 61736f6e6963
39461 20536572626961
39462 2047756174656d
39463 202e2e2e22
39464 2065727265696368656e
39465 20616d626967756f7573
39466 20576869746e6579
39467 7a7566
39468 4d414e44
39469 a0b5
39470 2073717565657a6564
39471 e3819de38186e381a0
39472 796173
39473 e9be8d
39474 2053686f636b
39475 207574696c697365
39476 756b6f
39477 626f6c74
39478 206d6f746966
39479 20696e6d61746573
39480 20636f72727570746564
39481 20636f6e63726574
39482 20437269746963616c
39483 2053696e67696e67
39484 20d184d183d0bdd0ba
39485 e9ad94
39486 6e6f7661
39487 7265626265
39488 6474
39489 556e6973
39490 2077656263616d
39491 2063616d6f75666c
39492 4b656e
39493 206c61777375697473
39494 20436f6e73756d6572
39495 207265636f6c6c
39496 206b6c65696e6572
39497 2046494641
39498 2031393632
39499 e8ada6
39500 206d616c6164
39501 20ecb0bd
39502 20c3a574
39503 20696e666c75656e636572
39504 20417274697374
39505 737469
39506 e381aae3828be381bbe381a9
39507 e0b8a7e0b8a2
39508 7973c582
39509 204269616e
39510 88eb84a4
39511 2066697265706c616365
39512 204170706c69636174696f6e
39513 206d6e69656a
39514 20616369646963
39515 204d6f726d6f6e
39516 737361
39517 e58b99
39518 20736e65616b79
39519 206f6a6f73
39520 20766f7564
39521 20446169
39522 206772617373726f6f7473
39523 20556e62656c69657661626c65
39524 2047616265
39525 2045787472656d65
39526 20686173736c65
39527 20636f62
39528 6d756d626c696e67
39529 50617373
39530 8ceb9fac
39531 2073797374656d61746963616c6c79
39532 20736576656e7465656e
39533 cf80ceb5ceb9
39534 e299a1
39535 20d0bad0bed182
39536 2073656e64697269
39537 2062617468726f6f6d73
39538 20537465726e
39539 2041726475696e6f
39540 e8b9
39541 63726962696e67
39542 2072656f70656e696e67
39543 2063657276
39544 706565
39545 415249
39546 206361647265
39547 20416e6368
39548 4c6565
39549 204d4158
39550 206dc3a46e6e
39551 2063686f726573
39552 2061646573736f
39553 e69d91
39554 204e6967
39555 20646973736572746174696f6e
39556 20566179
39557 5354414c4b
39558 d0b0d0bad0b0
39559 61766174
39560 e7a0b4
39561 2070756e6b74
39562 2070616464696e67
39563 2054656d706c
39564 20656a65
39565 20ed84b0
39566 20617a74
39567 20eb8c80ed86b5eba0b9
39568 207265617272616e6765
39569 c3a16368
39570 20ec82aceb9e8ceb93a4
39571 20667265616b696e
39572 6372697265
39573 20ecbba4eb
39574 204578706c61696e
39575 20cf84cf89cebd
39576 20626f64696c79
39577 204c65697374
39578 207369677569
39579 2062756e6b6572
39580 20617a756c
39581 204861757368
39582 537562
39583 20d090d0bdd0b4
39584 20d0bad180d0b0d0b9
39585 20696c6c6567616c6c79
39586 204d7579
39587 20466569
39588 2042616e616e61
39589 207363686f6c61726c79
39590 2050727a79
39591 204d6f7373
39592 2046696c746572
39593 20ec96b4eb96a1
39594 204d617877656c6c
39595 74656e7365
39596 206c6f6e6769747564
39597 206c616e6773616d
39598 20d79ed7a7
39599 736d697468
39600 697a616461
39601 20d0bdd0bed180d0bcd0b0d0bbd18cd0bdd0be
39602 20566f6c6c
39603 20456c656e61
39604 e696b9e99da2
39605 20d185d0bed182d18c
39606 204461626569
39607 20636f6e73657276617469766573
39608 207072c3b370726961
39609 20446965736572
39610 204272656e6461
39611 6f6f6b6965
39612 2062616e63
39613 e383af
39614 ec9db4eca6
39615 ec9b83ec9d8c
39616 206b6568
39617 2077656464696e6773
39618 207468756e64657273746f726d
39619 e694bee5bf83
39620 20436f6f7264696e
39621 ec8898eab080
39622 2070727a656369
39623 e992b1
39624 4f535354414c4b
39625 6d61616e
39626 20eab1b4eb
39627 20d8a8d987
39628 20c5bc6164
39629 207961636874
39630 2067c3b674
39631 20626c65616368
39632 2073686f7274656e
39633 20d181d182d0b0d0bbd0be
39634 7573616e
39635 20ec9e90ec97b0
39636 2064657273
39637 786973
39638 8d94eb8b88
39639 207175616e746964616465
39640 206f7070726573736564
39641 20d0b7d0b0d0bad0bed0bdd187
39642 e4b888e5a4ab
39643 e38188e38188
39644 20d187d0b5d182d18b
39645 20d09dd0b0d0bfd180d0b8d0bcd0b5d180
39646 756c70
39647 e68096
39648 d982d988d984
39649 d0bed187d0b5
39650 ceaccebb
39651 7a656e6975
39652 20666f726d6174696f6e73
39653 20737061726b6564
39654 20456e747769636b6c756e67
39655 616c6c73
39656 207669766972
39657 2065787069726174696f6e
39658 6f74696e65
39659 20d0a7d0b5d180
39660 205475726e696e67
39661 2074617269666673
39662 206e617374c49970
39663 206162696465
39664 696b7369
39665 20666c6173686573
39666 206469737075746573
39667 20ecb2b4
39668 206d6572616b
39669 20656e6f726d6f75736c79
39670 7a61686c
39671 2066c3bc687274
39672 d0b2d0bed0bd
39673 20d0b7d0b0d0b2d0b8d181
39674 207065727365766572616e6365
39675 206469766964656e6473
39676 20636f6e74657374616e7473
39677 2070726f737ac499
39678 204672616e6b656e
39679 e3828de38186
39680 206578706c6f726572
39681 2062756666616c6f
39682 e28095
39683 2065636f6c6f6779
39684 207363616c6172
39685 206372616e
39686 ceb5cf84ceb1ceb9
39687 c5bc79c487
39688 20ec9a94eb
39689 20676961
39690 20476f67
39691 2050726976
39692 20eba790ec9d84
39693 20526561736f6e
39694 72616b74696f6e
39695 204465626f726168
39696 206b697474656e
39697 204564696e
39698 e4b9be
39699 7069656a
39700 20eb8bb4
39701 206dc3a17175
39702 2062696464696e67
39703 20616666696e697479
39704 2061696b61
39705 666f6c6b
39706 20436f6e7365
39707 2064657574736368656e
39708 e886
39709 206465626974
39710 c4b1c49fc4b16e
39711 6973656c
39712 20eca491eab5ad
39713 20ebad90eab080
39714 207472757374776f72746879
39715 2053746172746564
39716 e69591
39717 c3bc7264
39718 20d0bfd0bed0bdd18fd182d0bdd0be
39719 20736369656e7469666963616c6c79
39720 506f6473
39721 43524f535354414c4b
39722 2070726567756e746173
39723 2063616c6d696e67
39724 205072656d69657265
39725 d79bd7a9
39726 20d185d0bed0bbd0bed0b4
39727 20636170697461
39728 20746f6d61
39729 206d75726d
39730 20667565727a61
39731 2048616e69
39732 e68891e69c89
39733 c3bc66
39734 61726c6f73
39735 2068c3a47566
39736 e38191e381a6
39737 206f736f6279
39738 6a65676f
39739 20d0bfd0b8d181
39740 2063616c6d6c79
39741 69646574
39742 62756368
39743 676f6e65
39744 20766973636f73697479
39745 206d6f64616c
39746 20676573616d
39747 20487a
39748 206d756e69636970616c6974696573
39749 2063697263756c6174696e67
39750 6f6c696e61
39751 53686f
39752 e9a291
39753 2042656e6564
39754 6f6c75
39755 207265737473
39756 206cc3a56e67
39757 20d09ed0b4d0bdd0b0d0bad0be
39758 2070727a6577
39759 2070657070
39760 206d6172726961676573
39761 20424947
39762 616e64616e
39763 206d61676963616c6c79
39764 206261627973
39765 20eb8c93
39766 206861636b657273
39767 42616279
39768 204d6f6e7374
39769 2063696572
39770 204172616273
39771 20d0bcd0b0d0b3d0b0d0b7
39772 20496e646f6e657369616e
39773 e38184e38186e38193e381a8
39774 204d61726b74
39775 20646163687465
39776 20536368c3bc6c6572
39777 20564e44
39778 20737069656c74
39779 207065726c75
39780 e382b4
39781 e5ad98
39782 20d0bfd180d0bed185d0bed0b4
39783 2073616c746564
39784 20696d70726f766973
39785 20496e737472
39786 76656c6d656e7465
39787 206e657373
39788 2066756e677573
39789 20636f6c6c61626f7261746f7273
39790 205669727573
39791 6573746172
39792 2070726f6a6563746f72
39793 20d09fd180d0b0d0b2
39794 206167696c697479
39795 d799d7a0d795
39796 6572656c
39797 20d0b2d0bed0b7d0b2
39798 20d0b1d0b0d0b7
39799 204361746879
39800 c49f75
39801 20d0b3d0bed0b2d0bed180d0b8d0bb
39802 62696c697479
39803 204c616e63
39804 204b696d6265726c79
39805 204272696566
39806 e585b7
39807 2075747665636b
39808 20676f67676c6573
39809 207072657363686f6f6c
39810 e7a78d
39811 4154484552
39812 206d6f7469766573
39813 20426f6e67
39814 4558
39815 206368696c6c79
39816 2041647669736f7279
39817 e2808be2808b
39818 20d0bad0bed182d0bed180d0bed0bc
39819 2074726169746f72
39820 2064656d61736961646f
39821 20d186d0b5d0bd
39822 20d0bcd0bed0b8
39823 e59e8b
39824 206d756c746966
39825 ec94ac
39826 20416c65786973
39827 207a696574
39828 2052616d61
39829 6272616e6365
39830 2073616e6374696f6e
39831 69746f7573
39832 d795d79a
39833 20ebb3b4eb82
39834 d181d182d0b0d0bdd0bed0b2
39835 e8b6a3
39836 20d180d0b5d181
39837 20436875726368696c6c
39838 20d0bfd180d0b5d0b7
39839 20494f
39840 20476565
39841 20476174686572
39842 61746f7269
39843 54796c6572
39844 20d0bdd0b5d0bcd0bdd0bed0b6
39845 2062c3a56465
39846 204b696c6c6572
39847 207475626572
39848 2052616d6164616e
39849 e1bf
39850 69656874
39851 20737472616e67656c79
39852 d0bbd183
39853 20726564657369676e
39854 20696e63756d62
39855 2062657261626572
39856 20566f6c6b73776167656e
39857 6d6574616c
39858 647a79
39859 706369c3b36e
39860 20ec958aec9584
39861 e594b1
39862 e5a4b4
39863 20476f6f646e657373
39864 d0b8d0b2d0b0d0b5d182d181d18f
39865 6261686e
39866 20416e7461726374696361
39867 d0b5d0bad182d0bed180
39868 20686f6d656f776e657273
39869 7a65696774
39870 20ed9884ec9eac
39871 eca780eb8f84
39872 2067656f67726170686963616c
39873 7468696e6b696e67
39874 20676f737461
39875 20496d616d
39876 756c69666c6f776572
39877 646167
39878 616e6e74
39879 616b6f76
39880 20646f776e7761726473
39881 ecb2b4eab080
39882 43554245
39883 20d09ad181d182d0b0d182d0b8
39884 20d0bfd0bed0bbd0bed0b2
39885 20706c6174656175
39886 e38184e3818d
39887 e1b8a5
39888 2063686c6f72696e65
39889 20616363656c657261746f72
39890 20736f6c766573
39891 204772617373
39892 7069616e6f
39893 20daa9d8a7
39894 20d8a8d8aa
39895 20526f63686573746572
39896 20d987d98a
39897 20636f6c6c65637473
39898 8d94eb9dbc
39899 204368656572
39900 6c696e67656e
39901 20d180d0b0d0b7d0b3
39902 20616dc3a9726963
39903 687461
39904 454354
39905 2061727469666963
39906 2050617950616c
39907 68616e61
39908 5374657068656e
39909 2047657374
39910 7068616c74
39911 207265706c69636174696f6e
39912 2057696c6c6965
39913 206e65757472
39914 206972726174696f6e616c
39915 206461646f73
39916 20416964
39917 6b616d
39918 616e746572
39919 20d0b4d183d0b6d0b5
39920 206465746f6e
39921 2068617265
39922 2062657473
39923 6261676169
39924 20737461696e6564
39925 20706c61757369626c65
39926 207065656c696e67
39927 206372c3ad74
39928 2067726f7465
39929 ecb6b0
39930 a5b4eab28c
39931 616c746574
39932 50686f6e65
39933 46696c
39934 53514c
39935 20676566616c6c656e
39936 e58f94
39937 207361c3ba6465
39938 2054616d696c
39939 636f7573
39940 20d0b3d0bbd0b0d0b2d0bdd0bed0b5
39941 206174726176c3a973
39942 7573736961
39943 207a77656974656e
39944 20456c766973
39945 206d6f766572
39946 206c696d697465
39947 e8bfbd
39948 6172657a
39949 a5b4eab3a0
39950 204b72616e6b656e
39951 c3bc7265
39952 20ec958aec9584ec9a94
39953 207468c3a06e68
39954 2070726f666f756e646c79
39955 20626564726f6f6d73
39956 20746f6f74687061737465
39957 20416363657074
39958 c3a97469636f
39959 206bc3bcc3a7
39960 20417279
39961 6164696e
39962 206772616e756c6172
39963 6563746564
39964 206d656e6a616469
39965 20636f6d706574656e6365
39966 646f63
39967 20737061726b6c696e67
39968 20eca28bec9d84
39969 20636f6e737472756374696e67
39970 20616d7573656d656e74
39971 20496e737572616e6365
39972 204665756572
39973 2072656e6f766174696f6e
39974 73756368
39975 706c6174
39976 2070726f737468
39977 20626579
39978 20436f6d706c6574656c79
39979 207a6f64
39980 616c6e
39981 56696374
39982 20636f6e6669726d73
39983 c3a4747a
39984 e296
39985 68616d6d6572
39986 20d0b7d0bdd0b0d0b5d182
39987 2061646d69726564
39988 a0eba5bc
39989 204672756974
39990 657274656e
39991 206e69656365
39992 2054696e79
39993 20706c756d62696e67
39994 65726d61
39995 20d0bbd0b5d0b3d0bad0be
39996 2077696e64736869656c64
39997 20d181d0bcd0b5d180
39998 20627a77
39999 2061626f6c6974696f6e
40000 205361646867757275
40001 207072656163686564
40002 204372656174696e67
40003 e7899b
40004 7065726564
40005 20766f6c6f6e74
40006 207175696e74
40007 207072696e74657273
40008 206e6567726f
40009 2067726f737365
40010 20546879
40011 2046656c6c6f7773
40012 e68ea5e4b88be4be86
40013 207374616e6965
40014 206e6577636f6d
40015 20487565
40016 20467265756e6465
40017 20436f6e737472756374696f6e
40018 20616476657273697479
40019 206e6567617469766573
40020 2068617a6172646f7573
40021 20636f6d70656c6c6564
40022 20776f6b
40023 204f79
40024 d0bfd0b0
40025 aaa8eb
40026 2072656e64657a
40027 206f76657263
40028 2077656176696e67
40029 20d0b8d0b4d0b5d182
40030 2070726f73656375746f7273
40031 20617564696f626f6f6b
40032 20616e636573746f72
40033 20756e646572676f696e67
40034 20706f756e64696e67
40035 e38182e3828ae3818ce381a8e38186e38194e38196e38184e381bee38199
40036 20ed9280
40037 20ecb6a4
40038 2074756c6565
40039 20ec97b4ec
40040 207a6f616c73
40041 206e65696e
40042 e9ad9a
40043 206f6b65
40044 204a6f796365
40045 206e7564
40046 2064696c6967656e6365
40047 204c616273
40048 2076656e7473
40049 20616e6365737472616c
40050 e0b8abe0b8a1
40051 20d0bcd183d0b6d187
40052 206e6f6dc3a973
40053 e8a1a8e7a4ba
40054 77616c69
40055 71696e67
40056 204d756c7469706c65
40057 20436f6e73756c74
40058 20697374656469
40059 20446f79
40060 616b6168
40061 206469736369706c696e6564
40062 20616c7465726e6174696e67
40063 e792
40064 207665726d65
40065 20d0bed189
40066 20746f7461
40067 2050726167
40068 2073776f726e
40069 206265626572
40070 2041756667616265
40071 ec9ab4eb
40072 e8bea6e6b395
40073 20797570
40074 207265636c61696d
40075 6f6e7574
40076 20617563756e65
40077 20616d7068
40078 20c59b776965
40079 206161
40080 6973636f766572
40081 20417267
40082 636965c5bc
40083 20646573736173
40084 2057c3a468
40085 e1bbb9
40086 20d0b4d0b0d0b2d0bdd0be
40087 2073696c656e746c79
40088 617263
40089 20ed9b84ebb3b4
40090 207477656574696e67
40091 204f6e64
40092 e9a19e
40093 a6aceba9b4
40094 20626f77656c
40095 ec85a8ec96b4ec9a94
40096 e8818a
40097 4f5345
40098 2070726f70696f
40099 204b756e7374
40100 6b756e67
40101 20646f6e6ec3a96573
40102 20486f72697a6f6e
40103 2046726f67
40104 e5808be4baba
40105 206172697374
40106 c3a26c
40107 20d0bad0bed0b6
40108 20736567756e646f73
40109 2053686f72746c79
40110 2043726f7764
40111 6972616e
40112 2077c58261c59b6369
40113 204c6163
40114 6964656e7465
40115 20eab080ec9e90
40116 206c656e
40117 20535553
40118 204d6f746f7273
40119 205472656e74
40120 6f6d6965
40121 207472616e736d6974746572
40122 204173736164
40123 207073796368696174726963
40124 20d0b6d0b8d182d18c
40125 206f75746c696e6573
40126 206566666563746976656d656e74
40127 2052656c6967696f6e
40128 70726568
40129 20d0b4d0bed0bbd0b6d0bdd0b0
40130 20cda1c2b0
40131 20436f6e736572766174696f6e
40132 20e1bb
40133 20d0b7d0b0d0b9
40134 20726573696465
40135 20636f6d706c65746f
40136 4b454e
40137 20eb8298ec98a4eb8a94
40138 20737562757262616e
40139 2072c3a9706f6e647265
40140 20d180d0b0d0b7d0bbd0b8d187
40141 2067616c6c6572696573
40142 2072617074
40143 e6849fe8ac9d
40144 292e2e2e
40145 20637275656c7479
40146 20564d77617265
40147 ed88ac
40148 20686179c4b172
40149 2067726f7570696e67
40150 205269646572
40151 2073796c6c61626c65
40152 20626569737069656c737765697365
40153 20736166656775617264
40154 2070656cc3ad63756c61
40155 61727469
40156 20d0a1d0be
40157 206368656761
40158 20d0bad0bed0bcd183
40159 20736569736d
40160 206861726d6c657373
40161 2057617272696f7273
40162 e38184e381a4
40163 20d0bfd181
40164 207368616d656c657373
40165 204261756d
40166 696e7374616c6c
40167 20746f6f6c6b6974
40168 20706970656c696e6573
40169 207075737379
40170 20636f6e6365616c
40171 2070726f74657374696e67
40172 6f63686f6e64
40173 20647561
40174 20506f7365
40175 2068656c69756d
40176 205558
40177 696b6c65
40178 2053756666
40179 20ec84b8eab384
40180 696e67657273
40181 20d181d0bbd183d187d0b0d0b9
40182 2064657363656e64696e67
40183 20e6b292e69c89
40184 206d6f6e74616765
40185 48696768
40186 20ec9db4ec96
40187 20496469
40188 20d791d7a1
40189 2065787072657373697665
40190 e7a78b
40191 20d0bfd0bed0bbd0b5d0b7
40192 20706f6e65
40193 2061646f6c657363656e74
40194 d0b0d0bdd0bdd18bd0b5
40195 20617373617373696e6174696f6e
40196 77656973656e
40197 656d61746963616c6c79
40198 61757468
40199 20757267
40200 2067616e686172
40201 2066756e646f
40202 2052686f6465
40203 20d0b8d181d182d0bed180d0b8d0b8
40204 20636f6d70617274696c
40205 e695a2
40206 2064696d696e6973686564
40207 2061707072656e74696365
40208 20d091d183d0b4
40209 2070686f746f6e73
40210 2063c3b364
40211 e5b995
40212 e6ac8a
40213 6f6e616b
40214 206164656c616e7465
40215 20636875
40216 6f706963
40217 20616978c3ad
40218 6564646172
40219 20436f6e6772617473
40220 6d6f72
40221 e5a5bde590a7
40222 207265736572766174696f6e73
40223 20546f6279
40224 204b65726e
40225 2072617a656d
40226 20666f72676564
40227 20686f7272696679696e67
40228 d98ad8b9
40229 204a6f696e696e67
40230 e383a9e382a4
40231 2041757468
40232 646168
40233 20636f6e736967
40234 20696e74696d696461746564
40235 207065726970686572616c
40236 206d656e6f
40237 20646574656374696e67
40238 2074656f72
40239 20746167676564
40240 206e6f7374616c676963
40241 20ebafb8ec9588
40242 e580bc
40243 207665726469
40244 206c6162656c696e67
40245 d0bfd0bed0b4
40246 6173746573
40247 2076697374
40248 20637974
40249 20666c697073
40250 d180d0b8d0b7
40251 62616c616e636564
40252 e381aae3818f
40253 20d0bed188d0b8d0b1
40254 2064657374696e
40255 6c61737365
40256 65726569
40257 206b616c6f
40258 2061727175
40259 20706c616e6f
40260 206f7264696e616e6365
40261 20636f6d70696c6174696f6e
40262 20566f63c3aa73
40263 2045636f
40264 20ecb694ecb29c
40265 20656e63696d61
40266 2047617272657474
40267 20436f7264
40268 c3b66c6b6572
40269 204172726f77
40270 2070726f746f6e73
40271 2ce2808b
40272 20ecb298eb
40273 207363616e64
40274 206265696765
40275 636f6e67
40276 2062696b696e67
40277 20544c
40278 d183d0bdd0b4
40279 20ec8694eca781
40280 2056696c6c61
40281 204a41434b
40282 e4bba5e58f8a
40283 20c3b6c49f72656e
40284 2074656d6173
40285 204b79756e67
40286 4a656e6e
40287 20637564
40288 20696d706f73696e67
40289 20636f6d6d616e646d656e7473
40290 204d65616e73
40291 2044c3a472
40292 207265636f6d656e64
40293 20646973706f736974696f6e
40294 d8a7d987
40295 20746875
40296 20726564756374696f6e73
40297 20646975
40298 20d795d790d7
40299 20d0b8d181d181d0bbd0b5d0b4
40300 746872656e
40301 206c61646f73
40302 205242
40303 69786564
40304 20ec8f
40305 4672
40306 7374696c6c
40307 206f6c6d6173
40308 434855434b
40309 20ed86a0
40310 20496e646570656e64656e74
40311 d092d09e
40312 2070697473
40313 20756e64657274616b656e
40314 2066c3b872
40315 204e6177
40316 20ec9e91ec9785
40317 207368657068657264
40318 206c616e677565
40319 204a6162
40320 204472756d
40321 20456c656b74
40322 e68bac
40323 e38198e38283e381aae38184
40324 e1bb9174
40325 20ec9db4ecaabd
40326 20626567696e6e656e
40327 2046757279
40328 e1bb8375
40329 73656374696f6e73
40330 2073707261796564
40331 206dc3a172
40332 20566f6c74
40333 2053656f6e67
40334 d0b8d182d0b5d0bb
40335 64756374696f6e
40336 6173616e
40337 206a7564676d656e7473
40338 696d61616e
40339 9ed7aa
40340 207369656e746f
40341 20414354
40342 204248
40343 646576
40344 20eca28bec9584ed9598
40345 206a6f726e
40346 495354494e
40347 20726f6172
40348 20696d6d657273696f6e
40349 6166666c6573
40350 20747261696e6565
40351 2042696c6c626f617264
40352 726573736573
40353 205761726d
40354 20526f626572746f
40355 207574696c697a7a
40356 2049676f72
40357 2072617368
40358 20616e616c79746963
40359 6972616d
40360 2073796d6d6574726963616c
40361 206c6966657370616e
40362 206561746572
40363 20426c6f6f6d62657267
40364 6174657269616c
40365 20ebafbf
40366 206973746572
40367 20696e76616c7561626c65
40368 20617373697374696e67
40369 20736861636b
40370 cebcceb1cf84ceb1
40371 6a6973
40372 656e697a
40373 20d0bfd180d0b5d0b4d0bbd0bed0b6
40374 206465636c6172696e67
40375 2056696b696e67
40376 20417373696d
40377 20657870656e646974757265
40378 20706f73696e67
40379 204f6e756e
40380 20696e6963
40381 d0b0d18ed182d18c
40382 726576
40383 206d6965646f
40384 2066696c746879
40385 204942
40386 20446973636f766572
40387 696368746574
40388 6d696c6c696f6e
40389 b684eb93a4ec9db4
40390 20616d62696775
40391 20466c796e6e
40392 626172647a69656a
40393 20696e636f6d70
40394 d0b0d0b2d0bdd0be
40395 7a6961
40396 20696e666c75656e63696e67
40397 20776f726c646c79
40398 2053616c6573666f726365
40399 7a6574
40400 20706172746963756c696572
40401 204b6f6368
40402 2031393433
40403 20746f6e6572
40404 20d18dd0bad181d0bfd0b5d180
40405 20737573637269
40406 2074726967676572696e67
40407 49434553
40408 ec8aa4eab080
40409 ceb4ceb1
40410 d180d0b0d0b1d0bed182
40411 20616674657277617264
40412 70696e65
40413 20494c
40414 6172657468
40415 20d0bfd0b0d0bb
40416 2073616b6572
40417 2031393437
40418 4146
40419 75796f7273756e
40420 20ec8aa4eb
40421 207175616e74696679
40422 206d656e746f7273686970
40423 206c6c656761
40424 2054616d617261
40425 206f7074696d697a696e67
40426 2066726f6e7473
40427 6f7374657273
40428 20657371756572
40429 207375626d697373696f6e73
40430 20616e6e6968
40431 2073756374696f6e
40432 6c75656e6365
40433 6368696564656e
40434 494e4753
40435 20d791d794
40436 20d181d186d0b5d0bd
40437 207769656c75
40438 206f626a65746f
40439 20626f6f6273
40440 204765736368c3a46674
40441 2065617262756473
40442 20d180d0b0d0bdd18cd188d0b5
40443 20726f7574696e656c79
40444 20636f6c6c6167656e
40445 d0bed0b4d18b
40446 2043696e6e616d6f6e
40447 2062616978
40448 d8afd985
40449 6672616765
40450 20d0bad0bdd0bed0bf
40451 20646563657074696f6e
40452 20756e65787065637465646c79
40453 20736d656c6c6564
40454 206c6f6f73
40455 20686967686c696768746572
40456 20eab8b0ebb3b8
40457 20476c6173676f77
40458 6f77616e61
40459 6d6e
40460 204a6572656d696168
40461 204461746162
40462 69657465
40463 20626177
40464 2070726f706961
40465 2070726f707269
40466 4f4f4f4f4f4f4f4f
40467 696e6b6572
40468 2070657274757262
40469 2046616b65
40470 ec9db4ec96
40471 696d6d696e67
40472 20756e646f63756d656e746564
40473 2074726162616a616e646f
40474 20726f616d
40475 20d0b4d0bed0bbd0b6d0bdd0be
40476 2061726265
40477 20616e69
40478 6174616c
40479 206172616461
40480 20416e6461
40481 20ec9b80
40482 204272616e6368
40483 6f69726573
40484 206f75747369646572
40485 646f6c6c6172
40486 e5bd93e784b6
40487 6973736573
40488 6265616e73
40489 20476967
40490 e79da1
40491 7261646f73
40492 20537574
40493 204c616e6365
40494 65647369c49962696f72
40495 20636f6c61
40496 6f6e656e7473
40497 207265636f6e7369646572
40498 e382b9e38388
40499 206d6f6e646f
40500 e383b3e3838de383ab
40501 20756e73756363657373
40502 204bc3a4
40503 e8beb9
40504 20726567656c
40505 206269736f67
40506 65747573
40507 20756e726176656c
40508 2073776565746965
40509 2072657072c3a973656e74
40510 6f7572696e67
40511 2067726f756e647761746572
40512 20426577
40513 20736372617463686564
40514 206361737365747465
40515 206369646572
40516 706973
40517 20d181d0b0d0bcd0b0
40518 20676c6f62616c697a6174696f6e
40519 206465677261646174696f6e
40520 20646567656e6572
40521 20526f736965
40522 69636b74
40523 206f766572776569676874
40524 204d454d
40525 20677561726469616e73
40526 20636f6e736563
40527 486d6d
40528 e68891e59ca8
40529 20d0bfd0bed182d180d0b5d0b1
40530 206d657661
40531 206772616666697469
40532 20666c697274
40533 204250
40534 206a7573746f
40535 2054686f7573616e6473
40536 e7949c
40537 9facec9ab4
40538 2e2a
40539 20524157
40540 20666c756f72
40541 697969
40542 616e74616c
40543 6a6564
40544 205368656e67
40545 20456c697365
40546 20436861726765
40547 ec9db4ed8ab8
40548 20636f6e6573
40549 6e696573
40550 676961
40551 20d0bdd0b0d187d0b0d0bbd0b0
40552 20446861726d61
40553 20eb8ba4ec9691
40554 206661766f7273
40555 205472756e67
40556 686574746f
40557 20706f7a77
40558 206c6f6e676f
40559 206b656c75
40560 20646967657374696f6e
40561 20456967
40562 205448455245
40563 207469657273
40564 2073756e6b
40565 206d7973746963616c
40566 7a7562
40567 20c38974
40568 20616e74696369706174696e67
40569 2056696e65
40570 5959
40571 20636f6e63656e74726174696e67
40572 2041677265656d656e74
40573 20d0bed0bad0bed0bbd0be
40574 206c696474
40575 2059616f
40576 20d181d0bbd0b8d188d0bad0bed0bc
40577 72c3ad
40578 495354494e4354
40579 204f46464943
40580 20736f616b696e67
40581 2073696968656e
40582 207265666572656e63696e67
40583 2054616d7061
40584 616e6579
40585 20726573707565737461
40586 20436f616c6974696f6e
40587 20d181d0bed0b3d0bbd0b0d181
40588 616e6b696e64
40589 20eb9b
40590 2059756d6d79
40591 ebb0b0
40592 206f6e63
40593 7569c3a7c3a36f
40594 207468656f
40595 206d7572616c
40596 205465616368657273
40597 207761697473
40598 2072656e74696e67
40599 204861726d6f6e
40600 2065c59f
40601 204d756e696368
40602 ed999c
40603 ec96bc
40604 6361726473
40605 20726f756765
40606 206ec3aa6e
40607 636c7562
40608 20756e7365656e
40609 2064657072656369
40610 20636f6d7075746564
40611 20776970696e67
40612 20456c6c69
40613 6964656e746966696564
40614 20636c7574746572
40615 726f6c65756d
40616 2074656c6566
40617 206c6576656c696e67
40618 20576f6f6479
40619 20477573
40620 2042656e6e657474
40621 20736974696f
40622 69c582
40623 20706f7373657373696f6e73
40624 204e617461736861
40625 6f6c646f776e
40626 20d181d0bed0bed0b1d189
40627 204c6963
40628 20eba78ceb93a0
40629 206c6f7273717565
40630 776568
40631 20d0bcd0b0d0bc
40632 6c69746572
40633 61646f6d6f
40634 2066696e69
40635 cf8ecf82
40636 20d183d0b1d0b8d0b9
40637 20696e64697370
40638 2074656c65766973
40639 2070c3a1
40640 204372656f
40641 c3ad6c6c
40642 20677572
40643 204d414c
40644 20d180d0b0d0b7d0bdd18bd185
40645 207a696568656e
40646 2066617368696f6e6564
40647 206465626174696e67
40648 20536f7570
40649 2050726f76696e6365
40650 eab7b8eba087
40651 20696d70726f706572
40652 20696d6167656e
40653 20d181d0b4d0b5d0bbd0b0d0bb
40654 206c6f676f73
40655 206576656e746f
40656 e8a786
40657 e1baa36f
40658 6c61726461
40659 20d0bdd0b0d0b7d18bd0b2d0b0d0b5d182d181d18f
40660 2076657266
40661 2073637265656e73686f7473
40662 d795d793d7a2
40663 204175726f7261
40664 2042616c69
40665 7465726564
40666 20636f6e746167696f7573
40667 20636f6d706172746972
40668 76656e69646f73
40669 72696b65
40670 20d0b2d18bd0b3d0bbd18fd0b4d0b8d182
40671 2066726565646f6d73
40672 6e69636173
40673 a0a4ec849c
40674 20726564757a
40675 20456375
40676 2061626f6e6e
40677 205345c391
40678 204269746368
40679 2070726f6a65746f
40680 d0b8d187d0bdd0be
40681 6574747265
40682 414e4e41
40683 7468616e6b
40684 20414f
40685 e68980e4bba5e591a2
40686 61726e697368
40687 6965c39f656e
40688 20726970706c65
40689 2070616e747279
40690 204748
40691 ceb3ceb1
40692 20ec9db4ebb288ec9790
40693 2076616c696461746564
40694 2062727573686564
40695 20456d696e
40696 204461727468
40697 6573696e
40698 2c2e
40699 2076616c6c65
40700 206a6572736579
40701 756c616e
40702 52656164
40703 2052616e67657273
40704 20736f6f7468696e67
40705 20636f6d706c656d656e74617279
40706 205665726b656872
40707 6163616b74
40708 206261746874
40709 204e44
40710 536f6e
40711 20ed9994ec9ea5
40712 20417669
40713 2053414c
40714 6169737365
40715 2073656d61696e6573
40716 2053757276
40717 77696572
40718 20d0b2d0b8d0b4d0b5d0bb
40719 207369657465
40720 94eb8f84
40721 2052616d736179
40722 20517565656e73626f726f756768
40723 204d656e6765
40724 20466f6f6473
40725 207468656f6c6f676963616c
40726 205b23
40727 20d0b2d0bed0bdd0b8
40728 20696d6d696e
40729 696f73697479
40730 20416267656f7264
40731 204163686f
40732 20c394
40733 20737461696e73
40734 207265616c6973746963616c6c79
40735 2066617368696f6e61626c65
40736 2043454f73
40737 20536b696c6c
40738 20d0b2d0b6d0b5
40739 206465766572
40740 20506c7567
40741 e6aa
40742 506f64
40743 206c6f6166
40744 206765627261636874
40745 206162736f726273
40746 204772616e6e79
40747 206d616c77617265
40748 6167c499
40749 20636976696c697a6174696f6e73
40750 20cf81
40751 2068c3a46c74
40752 d0a1d0a2
40753 6772656174
40754 206c61796572696e67
40755 73696e6773
40756 20d0b2d196d0bd
40757 207265636f676e697a61626c65
40758 20776f6a
40759 20776574656e
40760 e7acace4b880e5808b
40761 ceb3cebf
40762 53747564656e74
40763 2064c3a966696e
40764 706c65617365
40765 656e6368
40766 206174746963
40767 204f7474617761
40768 206f70746564
40769 20636170746976
40770 206dc582
40771 205941
40772 2057616e64
40773 20626f756e7479
40774 20323730
40775 2073706563756c617465
40776 20656e68616e63656d656e74
40777 20636f6d6d6f646974696573
40778 204d696c746f6e
40779 656a
40780 616c6f6d
40781 446173
40782 20636f6f6c646f776e
40783 d7a8d790d79c
40784 20d790d7a4
40785 2077637a65c59b6e69656a
40786 20656c6f6e67
40787 2064696f6465
40788 696e61c3a7c3a36f
40789 2049726973
40790 204962
40791 2073756d6d6f6e6564
40792 207265737065
40793 2052616368
40794 e6b3a8e6848f
40795 20c2bb3a
40796 e98692
40797 20767572
40798 206d6f76696d656e746f
40799 20666c75656e74
40800 2045766f6c7574696f6e
40801 2042757474
40802 69666963616369c3b36e
40803 9494ec96b4
40804 20d18dd0bdd0b5d180d0b3
40805 206d616e6970756c6174696e67
40806 20706f7369746976
40807 d0bcd0bed181
40808 2077697a
40809 20696e746f78
40810 ceadcf81
40811 d0b5d0bcd181d18f
40812 697665737365
40813 696d697a69
40814 20ec9ab8
40815 206b6e6f636b73
40816 20636f6e67657374696f6e
40817 20496465616c6c79
40818 20486f6c64696e67
40819 20706f627265
40820 204a554c
40821 20ebb684eb93a4ec9d80
40822 20ceb1ceba
40823 204665726775736f6e
40824 204c61626f7261746f7279
40825 7269636874656e
40826 726f706879
40827 70726f64756374696f6e
40828 617373756e67
40829 495441
40830 207369c3a8636c65
40831 d7a8d7aa
40832 636973696f6e
40833 20d7a4d794
40834 204972656e65
40835 616e6361
40836 20ec82aceab3a0
40837 2070696e706f696e74
40838 2064657369676e6174696f6e
40839 c59f616d
40840 6cc4b1c59f
40841 616174
40842 206ec3a5677261
40843 206d7974686963616c
40844 204465636c61726174696f6e
40845 20ec9ea1ec9584
40846 2062797465
40847 2ee299aa
40848 44656c
40849 20ed8dbc
40850 206e7574726974696f7573
40851 20d180d183d0b1d0bbd0b5d0b9
40852 e582b3
40853 534159
40854 4d6173746572
40855 20d184d0bed182d0bed0b3d180d0b0d184
40856 20eb92a4ec9790
40857 206e6568
40858 20646f6b756d656e74
40859 e7aa81
40860 20637a617375
40861 20636f6e74696e7561
40862 2053696c656e74
40863 2074656e736f72
40864 2074616e7461
40865 20697267656e64776f
40866 204c4554
40867 205368616b74
40868 6c616d61
40869 63686c6167
40870 2064696e67656e
40871 d181d182d180d0b0
40872 206568726c696368
40873 204d61636874
40874 72656c73
40875 c3a063696573
40876 766964656f
40877 206e61747572616c65
40878 205354455645
40879 756d6d
40880 4241434b
40881 20373230
40882 e381a7e38197e3819f
40883 206d6f6d656e636965
40884 205377616e
40885 20746563686e696369616e73
40886 206765656872
40887 204d656e64
40888 526567
40889 207363616666
40890 2061696465
40891 20ebb3b4eb8a94
40892 2070726573736573
40893 6c65726465
40894 5c27
40895 20756c747261736f756e64
40896 20646973636c61696d6572
40897 204d697473
40898 20486f6c69646179
40899 2065787465726e616c6c79
40900 2046617465
40901 494e4f
40902 2043617473
40903 ebb095
40904 756d6f
40905 636f6e74726f6c
40906 2074686543554245
40907 746963
40908 696572756e6773
40909 20d0b7d0bdd0b0d0bad0bed0bc
40910 20667265657374796c65
40911 4d414e444152494e
40912 20697365
40913 6175727573
40914 e8a8b1
40915 205374726174656779
40916 204265616d
40917 72c3a46765
40918 206578706c6f69746564
40919 e38188e381a3
40920 69646973
40921 206368696d65
40922 2050656e696e73756c61
40923 206d6572697473
40924 20616c74726f
40925 20544f50
40926 2053656e73
40927 204b616e74
40928 6f726173
40929 20726f79616c7479
40930 20494445
40931 e5a489
40932 72616379
40933 2054484f4d
40934 6f6d6f73
40935 206cc3a46e676572
40936 206e756d6265726564
40937 556d
40938 204e697965
40939 ceb8ceb7
40940 7a796b61
40941 6c696d65
40942 20506572736f6e656e
40943 2076616c6964697479
40944 20636f6e74726174
40945 20436f6d6963
40946 c3a76f6e73
40947 204865696469
40948 207a67
40949 2072656e616d6564
40950 2063756d696e
40951 204a46
40952 696e656c
40953 20656e666f72636564
40954 206368616d61
40955 d0bbd0b8d187d0bdd0be
40956 e1babb
40957 20d0b4d0b5d0bdd0b5d0b3
40958 2070726f66756e64
40959 2070656c766963
40960 2070616c61767261
40961 20657874726173
40962 20616e6b6c6573
40963 ec9790ec849ceb8f84
40964 205446
40965 20696e73616e656c79
40966 20d0bcd18fd181
40967 2072c3a9706f6e7365
40968 2067c3b673746572
40969 20424251
40970 20d183d187d0b0d181d182
40971 207368616b656e
40972 e382abe383b3e382bf
40973 20616c6d6f6e6473
40974 64697368
40975 205047
40976 20426c697a7a617264
40977 d18cd0bed0b3d0be
40978 20e385
40979 206b6e617070
40980 546f6f
40981 20756e6465
40982 206d6f756e7473
40983 d0bed0bcd0b8d0bdd0b0
40984 206e6f72746865617374
40985 2063656e736f7273686970
40986 d18fd182d18cd181d18f
40987 6c72
40988 206c61776d616b657273
40989 2073c3a564616e
40990 20696e7369646572
40991 20636c65616e7570
40992 204e616461
40993 c3b363
40994 20686172766573746564
40995 204465737075c3a973
40996 ed9a8d
40997 20726564756e64616e74
40998 454e41
40999 2064656c6567617465
41000 2062757267
41001 20416c69736f6e
41002 e696b0e8819e
41003 2063656c65737469616c
41004 2073696e6e657273
41005 206d6172747972
41006 205065726d
41007 2073706563696d656e73
41008 206d69746f63686f6e64
41009 206d61726176696c
41010 20636176616c7279
41011 20617272617973
41012 20616e6e6578
41013 206c61626f7261746f72696573
41014 2042797a
41015 2061746163
41016 20d181d0bbd0bed0b6d0bdd0be
41017 20746f706c
41018 2067657269
41019 20436f6d626174
41020 d181d18fd182
41021 656b656e
41022 20d092d0bbd0b0d0b4
41023 20616a757374
41024 206d6172717565
41025 206c6f6f6b6f7574
41026 204c6f6c
41027 20726f6f66746f70
41028 204f72696f6e
41029 20d0b1d0bed0b9
41030 206865617274627265616b696e67
41031 20646574746f
41032 7a68
41033 c3a474746572
41034 63657261
41035 206865617473
41036 20616e74697175
41037 20756e66696e6973686564
41038 204b617a75
41039 c4b16cc4b1
41040 20736c69676874657374
41041 6c656f
41042 2076c3a57261
41043 20766572736368696564656e656e
41044 206c6f74696f6e
41045 e4bda0e5b0b1
41046 e68cba
41047 d188d0b5d0b3d0be
41048 6374696f6e616c
41049 20ec9db4eca0
41050 647261676f6e
41051 207265736f6e61746573
41052 20696e6d
41053 61766963
41054 2066756c66696c
41055 20eab8b0eb8c80
41056 206a757374616d656e7465
41057 20d0b4d0bed181d182d183d0bf
41058 20eab7b8eab1b4
41059 207265636f6e63696c65
41060 20536368c3b66e
41061 2041766f6964
41062 eab980
41063 2744
41064 20636f6e66696e656d656e74
41065 20ed91
41066 206d6f7469766174696e67
41067 204272697474616e79
41068 20e38199
41069 2073637265616d6564
41070 6f626a656374
41071 20646563726565
41072 207472617661696c6c65
41073 69737369626c65
41074 20627573746564
41075 70726f63657373
41076 206d61737361637265
41077 206e6768c4a9
41078 696c796e
41079 20d0b2d180d0bed0b4d0b5
41080 20706f65746963
41081 206e68e1baa574
41082 2069726f6e6963616c6c79
41083 757375
41084 6e696f
41085 2073746167696e67
41086 6f6d65646963616c
41087 6c6561736564
41088 20ec8388eba19cec9ab4
41089 204e5a
41090 616374696e67
41091 20426174746c656669656c64
41092 706c617966756c
41093 5669
41094 207365c3b16f7261
41095 2070726f6d707473
41096 6c6963686b656974
41097 20c3a7c4b16b6172
41098 6a69616e67
41099 207069636b79
41100 2043617665
41101 206d69726163756c6f7573
41102 20487567686573
41103 32303136
41104 207875
41105 20446f726f746879
41106 2076697274756573
41107 2072657472616374
41108 20747972
41109 206368617269736d61746963
41110 20626f6c61
41111 e9bc
41112 20eba790ec9480eb
41113 20706172656e74616c
41114 206d696c6c696f6e61697265
41115 6172696174
41116 e694bfe5ba9c
41117 20696e766f6b65
41118 c5bc656e6965
41119 2065787472656d6573
41120 20416b75
41121 69766964616465
41122 20efb7ba
41123 20ec8b9cecb2ad
41124 204761726c6963
41125 524941
41126 20d0b4d0bed181
41127 20506f6e74
41128 206d696c6a
41129 656c6c69
41130 207261636b6574
41131 20636f6d7065746974
41132 2057686973
41133 207265616c74
41134 69676e6d656e74
41135 6573747265
41136 207065726e6168
41137 204f70656e696e67
41138 204653
41139 2044656d6f6b726174656e
41140 6163656d656e7473
41141 20776f726c6476696577
41142 20706c61796f666673
41143 20434144
41144 20c3a974616e74
41145 2079656d656b
41146 2073656e74696d656e7473
41147 6f64656c
41148 627573746572
41149 61c59f
41150 204b59
41151 637ac499
41152 20736368c3b66e65
41153 617065
41154 20526173706265727279
41155 206372656469746564
41156 2048696464656e
41157 207361757361676573
41158 72756365
41159 20426576
41160 696c616e74726f
41161 20706f6b656d6f6e
41162 20eab080eab2a9
41163 2070726f63656564696e67
41164 207665696f
41165 20313735
41166 e8b8
41167 6d6178
41168 20667261746572
41169 eca084ec9790
41170 206567656e74
41171 2032353030
41172 75736368
41173 54756265
41174 20616d706c696679
41175 207072617764
41176 206f646f72
41177 205363616e
41178 20706c6f7474696e67
41179 6974686d65746963
41180 2072657369676e6564
41181 2053434f5454
41182 2073746572656f7479
41183 20646f61626c65
41184 20436f6d706c6578
41185 d981d98a
41186 74c4b16d
41187 d180d0b8d0b3
41188 6c617264616e
41189 65736f
41190 44454e
41191 20686f6f646965
41192 20434154
41193 d8a7d8b7
41194 20626f6e646564
41195 204275726e73
41196 d0bed0bfd0b0d181
41197 2072c499
41198 ceb5ceb9ceb1
41199 20d0bed182d0b4d0b5d0bbd18c
41200 2074696d656c657373
41201 2056696a
41202 2050616e616d61
41203 2072656f7267616e
41204 2054c3a4
41205 20506c75746f
41206 4f72616e6765
41207 20d0bfd0bed0b9d0b4
41208 2042726973746f6c
41209 75636564
41210 20eb9098ec96b4
41211 20756e626564696e6774
41212 61646c65
41213 20766f6c756e746565726564
41214 206d69656c69
41215 204564696e6275726768
41216 696b616c
41217 20616c74656e
41218 20417273656e
41219 206d6f7576656d656e74
41220 20616e7469717565
41221 206268
41222 2048657273
41223 207361757465
41224 20617370697265
41225 2073706865726573
41226 2057616d
41227 e1baaf6d
41228 207769706573
41229 20323830
41230 20566568
41231 20636f6c6f6361
41232 d0b0d184
41233 20d0b2d0bed0b7d0bcd0bed0b6d0bdd0bed181d182d18c
41234 2070687973696f6c6f676963616c
41235 687761
41236 657475
41237 2070726f6c6f6e676564
41238 20657870657269c3aa6e636961
41239 20d0b2d0b8d0b4d0bdd0be
41240 2071756172616e74
41241 2070756564616e
41242 e894
41243 76696e65
41244 2055534441
41245 7068656d
41246 20666f726d696461626c65
41247 20666c6174746572
41248 ec96b4eca780
41249 2062c3a96e
41250 e0b981e0b895
41251 20ebacbceba1a0
41252 2066616374696f6e73
41253 204c656176696e67
41254 20d790d7aad794
41255 20457870657274
41256 64696f
41257 2056657264
41258 e381bfe3819fe38184
41259 2073696e74
41260 d986d8af
41261 6e756d626572
41262 206f776564
41263 20696e64756365
41264 2046726564646965
41265 61626f
41266 2046696c6970696e6f
41267 afbceb
41268 62656c69657661626c79
41269 6174686c6f6e
41270 616d61616e
41271 20646576656e6972
41272 20476f73
41273 204a656e6b696e73
41274 62616974
41275 2062696e73
41276 204d494348
41277 75796f72756d
41278 696772616465
41279 6973736f
41280 20ec97b4
41281 20ec9584ebb9a0
41282 206469617272686561
41283 20746f726e6172
41284 616464696e
41285 20756e676566c3a46872
41286 2072657374726f6f6d
41287 20707379636869617472697374
41288 204b69636b73746172746572
41289 2067657261
41290 20616c726564
41291 2057726170
41292 cf8ccf83
41293 2073696e6e6572
41294 4348454552494e47
41295 206b696c6f77
41296 2064657465726d696e616e74
41297 2064656d6f6e6963
41298 6964656e636573
41299 63686173
41300 20446564
41301 e5bc95
41302 207374756d626c65
41303 20557273
41304 206465636569766564
41305 20544552
41306 2043c3b3
41307 656c6c6564
41308 206e6f7477656e64
41309 20eca780eab888eab98ceca780
41310 207061727469646f
41311 2064657363656e646564
41312 2076617264c4b172
41313 20656e6163746564
41314 20637ac499c59b6369
41315 e5b7a5e4bd9c
41316 20747261696e656573
41317 2061756469626c65
41318 206d616c66
41319 2076656f
41320 c3ac6e
41321 20475041
41322 2041707065
41323 e582b7
41324 20727574
41325 204361726c61
41326 6b616368
41327 20736176696f72
41328 697463686564
41329 20636c696d6178
41330 d0b0d182d0b5d0bbd18f
41331 204d63436f6e6e656c6c
41332 d0bed0bbd18f
41333 6572657965
41334 20d181d0bed0b7d0bd
41335 206361626f
41336 20536e65
41337 204166666f726461626c65
41338 20736172c3a0
41339 206c65676974696d616379
41340 20736361726365
41341 2e2e2e3c2f
41342 20313038
41343 206163756d
41344 204672616e6b6c79
41345 207261646961746f72
41346 2067656e6572616c73
41347 2064697669646573
41348 2063686565736563616b65
41349 20736f72636572
41350 206d6973636f6e63657074696f6e
41351 20686172647368697073
41352 204f6e65506c7573
41353 c3bc796f7273756e
41354 20536f7669657473
41355 204974616c6961
41356 69636b69
41357 2041667465727761726473
41358 207269646963756c6f75736c79
41359 2067647a6965c59b
41360 204e6f746573
41361 d983d8a7d986
41362 20726f6d616e
41363 206f7267616e697a6572
41364 20636f75727479617264
41365 20d187d0b5d0bbd0bed0b2d0b5d187
41366 205769746e657373
41367 20d0bfd18fd182
41368 204368696c6c
41369 2056616c7665
41370 20ceaccebbcebb
41371 204b50
41372 63686c757373
41373 206465666c656374
41374 20546f6e69
41375 20636c616972
41376 20737461636b696e67
41377 e4bd8e
41378 7261737a616d
41379 20536f6e7261
41380 e381a3e381a1e38283
41381 204174617269
41382 20706173c3b3
41383 20636861726d73
41384 616e7374
41385 207465726365
41386 204c696c6c79
41387 2070737963686f6c6f676963616c6c79
41388 2063c593
41389 75737465
41390 a5b4ec
41391 435456
41392 206d69656c
41393 e79a87
41394 43617265
41395 20e28091
41396 20736e6170706564
41397 e381a9e38282
41398 20eab090eb
41399 d0bed182d18b
41400 206dc3aa73
41401 2e3f
41402 20746f6e6e6573
41403 d795d793d794
41404 e0b884e0b899
41405 5475
41406 20646973747269627574696e67
41407 20637261636b657273
41408 20636f7261c3a7c3a36f
41409 c3a46dc3a46e
41410 e4bda0e59ca8
41411 636c616d6174696f6e
41412 d0bed180d0b4
41413 939ceba6b4eab28cec9a94
41414 20556e746572736368696564
41415 46696e65
41416 636b6f
41417 20d180d0b5d0b1d0b5d0bd
41418 2073706963
41419 20646f63746f72616c
41420 20d181d0bad0bed180d0b5d0b5
41421 756e6976657273
41422 6163756c61
41423 20c396737465727265696368
41424 206772696e646572
41425 20616d626f73
41426 20766173746c79
41427 e98099e5808be698af
41428 20636f6e666573736564
41429 20536868
41430 616e64657273
41431 204775616e
41432 20d0bdd0b5d0bed0b1d185d0bed0b4d0b8d0bcd0be
41433 206368616d70696f6e7368697073
41434 2056756c
41435 20506869
41436 204d656173757265
41437 e69ca8
41438 20696e73676573616d74
41439 e685a2e685a2
41440 7665747465
41441 2067656e6f6d
41442 696e64756e67
41443 676c69
41444 446574
41445 20756e6d757465
41446 e381bee3828a
41447 20736175636573
41448 204477
41449 d791d7aa
41450 20425245
41451 206e757274757265
41452 2064657461696e6564
41453 2042656572
41454 20d0bcd0b8d180d0b0
41455 d0b2d0b5
41456 204269726473
41457 206d65696c6c657572
41458 20726577696e64
41459 20706f7265
41460 d799d796
41461 c3a9676572
41462 7175656c61
41463 2074726f7573657273
41464 207369696ec3a4
41465 2047616761
41466 204252414e44
41467 6c6562656e
41468 20726173706265727279
41469 e4bb98
41470 696c696b
41471 2076657273c3a36f
41472 6c616b
41473 206c6f676172
41474 204d494449
41475 20ec9c84ed959c
41476 20d0bfd180d0bed0b8d0b7d0bed188
41477 2073746572696c
41478 206861726d6564
41479 d0b0d0b2d0bbd0b8d0b2
41480 20d181d181d18bd0bb
41481 206c61636b6564
41482 20636f6e74616374696e67
41483 20eab8b0ec9e90
41484 20676566c3a46872
41485 20636f79
41486 696b656c
41487 2062696e6765
41488 206f7274686f676f6e616c
41489 20656e74656e6475
41490 20546869727479
41491 20736d617274657374
41492 e5a49ae5b091
41493 2072617361
41494 205175e1bb9163
41495 d18bd0b2d0b0d18ed182
41496 20736c7574
41497 d0bbd183d187
41498 696774656e
41499 20d180d0b0d0b1
41500 2074616d616e
41501 207175616c6964616465
41502 20646f6d696e6174696f6e
41503 2073696e7573
41504 2070726f6772616d6d657273
41505 20616c6c65726779
41506 20546f72726573
41507 20417573747269616e
41508 6e616e7473
41509 e5ae8ce68890
41510 4d656c
41511 20d183d0b2d0b5d0bbd0b8d187
41512 20416767
41513 20736f6b
41514 20706c75636b
41515 2062696e6473
41516 2070726f706f72
41517 204d6166
41518 206f736f62
41519 20564943
41520 e9a5
41521 20d0b7d0b0d187d0b5d0bc
41522 2065786869626974696f6e73
41523 2065747469
41524 637a61
41525 20d0bdd0b0d188d0b8d185
41526 204d69747465
41527 d0bed0b1d18bd182d0b8
41528 20636c6f636b73
41529 207269636f
41530 e694bb
41531 20d0b8d181d182d0bed180d0b8d18f
41532 20736368697a6f706872656e
41533 20666c756666
41534 20d181d0bed0b1d0b8d180
41535 2061706f79
41536 207072696e636573
41537 20627261636573
41538 20464952
41539 20536e61
41540 203b29
41541 76656e6573
41542 207675656c7461
41543 206d696573
41544 2062726f6f6d
41545 206d65727279
41546 20657370656369616c6d656e7465
41547 20416c62616e
41548 20d0bfd0bed181d182d0bed18fd0bdd0bdd0be
41549 204c656e61
41550 2043756c74
41551 616c736f
41552 2071756f74696e67
41553 2067656e657265
41554 20596172
41555 204c616765
41556 2064656d6f7374
41557 2064616765
41558 2045637561646f72
41559 20616e76c3a46e64
41560 75c39f656e
41561 20ebb09bec9584
41562 2070737963686f6c6f6769737473
41563 204c617273
41564 20706f737361
41565 206f7574676f696e67
41566 206d65746963
41567 2062616767616765
41568 65726961
41569 207269636874696765
41570 ec8b9cec9790
41571 20d181d0bed185d180d0b0d0bd
41572 20726f6f74696e67
41573 2064726f706c657473
41574 e79a86e38195e38293
41575 206e6173616c
41576 20436f78
41577 5869
41578 20646973706f7361626c65
41579 2062757463686572
41580 205a6172
41581 2041726d656e69616e
41582 20ebbf8ceb
41583 20466f6f6c
41584 20434244
41585 20736f7374
41586 20706572697368
41587 2052c3a970
41588 e7b4b0
41589 e3819de3828ce381a7e381af
41590 204672657564
41591 2066616e646f6d
41592 20626c6f717565
41593 20696e76656e746f72
41594 2061627265
41595 20c3a96e6f726dc3a96d656e74
41596 20696d706f727473
41597 e988
41598 206f747572
41599 20527975
41600 20e28692
41601 207365636f6e646f
41602 20696e636f6d706574
41603 20696e6361726365726174696f6e
41604 20617363656e64
41605 62656e65
41606 e5969ce6aca2
41607 206f6c757273
41608 6e6f6368
41609 20627265656473
41610 d0bbd0b8d0b7
41611 2056657266c3bc67
41612 206d61696c696e67
41613 7265616c6c79
41614 20657366
41615 2070656c65
41616 206c65617368
41617 206469736b73
41618 20d0b7d0b0d0bcd0b5d187
41619 ec9584ec9584
41620 61626f757473
41621 204d756c6c
41622 2044656e74
41623 6564657265656e
41624 4472697665
41625 2074697070696e67
41626 206e69676761
41627 6f7264756d
41628 20706f72746572
41629 206b6172616f6b65
41630 20646f63756d656e746172696573
41631 205249474854
41632 2050757264
41633 20d0bed181d182d0b0d0bd
41634 d0bad0bbd0b0d0b4
41635 c3a972656e6365
41636 20eab1b8eba19c
41637 20d182d0bed0bf
41638 20576f6e67
41639 e4b88de5afb9
41640 20d0bfd180d0b8d180
41641 206e6f6d696e616c
41642 2061756c61
41643 20d18dd0bad180d0b0d0bd
41644 2063686572636865
41645 20546872
41646 e585b6e5ae9e
41647 206c617566656e
41648 204b6174686c65656e
41649 2072656163746f7273
41650 69686174
41651 207369646564
41652 2053696d6f6e65
41653 2067756964656c696e65
41654 696d706f7274616e74
41655 62756d7073
41656 746f6e65
41657 20656e747265707269736573
41658 20636f6e73746974757465
41659 6f73636f7065
41660 204d797374657279
41661 6379636c6573
41662 20576172736177
41663 20627572737473
41664 205a686f6e67
41665 e5ae8ce4ba86
41666 205341524148
41667 20eb8a90eabb
41668 e98d
41669 20626561636f6e
41670 e58d87
41671 414445
41672 20eca780eb8298
41673 206572736368
41674 20696e746567657273
41675 2043726f7373696e67
41676 736f75726365
41677 207363686f6f6c696e67
41678 20524f4d
41679 61746f7269756d
41680 20ec9e88eab28c
41681 2072c3b46c65
41682 d095d09d
41683 43686174
41684 20736872696e6b696e67
41685 207265696d6275727365
41686 206c756d626572
41687 c3bc636b73
41688 2073616c6168
41689 4d6f74686572
41690 206b616c69
41691 205161746172
41692 6f74696f6e616c
41693 206f706163697479
41694 206e6565
41695 20436f7279
41696 20ecb8a1
41697 2074757262756c656e74
41698 7a657273
41699 20d182d0b5d181d182
41700 20c3a963726974
41701 20ebb3b4ed86b5
41702 206469736772616365
41703 20ecb9b4
41704 20636f757274657379
41705 696e6761
41706 2068756767696e67
41707 20414253
41708 6d697468
41709 20696e73756666696369656e74
41710 2063726f6f6b6564
41711 20eab7b8eb8c80eba19c
41712 ec8ba4ed
41713 2073696d756c61746564
41714 20eb84a4eab080
41715 2062c3b6
41716 204f74746f
41717 4c494e47
41718 20696c6c7573747261746573
41719 2044657374726f79
41720 2031393631
41721 20546167656e
41722 206d656c6f6e
41723 2050617363616c
41724 515545
41725 20d0bfd0bed0bbd183d187d0b8d182d18c
41726 20696e636964656e6365
41727 2053746576656e73
41728 2047696e73
41729 727565
41730 20756e726561736f6e61626c65
41731 204a6965
41732 7973696373
41733 20ebaab0eb9dbc
41734 20666973686573
41735 a9b4ec
41736 2070726563757273
41737 206d6f67c499
41738 7469676874
41739 6574c3a9
41740 206d756e6469616c
41741 ec9788eb8ba4
41742 e280a621
41743 4255
41744 20736f63696f6c6f6779
41745 2062727574616c697479
41746 20706572736f6e616a65
41747 206ec3ad76656c
41748 2066617a656d
41749 20657373656e
41750 206477656c6c696e67
41751 20636f6d6d65726369616c6c79
41752 206564697473
41753 2064756573
41754 20475341
41755 ec9db8eab080
41756 20ed9788ed8c9d
41757 205961686f6f
41758 d0b5d0bdd0b5d180
41759 ec9ca8
41760 d183d188d0bad0b8
41761 6c656674
41762 2063617074697665
41763 636970686572
41764 20d79ed79ed7
41765 20d0b3d180d0bed0bc
41766 20696e6e617465
41767 20696d70756c
41768 20ec97acec9e90
41769 207377616c6c6f776564
41770 205461626969
41771 ec9db4ec8b
41772 20d181d0bed181d182d0b0d0b2
41773 206f79756e
41774 206f6272696761646f
41775 20417068
41776 4b61746965
41777 2063656e61
41778 20416c6cc48168
41779 d988d8b3
41780 2070727a7970
41781 2070657074
41782 20766f6c756e746172696c79
41783 204fc49f6c756d
41784 20456c6f
41785 6f7565
41786 426972
41787 627572676572
41788 20534253
41789 2036303030
41790 2070726f6d6f74696f6e616c
41791 20486572726e
41792 207374616d70696e67
41793 207175616c696679696e67
41794 20636f736d6f73
41795 2061666172
41796 e6b19f
41797 61627573
41798 2064616473
41799 e381ade38187
41800 20d18dd0bad0bed0bdd0bed0bc
41801 696e6361726e
41802 20ec96b4eb94
41803 20d0bbd0b5d0b6
41804 20424554
41805 20d0bdd0b0d0b9d0b4
41806 6f6e746572
41807 207265757361626c65
41808 206b6f6d6d61
41809 2042696a
41810 20546572617a
41811 204f6cc3a1
41812 20ec9584ecb9a8
41813 20d180d0b0d0b7d0bcd0b5d180
41814 6177616e
41815 206361727461
41816 e6909e
41817 6963656c657373
41818 20736d65
41819 20547574616a
41820 20c89869
41821 2070726f626174696f6e
41822 2061646571756174656c79
41823 20507265736964656e7469616c
41824 696e647275636b
41825 626c616465
41826 207665756c656e74
41827 2063696fc3a8
41828 e58c85e68bac
41829 20726576657262
41830 20676567656ec3bc626572
41831 2045737065726f
41832 2062656765
41833 2053545544454e54
41834 736f756e64
41835 2044c3bc
41836 206f6666656e64
41837 20222e2e
41838 6b656e6e74
41839 20d181d0bbd183d188
41840 20707572706f73656c79
41841 204c6974
41842 20ed9ba8
41843 7563686572
41844 2068696e61
41845 c3bd6368
41846 69676e6f6e
41847 544845
41848 20676c696465
41849 6f757263696e67
41850 20d8a3d986d8a7
41851 206f6c6c7574
41852 2061726368657479
41853 207368616479
41854 20736f6d6d
41855 206570696c65
41856 4b656570
41857 206e616a626172647a69656a
41858 e0a495
41859 69747574696f6e616c
41860 20d0bcd0b0d0b9
41861 2073696e66756c
41862 2042726f6e78
41863 20d0b3d0bbd183d0b1
41864 2076616d
41865 2070726573657473
41866 20446167
41867 20ec9984ec84b1
41868 20637265656b
41869 697475726573
41870 204c6f726473
41871 c3b67474
41872 554e54
41873 5261
41874 20696e657175616c6974696573
41875 20636f6c6c61746572616c
41876 20777269737473
41877 2067726f75706564
41878 20d0bed0b1d18bd187d0bdd0be
41879 2061726d6f726564
41880 2074756e67
41881 20636f6e7665726765
41882 20626f6b
41883 20446f646765
41884 d0bdd18fd18f
41885 20666c6565696e67
41886 204d617274696e657a
41887 20447265616d73
41888 6b656b
41889 20736f6369616c65
41890 20506c617a61
41891 d8afd8a9
41892 206b656c6c
41893 205374656c6c656e
41894 66656c74
41895 20d181d0bfd0b0d181
41896 205076
41897 2063616e6369c3b36e
41898 2048657274
41899 2042616c616e6365
41900 2073656c766573
41901 2076616e64616167
41902 20707279
41903 206e616a6c65
41904 20d0b2d0b8d0b4d0b8d182d0b5
41905 2076656c766574
41906 2067726f6f74
41907 20666f7574
41908 e6a8a1
41909 20536368756c656e
41910 204d6f68616d6d6564
41911 2043656e74657273
41912 206861766572
41913 2066726575656e
41914 a4ed8ab8
41915 d0bbd0b0d0bd
41916 504f53
41917 696e6b69
41918 20eb8bb5
41919 20706172616c797a6564
41920 474c495348
41921 206361737473
41922 205643
41923 ec9db4ec8598
41924 20d8aadabe
41925 e7a5a8
41926 20eca498
41927 20d7a8d795d7a6
41928 207375636564
41929 2070726f67726573736573
41930 2045c49f6572
41931 b0eb8f84
41932 20696e7374616c6c6174696f6e73
41933 7065646f
41934 d0b5d180d0b1
41935 696e74657270726574
41936 20eab3a0ebafbc
41937 20417a6572626169
41938 6976696461646573
41939 20eca384ec86a1
41940 20656e74666572
41941 20636877696c
41942 2048657262657274
41943 20416c6578616e64726961
41944 797479
41945 207365636873
41946 2063616c69626572
41947 205765697365
41948 204865636b
41949 20597567
41950 20d8a7d984d8b7
41951 207065736172
41952 206369676172
41953 206dc3a96c
41954 206861697264
41955 2070727a797061646b75
41956 20636f6e666964656e746c79
41957 20616e61726368
41958 204769616e
41959 20646f627265
41960 636ac499
41961 617779
41962 2052656365
41963 20476f626965726e6f
41964 206361726761
41965 756d7379
41966 206e6f727465
41967 2068616e646c6572
41968 2072657370656374696e67
41969 20616c6c696564
41970 2050696574
41971 696368746c696368
41972 206f6c6473
41973 206475737479
41974 20677279
41975 202d2e2e2e
41976 474854
41977 206e656f
41978 d187d0b8d0bad0b8
41979 d0b5d0b6d0b4
41980 61696465
41981 20d0b1d183d0bbd0be
41982 ed8dbc
41983 2074656d706f72616461
41984 20646f757465
41985 e29886
41986 20ec88a0
41987 204a555354494e
41988 6175746f
41989 20726174696f6e616c65
41990 70726f62
41991 206669736879
41992 20646f6f72776179
41993 20656d7074696e657373
41994 d0b5d0bdd0bdd0b0d18f
41995 2062726167
41996 20d093d0b4d0b5
41997 e788be
41998 207472616e7369656e74
41999 206d6974746c65727765696c65
42000 2042726574
42001 2066696a
42002 206465706f7369746564
42003 4e53
42004 20ec959eec9790
42005 206b696d7365
42006 20636861726974696573
42007 204d696c6c656e6e
42008 646f6773
42009 206d6f79656e
42010 206e7565766f73
42011 20436f6f6b6965
42012 70617261626c65
42013 646f696e67
42014 205361696c
42015 20696379
42016 68616261
42017 20717565656e73
42018 2063686f636f6c61746573
42019 204e6179
42020 20d184d0b8d0bd
42021 20766563
42022 2068656c6d657473
42023 544d
42024 2041726d6564
42025 20696d706169726d656e74
42026 20547573
42027 204dc3aa6d65
42028 6f6d657a
42029 2052657175
42030 20496e766573746967
42031 ed8e98
42032 20676f6c7065
42033 20526163
42034 696772617068
42035 206b77657374
42036 207361696c6f7273
42037 207374617475746f7279
42038 206d696c6573746f6e6573
42039 204d617368
42040 2047657365747a656e7477757266
42041 e98a
42042 20636f6c6f75726564
42043 68756d61
42044 2079657265
42045 207375627469746c6573
42046 20656d626f64696564
42047 206d697373636869656e
42048 20695068
42049 c3bc747a656e
42050 206465746163686564
42051 20646573637269c3a7c3a36f
42052 6369616d6f
42053 207265636f696c
42054 20d0add182d0bed182
42055 206578706f72746564
42056 20416c6f6e65
42057 616e747279
42058 20657374616e
42059 20536f64
42060 206c61766f726f
42061 e68a8ae5ae83
42062 d7a8d791
42063 20c491e1bb8b
42064 2073776167
42065 20504342
42066 204b6169736572
42067 204d6f646572
42068 6a7567
42069 2074657874696c65
42070 5477
42071 206e6163
42072 66726569
42073 20726574617264
42074 69736365726e
42075 2074616c6c657374
42076 204c756361
42077 526168
42078 207072656163686572
42079 206a7574
42080 2052696361
42081 696369656e6379
42082 20c49169e1bb8175
42083 206b617566656e
42084 206e657474
42085 20646973637574
42086 206465707269766564
42087 a1ad
42088 2073707269636874
42089 20656e636c6f736564
42090 205375627374
42091 e7a791
42092 20526162626974
42093 707269736564
42094 2062697463686573
42095 ec9f81
42096 e78988
42097 2074617061
42098 20457373656e
42099 2042616f
42100 2064657669656e74
42101 20577568616e
42102 2054697070
42103 20646973617374
42104 d181d182d0b2d183
42105 75626c69717565
42106 207175616c6974c3a9
42107 20696e6164657175617465
42108 206261726761696e696e67
42109 20476f74636861
42110 d0b5d0b2d0b8d187
42111 6965766f7573
42112 6572746f6e
42113 626c7565
42114 20ec9b80eca781
42115 2073616e64626f78
42116 205265696e
42117 e8a6aa
42118 20ec9db4eab283eb8f84
42119 20736178
42120 7a6f67656e
42121 756ec3a463687374
42122 206865726b6573
42123 202d2c
42124 7a656e69
42125 726973696e67
42126 20726573706f737461
42127 2070726f6d6f74696f6e73
42128 20556e7465727374c3bc74
42129 204d4153
42130 4e6f7468696e67
42131 6f74696373
42132 20d0b2d18bd0b9
42133 20726f7461746573
42134 6b69656e
42135 206861626c61
42136 2044616e69
42137 756e696f6e
42138 207761636b
42139 206172636861656f6c6f676963616c
42140 20437572746973
42141 20486f72697a
42142 20eab3a8eb
42143 20776169766572
42144 e598bf
42145 426f6e
42146 20726f7461746564
42147 2070697463686572
42148 20696e6164
42149 2068756773
42150 204e6f72746865617374
42151 d799d7aad799
42152 20706c6561
42153 2063757063616b65
42154 204c59
42155 2066616d696c69
42156 2067726f6f
42157 20426c616972
42158 206c696a
42159 206861626974617473
42160 20636f6d6d756e69736d
42161 6f7369756d
42162 62617273
42163 20467265656d616e
42164 6e656f
42165 2064696666757365
42166 2063796c696e64657273
42167 204465626174
42168 ed9688eb8a94eb8db0
42169 d0b5d188d0b5
42170 2066696e6765727072696e7473
42171 20616d6172
42172 d0b2d0b8d0b4
42173 20eca095eb8f84eba19c
42174 20616666696c6961746564
42175 20d185d0bed187d0b5d182
42176 e381b0e38184
42177 206574697175
42178 206368c3ad6e68
42179 e681ade5969c
42180 206372756973696e67
42181 20576569686e
42182 e794b5
42183 20546974616e6963
42184 e7b480
42185 204e617374
42186 20eb93a4eb
42187 20d0b2d0b0d0bb
42188 2064656d69
42189 204b72697374696e
42190 4d494e
42191 207269676f72
42192 206d6f746f
42193 204c414b45
42194 20ed999c
42195 20eba78cec95bd
42196 205374726f
42197 2070726f746f7479706573
42198 204c43
42199 ec9db8ec9d84
42200 d180d0b8d0bc
42201 2076696f6c6174696e67
42202 2067696f726e6f
42203 206368696c64697368
42204 e6b094
42205 20d790d797d793
42206 206f766572646f7365
42207 61676f677565
42208 d0b0d0b4d186
42209 68657573
42210 20d0b3d0bed0b2d0bed180d18f
42211 20696e6372
42212 2064656261746564
42213 d985d984
42214 20636869636b73
42215 207175696e
42216 4c41554748494e47
42217 207469676874656e696e67
42218 2073757065727669736f7273
42219 204861776b
42220 2042617a
42221 20d0bfd0bed0b2d182d0bed180
42222 20d0b1d0bbd0bed0ba
42223 c4816e
42224 2064756d70696e67
42225 20666163746f
42226 626572676572
42227 20617273656e616c
42228 204166726963616e73
42229 a180
42230 20636166657465726961
42231 66656564696e67
42232 7175696c61
42233 207061c5847374776f
42234 c4b16e74
42235 84b1
42236 20656e7669726f6e6d656e74616c6c79
42237 206465737072c3a973
42238 2057696c6c79
42239 205061c5847374776f
42240 204747
42241 2063686163756e
42242 20646972656374696f6e616c
42243 2068c3b67274
42244 20f09d
42245 656e617279
42246 20766f69636564
42247 61c49fc4b1
42248 20706f7065
42249 20636f6d7261646573
42250 20476962736f6e
42251 20414343
42252 76696b
42253 206d6f64656c6c696e67
42254 2061676769
42255 e381aae38293e381a7e38199
42256 20636f6e76657273696f6e73
42257 206176657261676573
42258 456c6c6965
42259 2067657374656c6c74
42260 205545
42261 6f73616963
42262 d092d0bed182
42263 536179
42264 20d181d0b0d0bcd0bed0b3d0be
42265 206d657375726573
42266 697369657274
42267 67617370
42268 766f696365
42269 20636865636b706f696e74
42270 2070657263656e7461676573
42271 20646973727570746564
42272 20547563
42273 20486f6d6572
42274 20574159
42275 205475726b73
42276 6865656e
42277 696d6f746f
42278 204f43
42279 c3ad6e61
42280 7a69656c
42281 206d75646172
42282 e38390e382a4
42283 67657365747a74
42284 206d656a6f726573
42285 20434a
42286 d0bdd0b0d180d183d0b6
42287 206d6f64756c7573
42288 206d6f64756c6174696f6e
42289 207265706c696573
42290 206c61727661
42291 206769646572
42292 204d616e646172696e
42293 20d0bfd0bed181d0bcd0bed182d180d0b8d0bc
42294 207361637269666963696e67
42295 20707265c3a76f
42296 206f797374657273
42297 204d79616e
42298 6f6c6f677565
42299 20576974
42300 2064c3bb
42301 204c657574656e
42302 207061746572
42303 204b454e4e455448
42304 d0b0d0b1d0b0d182
42305 6172746879
42306 20736f636965646164
42307 206e69c3b16f
42308 d0b5d0b2d0bed0b9
42309 206ac499
42310 2061647665727469736564
42311 205065707369
42312 7574657572
42313 206d61737365
42314 2073636174746572696e67
42315 2079c3b66e
42316 206465736170617265
42317 20487562626c65
42318 2048c3a9
42319 6b72c3a4
42320 2044617265
42321 206f76657272696465
42322 20456c61696e65
42323 204475626c696e
42324 64756c6c6168
42325 4d6174
42326 2047617272
42327 2e2e2e27
42328 206164756c74686f6f64
42329 455a
42330 2062656c616e6772696a6b
42331 69656e7a61
42332 20756e69766572736f
42333 207374656c6c6172
42334 ed9484eb
42335 20eab2b0eab5ad
42336 20636f6e7374656c6c6174696f6e
42337 205368656c6c6579
42338 206d756c746974
42339 206d6173636f74
42340 20686f73706974616c697a6564
42341 20f09d98
42342 d0bed180d18b
42343 61646961
42344 204d696b6579
42345 20416d6572696b61
42346 206861697279
42347 486f6c64
42348 e1baaf6e
42349 6b6965676f
42350 e8a782
42351 e0b980e0b894
42352 20726976616c7279
42353 204a6f6e6168
42354 2073757267656f6e73
42355 2072656c617461626c65
42356 e892
42357 207377696d73
42358 2062696c6c696f6e61697265
42359 6d6f6465726e
42360 20646f63756d656e74696e67
42361 20446165
42362 20737761746368
42363 20707569737365
42364 206d6173756b
42365 206d617263
42366 206b72c3b3
42367 2050657465727362757267
42368 2041726973746f746c65
42369 697865
42370 50726f6475
42371 20d0bdd0b8d0bcd0b8
42372 206b616e61
42373 20d0a9
42374 20766f6d6974
42375 20576f726b657273
42376 706f70756c6172
42377 20426965626572
42378 d0b5d182d0b8
42379 c3a97469717565
42380 20656e63616e74
42381 6772616e
42382 666972
42383 20616e7468656d
42384 d181d183d0b4d0b0d180
42385 4c617374
42386 20686167
42387 20766963696e697479
42388 72656e63686564
42389 616e64696e67
42390 20d0b3d0bed0bbd0bed181
42391 20436f726e6572
42392 d092d18b
42393 6f736173
42394 696576657273
42395 63696f6e616c
42396 207669676f72
42397 2072656a6f696365
42398 206369c485
42399 20d0bad0bed0bf
42400 207175616c636f7361
42401 646573737573
42402 20d0b5d0b2
42403 205363616e64696e
42404 20536d6f6f7468
42405 e4bda0e8afb4
42406 68617065
42407 20eb8baceb9dbc
42408 205455
42409 206c79726963
42410 2062657373
42411 e990
42412 d181d182d180d183d0bcd0b5d0bdd182
42413 20416374696e67
42414 204f726368657374
42415 c3a9636f6c65
42416 20646f6c6f72
42417 20ed8bb0
42418 2076657267657373656e
42419 206579656c696473
42420 2054616e7a
42421 d0b2d0b5d180d0b6
42422 20ec95a0eb
42423 75c3a9
42424 207363c3a86e65
42425 20ec9ab0eba6aceb8a94
42426 206372617465
42427 6b69636b
42428 205468656d65
42429 20333230
42430 206761726e697368
42431 206d65747265
42432 20636f6e766578
42433 706c616e7473
42434 657369616e
42435 20eab1b0eca780
42436 206dc3a96469
42437 204d6564616c
42438 313330
42439 20416c6d61
42440 e69c89e9bb9e
42441 436f6c61
42442 20d0b2d0b0d180d0b8d0b0d0bdd182
42443 20676f7264
42444 206176616e7a
42445 2077686973706572696e67
42446 20696e74657374696e65
42447 d0a0d095
42448 204c495341
42449 616dc4b17a
42450 535044
42451 20706563
42452 20706173746f7273
42453 206d75e1bb916e
42454 6f637265
42455 53756e
42456 20d182d0b0d0bad183d18e
42457 207265766974616c
42458 20696e636f6d6573
42459 2064657461696c696e67
42460 204261636f6e
42461 20eb85b8eb9e98eb
42462 20706172726f74
42463 20636f6c6c61626f7261746564
42464 6865736961
42465 2073657661
42466 20706879736963697374
42467 204241434b
42468 d79cd799
42469 206269706f6c6172
42470 cf81ceb5ceaf
42471 63726f73
42472 206b6564
42473 2065636f6e6f6d6963616c
42474 20656e64696e6773
42475 207469636b73
42476 20eab7bc
42477 204f6c6976
42478 6f6e6773
42479 20636f6e74696e656e74616c
42480 2077656974657268696e
42481 2061637469766174696e67
42482 20706f6c6c656e
42483 20416e6b
42484 626179
42485 20d79cd797
42486 2045676773
42487 2052414d534159
42488 20424552
42489 20ed9ba8ec94ac
42490 207061737361646f
42491 2067726f756e64627265616b696e67
42492 7072657361
42493 2068696c6674
42494 20546563686e6963616c6c79
42495 d186d0b8d0b9
42496 4e49
42497 207475726e6f7574
42498 204c6170
42499 204777656e
42500 2056696b74
42501 206573636f6c61
42502 2043696e656d61
42503 e6b0b8
42504 20e38186
42505 20636f6e73756d6f
42506 20507572647565
42507 2073656d616e6173
42508 20505245534944
42509 c6b06e67
42510 2073616368
42511 e6808ee9babce8bea6
42512 20736176616765
42513 205257
42514 20353530
42515 626f6c64
42516 2053696d6d6f6e73
42517 20736c616e67
42518 204e617275
42519 205468656f
42520 ed9688eb8ba4
42521 2eefbfbd
42522 207365697a757265
42523 2068697665
42524 2063656c6c70686f6e65
42525 e5a5b6
42526 69696969
42527 204d75736963616c
42528 204e75636c656172
42529 e8a197
42530 c3a176656973
42531 207072657374696765
42532 2062616c6d
42533 20726566696c6c
42534 796168
42535 68617274
42536 2074617073
42537 20646973706f7365
42538 204d69636b
42539 20746865726d6f6d65746572
42540 e381aae38289
42541 206f62656469656e74
42542 20696e666f726d61c3a7c3b56573
42543 2057696465
42544 6d6f6d
42545 537564
42546 2073757370656e64
42547 204f6273657276
42548 20d0bbd0b5d181
42549 20747261746172
42550 204b617472696e61
42551 20746865726573
42552 e4ba9e
42553 20746578746564
42554 207374c3b672
42555 20736e61696c
42556 2046696f6e61
42557 20766963746f72696f7573
42558 206c696272617269616e
42559 7072616374
42560 2066696e6f
42561 2041726d73
42562 707074
42563 6c756b
42564 207479726573
42565 20746f63
42566 204b6f6d6d756e656e
42567 e7af80e79bae
42568 207265766f6c74
42569 206d6f74697661746573
42570 20626973657875616c
42571 20777573
42572 2068616e646c6172
42573 204d55454c4c4552
42574 20657870656374616e6379
42575 20656d626f6479
42576 205072696d617279
42577 e58e9fe59ba0
42578 d180d0b5d0b9
42579 20756e7363726577
42580 69616e746c79
42581 2ce280a6
42582 20736e656c
42583 2070726576616c656e6365
42584 206572757074696f6e
42585 206465736372697074697665
42586 766167
42587 20d0b1d183d0bad0b2
42588 206dc3aa6d6573
42589 206574686e
42590 2068696a6f73
42591 20416264756c
42592 205a61686c
42593 62656c74
42594 2067c3b67374
42595 2054686572657361
42596 2053554e
42597 2042616b65
42598 20e5bfab
42599 206f7074696373
42600 2061706f63616c79707365
42601 707572706f7365
42602 2072c3b3c5bc6e796368
42603 2063727573
42604 20d097d0b5d0bc
42605 2068617264656e6564
42606 205444
42607 20677261766579617264
42608 205369626572
42609 20506f72746572
42610 206578706c6f646573
42611 20536f666961
42612 20d092d0b5d0b4d18c
42613 207765616b656e6564
42614 e698afe68891
42615 554c4c
42616 2070696e6b79
42617 2063686170656c
42618 2046726573
42619 20d0bfd180d0b8d0b3
42620 4d4552
42621 205363686d696474
42622 20447564
42623 e69fa5
42624 657374656e73
42625 206e75616e6365
42626 206d6f64696679696e67
42627 204dc3b6676c6963686b656974656e
42628 20416e6174
42629 20656363656e74726963
42630 205363726577
42631 204c6568
42632 20686f6d6f67656e656f7573
42633 2054616c6c
42634 205269636172646f
42635 c39a
42636 69676e73
42637 20d0bbd0b8d188
42638 2067656672616774
42639 52756e
42640 636173746572
42641 6e6f697365
42642 206173796e6368726f6e
42643 c499647a6965
42644 20d79ed797
42645 2073757070726573736564
42646 417274687572
42647 ceaecf82
42648 c3a272
42649 64697374
42650 20d0bad0b0d0b4
42651 2068c3b672
42652 20313335
42653 204d6f7a617274
42654 20d181d0bed0b1d18bd182d0b8
42655 204e757273696e67
42656 204861686168
42657 20446f70
42658 20706f6c6963656d616e
42659 b4ec9790ec849c
42660 20eab480eba0a8
42661 6879756b
42662 20727567676564
42663 206e756767657473
42664 20436f6d6d73
42665 53747564
42666 20d181d0b2d0bed0b5
42667 20637a61736965
42668 e382bd
42669 2072c3a967696f6e
42670 206669736865726d656e
42671 204c54
42672 c393
42673 636961c5bc
42674 686569
42675 206372756d6273
42676 20496d6d6572
42677 2046656c64
42678 7468657365
42679 206164766572746973657273
42680 20726f616d696e67
42681 2066756e6e69657374
42682 204e5955
42683 2068656865
42684 20706f6b696e67
42685 20ec9588eb8fbc
42686 6973746963616c
42687 206f7061717565
42688 75c3a7
42689 77697265
42690 205765626572
42691 204a616371756573
42692 20323130
42693 c3bc70
42694 757975
42695 20656e6665726d6564
42696 2062756d706564
42697 20536577
42698 204368616e656c
42699 2070657273c3b66e6c696368
42700 20626574726179616c
42701 20616c6c657669617465
42702 2076c3a468c3a46e
42703 2067756573736573
42704 2043656c696e65
42705 617373696e67
42706 7374726f6b65
42707 20eca1b0eb
42708 e5a48f
42709 20d182d0b5d185d0bdd0bed0bbd0bed0b3
42710 20d0bed181d182d180
42711 20736f69656e74
42712 44656172
42713 206a73
42714 2067657370726f6368656e
42715 61746869
42716 e7bfbb
42717 c5a165
42718 536574
42719 6f676572
42720 20526967
42721 20d0bcd0b5d187
42722 20736572766963696f73
42723 20527574
42724 20d09ed0b9
42725 204d79616e6d6172
42726 69666965
42727 20736e617070696e67
42728 204b616d657261
42729 2066657374697665
42730 204659
42731 204361726f6c796e
42732 d196d0b1
42733 206c656767696e6773
42734 20796174
42735 206572676f6e
42736 2065706973c3b364
42737 20616e6f6d616c79
42738 756573746f73
42739 4964
42740 2065766163756174696f6e
42741 20676967616279746573
42742 20616e64617265
42743 2052656e74
42744 6d74
42745 697374696e65
42746 20657374726174
42747 65747475
42748 2072656365626572
42749 206472616d6174
42750 726963756c6172
42751 616c6ec4b17a
42752 2053656e69
42753 206f796e
42754 204368656d6963616c
42755 20d181d185
42756 2074757266
42757 2031393137
42758 69736365726e69626c65
42759 206d616e74656e6572
42760 206578636572
42761 20737065637472616c
42762 206e6575726f736369656e6365
42763 206d6963726f66
42764 20666f726569676e6572
42765 204c616e6b61
42766 e4bda0e58fafe4bba5
42767 20d182d0b2d0bed180
42768 20746f73736564
42769 20706f626c616369c3b36e
42770 206d6174656978
42771 207369656c6cc3a4
42772 206f7474
42773 20636f6d70756c73
42774 616b756b616e
42775 206d616e69666573746564
42776 20ec93b8
42777 2075746d6f7374
42778 20726576657273616c
42779 20706c616365626f
42780 20626c6174
42781 205374756e6465
42782 6d616e73686970
42783 2061747465
42784 20ec868ceab09c
42785 20697374656d
42786 20616e6e6174
42787 20506c617973746174696f6e
42788 207a6164
42789 207175697474696e67
42790 2066616d696e65
42791 20526f756768
42792 20466c616d65
42793 2068657574
42794 206f706f7274756e69646164
42795 2066616973616974
42796 204450
42797 2064696369656e646f
42798 204d656c616e6965
42799 204361726e65
42800 6d6567
42801 706574746f
42802 4a554e
42803 20d0bbd18ed0b1d0bed0b9
42804 206f737465
42805 204a4a6f6e616b
42806 207468656174726963616c
42807 20696e76696e6369
42808 20636f6d6d756e696f6e
42809 766f63616c
42810 4568
42811 2044657461696c73
42812 207374726f6c6c
42813 205261796d6f6e64
42814 20416d656c6961
42815 91a5
42816 2070726f64756b74
42817 206e7565766173
42818 206d7573746e
42819 6d6179c4b1
42820 636f6c6f726564
42821 646563
42822 20686ac3a46c
42823 2073656e74696d656e74616c
42824 207265616c6d73
42825 206b726974
42826 2073657874
42827 2050737963686f6c6f6779
42828 e88889
42829 68696c
42830 20d0bad0bed180d0b0d0b1
42831 20eb82b4ec9dbc
42832 20556e64657273746f6f64
42833 20477574656e
42834 2067616e6773
42835 206576656e696e6773
42836 e6808ee6a8a3
42837 456e74
42838 204c6567616379
42839 20436f6e676f
42840 206475726368617573
42841 2062756f79
42842 6572656c6c61
42843 57414e
42844 507265
42845 20d180d0b5d0b4
42846 20437269736973
42847 e381aae3819f
42848 20ec9dbcec9db4
42849 206d616e7573637269707473
42850 d0b5d182d180
42851 206e6f6e70726f66697473
42852 206469637461746f72
42853 206261736b657473
42854 20497368
42855 20706572746f
42856 206461746173657473
42857 20616d706c65
42858 676562617574
42859 20636f6e7472696275746f72
42860 206369616f
42861 20636f6e6669726d696e67
42862 2055434c41
42863 e299ac
42864 20d181d0bd
42865 206f7665727475726e
42866 e59089
42867 20756e7265616c6973746963
42868 205069656365
42869 6f63617465
42870 2066c3a46c6c74
42871 706f78
42872 20ebb3b4ec8b9ceba9b4
42873 20eba994eb
42874 204372656174696f6e
42875 d18ed0b4d0b0
42876 20d794d790
42877 20776861636b
42878 6f6c6974686963
42879 63656c79
42880 20d181d0bed0b2d180d0b5d0bc
42881 2073657175656e7469616c
42882 2070726f666573696f6e616c
42883 20636f6f6c73
42884 20726570656e7465
42885 2061697265
42886 656e6e6573
42887 7269746f73
42888 20d092d0b8d0b4
42889 206bc3b672
42890 204269747465
42891 756c617273
42892 20696e636f72726563746c79
42893 2073686172706c79
42894 20626f6d62617264
42895 eb8b98ec9db4
42896 206368726f6d6f736f6d65
42897 206164766572746973656d656e7473
42898 68756e
42899 20d189d0bed0b1
42900 20d094d0b0d0b6d0b5
42901 2062617468747562
42902 20536e6f
42903 d990d991
42904 20627566666574
42905 2047726964
42906 2042726577
42907 69736574
42908 20496d706f7274616e74
42909 c3bc6dc3bc7a
42910 207665746f
42911 205765726b
42912 205368616d
42913 6b7261
42914 696c65656e
42915 6865617264
42916 20647261696e696e67
42917 206b6c617373
42918 2062616b6179c4b16d
42919 6374757265
42920 e4bda0e8aaaa
42921 616d6f7572
42922 2073706f6e736f7273686970
42923 2064697374696c6c
42924 20706174696f
42925 206b6f6d62
42926 206f7665727768656c6d696e676c79
42927 204a616d61696361
42928 756974656e
42929 4c6974746c65
42930 204c4f54
42931 7461c487
42932 20636f6d6d616e64657273
42933 205761747473
42934 204f7074696f6e73
42935 ec9db4eba9b4
42936 414354
42937 20696e64697370656e73
42938 20466f72736368
42939 6f746f6d
42940 20ceadcf87ceb5ceb9
42941 207072616973696e67
42942 20ec9881ec8381ec9d84
42943 20616d616e
42944 206879706e6f74
42945 74686d73
42946 206e61737a656a
42947 206d6f75726e696e67
42948 20534159
42949 63796a
42950 20d0b3d0bed181d183d0b4d0b0d180
42951 20636175
42952 6d6565
42953 2074616469
42954 4d6564
42955 2063616c69646164
42956 e3839fe383bc
42957 20737472697065
42958 20ceb5cebd
42959 204b617479
42960 20457363617065
42961 20e38293
42962 206dc3bc73737465
42963 20d8a7d984d8a7
42964 d0bad182
42965 206a6f62626172
42966 204a656a75
42967 6f726172
42968 20536572c3a1
42969 204d65737369
42970 c3a17a
42971 205472616e
42972 207069657263696e67
42973 2061726974686d65746963
42974 2073746167676572696e67
42975 20706c756767696e67
42976 204b4152
42977 766c
42978 b4ec98
42979 20526567696572756e67
42980 204f637a797769c59b636965
42981 204564676172
42982 20636f6e647563746976697479
42983 79656c6c696e67
42984 76616973
42985 616469616e
42986 2062756c6b79
42987 20d181d180d0b0d0b2
42988 20d0bfd180d0bed0bc
42989 207061766564
42990 2062656e6473
42991 20536b696c6c7368617265
42992 204d6d6d6d
42993 20486f72726f72
42994 2074756d62
42995 20676f6f6679
42996 204d656f77
42997 d799d79cd795
42998 2057617373
42999 205363616c65
43000 2052616b
43001 2070726f6a656374696e67
43002 206c696e67756973746963
43003 20576f726c6473
43004 656e73656d626c65
43005 2070656761
43006 73746f707061626c65
43007 20696d62616c616e6365
43008 20c3b8
43009 20746872696c6c6572
43010 d0bad0bed0bbd18cd0bad183
43011 206c6566746f76657273
43012 20636176656174
43013 20535452
43014 756e646169
43015 20776174657279
43016 204d6172696e
43017 e383b3e382b0
43018 20656767706c616e74
43019 204a42
43020 d985d983d986
43021 7669646961
43022 2046494e
43023 696361626c65
43024 20706f646f62
43025 20636f686573697665
43026 2056657266c3bc67756e67
43027 20506c61746f
43028 d0b0d180d0b8d189
43029 206b6f74
43030 20d09fd0bed0bc
43031 20d0b4d0bed0bad183d0bc
43032 20696d706c616e7473
43033 697373657a
43034 427265
43035 206761737073
43036 20544544
43037 7261746f
43038 4a49
43039 206176656e756573
43040 2043686f6e67
43041 6c6164c4b1
43042 d8b1d8b6
43043 20696e696369
43044 20537562617275
43045 e69585
43046 e9818ae688b2
43047 e0b88b
43048 2061636874
43049 20417263686974656374757265
43050 20d0b2d0b5d189d0b8
43051 204465764f7073
43052 20746f7070696e6773
43053 206f62736f6c
43054 61696e61
43055 2042616e676b6f6b
43056 65737472756374
43057 206b6f62
43058 20eb93af
43059 20d180d0b0d0b7d0bdd18bd0b5
43060 20726565
43061 2062696a766f6f726265656c64
43062 2044656d6f6372616379
43063 e0b980e0b8a3e0b8b2
43064 20d0bad0bed0bdd182
43065 207365c3a7
43066 207261686174
43067 207061726c69616d656e74617279
43068 2042617368
43069 e68a93
43070 7a6961c582
43071 49544348
43072 20427562626c65
43073 6b74c3b3
43074 57686f61
43075 20666c617473
43076 e69588
43077 7a6e65
43078 20736572766963696f
43079 20446577
43080 d5b8d682
43081 20756e7465727374c3bc747a656e
43082 2057696e6473
43083 e982a3e4b8aa
43084 20ec9698eb8a94
43085 206576616c756174696f6e73
43086 2072656361
43087 20656c766573
43088 6368656572
43089 206a616c
43090 20726573746564
43091 20717569656e6573
43092 2042726f6f6b65
43093 20eba788ec9d8cec9790
43094 20696e74656e
43095 206f617473
43096 2072656665726565
43097 20706e65756d6f6e6961
43098 2064656c7665
43099 7065616365
43100 656e79
43101 206d6f73747261
43102 2043616e6e6f6e
43103 cf81cebfcf8d
43104 20d090d0bb
43105 206d6f6e756d656e74616c
43106 cebfcf8dcebcceb5
43107 696d6d657273
43108 617669616e
43109 20d0b4d0b5d0bbd0b0d0b5d182
43110 2070697463686573
43111 2047726f7665
43112 2073656d696e617273
43113 2072c3a9637570
43114 20566f6f72
43115 20646576656e
43116 206442
43117 20626f6f7374696e67
43118 6567616e
43119 2077656c74
43120 2047756174656d616c61
43121 206d696c65616765
43122 20626568616e64
43123 2057616172
43124 2053757266
43125 206361756c69666c6f776572
43126 20547972
43127 206d697465696e616e646572
43128 20646172696e67
43129 2053697474696e67
43130 646c6564
43131 20726573656e746d656e74
43132 6dc3a4c39f6967
43133 2066696c6d6d616b696e67
43134 7761727473
43135 74686f75676874
43136 6f6c6f6769717565
43137 20434f52
43138 206163636f756e746564
43139 2061706572
43140 20494e54
43141 6f6c617265
43142 2061636f6d7061c3b1
43143 e8ad98
43144 20c6a169
43145 e4b99d
43146 206d65726d616964
43147 2042656e746c6579
43148 61746f7265
43149 207072656e
43150 20657468616e6f6c
43151 20617374726f6e6f6d657273
43152 73656174
43153 6b656570657273
43154 206578656d7074696f6e
43155 20616d6f
43156 20eb8298ec849c
43157 20696e68616c
43158 20626f7773
43159 d181d0bad183d18e
43160 33303030
43161 206665726d656e746174696f6e
43162 2073696e6b73
43163 20636f6d65726369616c
43164 207374756d70
43165 2063656c65
43166 2053697374657273
43167 205265676973746572
43168 20736f6f7274
43169 206e61746f6d69617374
43170 20eab7b8eba6bc
43171 20c59e6579
43172 206879706564
43173 2052616661656c
43174 20456973
43175 20426173696c
43176 20417373617373696e
43177 20416465
43178 72c3a56e
43179 206f6e6c6172
43180 206d6f76696d69656e746f
43181 206164646974696f6e616c6c79
43182 20736c6974
43183 2043687279
43184 20496e746572766965776572
43185 d79cd7a7
43186 206469736c
43187 206c6967676572
43188 d183d0bad0b8
43189 626572697368
43190 20d180d18fd0b4d0bed0bc
43191 41524f4e
43192 5d2c2c
43193 206c756d69c3a87265
43194 206f6c766964
43195 206672657565
43196 2054696e67
43197 204bc3b6
43198 2067656f
43199 2064796564
43200 e381a7e3818d
43201 d188d0b5d0b9
43202 20c5bc79636965
43203 206965
43204 207461787061796572
43205 207065c582
43206 2064c3a9636964c3a9
43207 2063c5937572
43208 20656e747769636b656c74
43209 204851
43210 4b4b
43211 6f646172
43212 20686f6e65
43213 20636f6e6669616e6365
43214 2069737375696e67
43215 20646961676e6f7374
43216 20ec9e84
43217 20d0bad180d183d182
43218 20d0bad0b0d181
43219 20c3be
43220 207265737472696374697665
43221 2043617374726f
43222 2075c49f
43223 20656d707265
43224 204d6f6f
43225 20466967757265
43226 70686f6e65746963
43227 50726f66
43228 20d0bfd180d0b5
43229 2074696c746564
43230 204e65676174697665
43231 204c696d69746564
43232 6d656e6f
43233 6c616d6174696f6e
43234 207472757374656573
43235 20696e74656e73656c79
43236 2061c3a7c4b16c
43237 2055736564
43238 207a756c
43239 20617070726563696174697665
43240 2074696e63
43241 20636f6e7175657374
43242 20d8b9d986d8af
43243 20737569636964616c
43244 206d756c6865726573
43245 20646574616368
43246 206b616d657261
43247 20416972506f6473
43248 494e44495354494e4354
43249 d0b3d0bbd0b8d0b9
43250 20eb8384
43251 2077726573746c65
43252 e6b497
43253 206669726561726d
43254 206c697265
43255 707261
43256 206a6577656c73
43257 20436f726e656c6c
43258 20ed95a0eab28cec9a94
43259 207375636b6572
43260 206e6f6d6272657578
43261 204665726d
43262 ec9b90ec9db4
43263 20506973
43264 20d0b8d0b7d183d187
43265 206d6974656e
43266 20636576
43267 2055524c73
43268 20434153
43269 20e58fafe4bba5
43270 66696e64656e
43271 2062726176657279
43272 20d181d0bbd0bed0b2d0be
43273 206e656e68756d61
43274 20656e6375656e747261
43275 20536869726c6579
43276 2070657263657074
43277 6672616d6573
43278 20526f766572
43279 20416c6265727461
43280 6f6363
43281 20eb9dbceab3a0
43282 2073c3ba706572
43283 2070726573756d65
43284 20676c616e64
43285 20706163696e67
43286 206e6575726f74
43287 20736e6f
43288 20706c6f74746564
43289 207061c58473747761
43290 204f776e6572
43291 20446566656e6365
43292 726964676573
43293 2077616c6c7061706572
43294 6f6e69616e
43295 42726f
43296 20417269616e61
43297 e79bb4e68ea5
43298 6b7279
43299 206e6172726174696f6e
43300 20637269616ec3a761
43301 20416c726967687479
43302 20ec9dbd
43303 20ec93b0eab3a0
43304 206c6962657261746564
43305 2065786365656473
43306 20646f6d696e6174696e67
43307 2062616bc4b16e
43308 6c6b
43309 20736c6170706564
43310 d097d0b4
43311 756d656e74616c
43312 6765747461626c65
43313 20526f7a
43314 2047756c
43315 6f7576657274
43316 20736d617368696e67
43317 617a756a65
43318 536972
43319 20677261746564
43320 e4bda0e69c89
43321 415454
43322 206172746963756c61746564
43323 2073746f7261
43324 206578747261746572
43325 e1bb89
43326 cf83cf89
43327 776972
43328 204d657465
43329 496d70
43330 20686f6f72
43331 7068617365
43332 20d187d183d0b4
43333 20d0b1d180d0b0d182
43334 2069646167
43335 2063696e71
43336 206170617265636572
43337 20494345
43338 e58897
43339 2071756965746572
43340 2066616c736368
43341 61646963
43342 20d0bfd0bbd18ed181
43343 204d656e75
43344 757865
43345 2054c3b469
43346 204d494c
43347 2048616a
43348 7665726273
43349 20747562696e67
43350 206d6163687374
43351 2064616c6c
43352 546572
43353 2067656c656e
43354 20637563756d62657273
43355 2077696467657473
43356 2064657672616974
43357 206d696b65
43358 20696e747261
43359 ed95ad
43360 20c385
43361 2048756e64
43362 e6a78b
43363 71756172746572
43364 206577
43365 206b656c756172
43366 206d617473
43367 20547269636b
43368 20496e66696e697465
43369 9ea8
43370 2070656163
43371 2050726f7465
43372 e0a588
43373 2031373030
43374 2052616973
43375 e0b98a
43376 c3a4686c74
43377 6966696361
43378 61696d6572
43379 61c487
43380 20616b6c
43381 20566f6c766f
43382 205479736f6e
43383 20526f6e67
43384 697273696e
43385 20e299a5
43386 207061726f6479
43387 6e6174696f6e616c
43388 706f64
43389 617964
43390 616d626c6564
43391 20676f7665726e6d656e74616c
43392 20636f6e666f7274
43393 696369646573
43394 206e61737a65
43395 205368657068657264
43396 204b6f6e74616b74
43397 2064697370726f706f7274696f6e6174656c79
43398 20d0bad0bbd18ed187
43399 2074c3ad74756c6f
43400 2073696e61
43401 20636f6d706f736974696f6e73
43402 205046
43403 207665726b6c
43404 20737569767265
43405 2061737461
43406 207374616b65686f6c646572
43407 2073616d6d61
43408 20424c41434b
43409 206e6f646967
43410 206c657661
43411 206a7565676f73
43412 2065726e7374
43413 20626f74746f6d73
43414 205369676e616c
43415 20706f6c6c7574
43416 2064757261
43417 4d7573696b
43418 20d0bad0bed0bcd0bdd0b0
43419 20d0b2d181d0b5d0b9
43420 616c746572
43421 2053746566
43422 204269675175657279
43423 20566572616e74776f7274756e67
43424 20eb8bb9ec97b0
43425 207175697a7a
43426 204c6574746572
43427 20496e766573746d656e74
43428 d188d182
43429 90eb8db0
43430 20656e636f64696e67
43431 2074c3a46e6b6572
43432 204b77
43433 616e6e6965
43434 e58b9d
43435 313130
43436 207a7779
43437 20eca7a7
43438 20646177
43439 657374c3a4
43440 2064656365697665
43441 204cc3a46e646572
43442 69736b6f
43443 20706f6473746177
43444 2050686172616f68
43445 ecb3a4
43446 e99990
43447 c3ba6c74
43448 207479c3b6
43449 206d7573696d79
43450 e8b3aa
43451 207063
43452 204e54
43453 20436f7374636f
43454 20e5b08f
43455 20cf83cebfcf85
43456 20756e696e
43457 726f756e6473
43458 2072656d696e64657273
43459 20707569737175
43460 206b72696a67656e
43461 20776f726b666c6f7773
43462 6e6574656e
43463 20eb9098eca780
43464 20736c65656b
43465 20636f776f726b657273
43466 616d69656e746f73
43467 2077697463686573
43468 62616172
43469 6574696573
43470 20756e6e61747572616c
43471 205369636b
43472 204566656e6469
43473 e383b3e38380e3839b
43474 6a636965
43475 206368616d61646f
43476 ec9880ec8ab5eb8b88eb8ba4
43477 2070727a65647369c49962696f72
43478 20626f6f6b73746f7265
43479 20ec9ea0eab990
43480 205365706172
43481 616e6769
43482 45766574
43483 20656d657267656e63696573
43484 20584d4c
43485 d0bdd0b4
43486 a5b4eba9b4
43487 20eabf88
43488 20eb93a4eab3a0
43489 20737574
43490 2057697a
43491 e5b195
43492 2064796e616d6963616c6c79
43493 6f7065726174696f6e
43494 646f74
43495 20696e656666696369656e74
43496 636c65617273
43497 206d756e64616e65
43498 205665726f6e696361
43499 e88cb6
43500 d8b1d8aa
43501 706f7365
43502 706169
43503 206e796c6f6e
43504 2061756d656e746172
43505 20616c6c7473c3a5
43506 76616b
43507 20636170616369646164
43508 2057726573746c696e67
43509 2066657274696c65
43510 206dc3a967
43511 204e616e6f
43512 d0b0d182d0b5d0bbd0b8
43513 20ec96b4eca9
43514 20746f6361
43515 204567
43516 e281
43517 20ecb3
43518 6c75656e74
43519 20736f6c656d
43520 2063696e656d6174
43521 205175656c
43522 206f7262697473
43523 204861726d
43524 726963616e6573
43525 20626c7572726564
43526 e5a682e4bd95
43527 20d8a7d984d8b0d98a
43528 206a696e
43529 206772656e61646573
43530 206174726f63
43531 207768657265696e
43532 207265706c656e
43533 20436f6d696373
43534 656461616e
43535 2064656e696d
43536 20656d626172726173736d656e74
43537 20476f6d657a
43538 20427573616e
43539 69766974696573
43540 2073616c697661
43541 206d65726b
43542 20696c67696c69
43543 20d0bad180d183d0b3
43544 206f636375706174696f6e616c
43545 205361686962
43546 537461
43547 2061647669736572
43548 205472756c79
43549 2059454148
43550 20ec9e88eb8a94eb8db0ec9a94
43551 7a6577
43552 626172656e
43553 2073746f6c
43554 2062656c6f6e67696e6773
43555 205265736561726368657273
43556 206566656e64696d
43557 cf85cf87
43558 c582c485637a
43559 20556e67
43560 204a7562
43561 20636572656272616c
43562 e1bb8775
43563 20d7a6d7a8
43564 20d0bfd0bed0b4d0b0d180
43565 206d617263686564
43566 206177616b656e
43567 20616b6f
43568 206163657074
43569 20696e6974696174696f6e
43570 e8af89
43571 6c6f74
43572 2077c5826173
43573 204d6f6e676f6c
43574 757472616c
43575 2074656e74616e67
43576 20696e76657273696f6e
43577 20ec9db4ed9b84
43578 206c6f6b
43579 c58262796d
43580 5253
43581 2073746f73
43582 20696e74657261637473
43583 2043616c656e646172
43584 2076616e697368
43585 2070687973696f6c6f6779
43586 206c696e6561726c79
43587 204a59
43588 c49f616e
43589 66756e646564
43590 697a69657274
43591 207a6d69616e
43592 204772696c6c
43593 20756e62656c69657661626c79
43594 6f746563686e6f6c6f6779
43595 2043617273
43596 20d986db81
43597 20466f6c6765
43598 2042657665726c79
43599 c3a469736368656e
43600 2061756d656e746f
43601 ec9b8cec849c
43602 206d61696c626f78
43603 20737465656473
43604 205065616b
43605 e5b7a7
43606 2077796b6f72
43607 20707261776461
43608 d0b8d182d18b
43609 20646973636f757273
43610 20616363757365
43611 636573736f
43612 75697265
43613 20d0bfd0bed0bfd0b0d0b4
43614 20746861
43615 206d656173757261626c65
43616 62656570696e67
43617 20496e6e656e
43618 20d0bfd18fd182d18c
43619 20636f6d7065746564
43620 204974616c69616e73
43621 20656e636f6e747261
43622 206e696577
43623 2066696c74726174696f6e
43624 20d0bfd180d0bed184d0b5d181d181
43625 2070616a616d6173
43626 2063696c616e74726f
43627 20536f63
43628 4c7563
43629 20eab980eb
43630 204f6464
43631 20687964726174696f6e
43632 d0bcd0bed0b2
43633 20706c79776f6f64
43634 20436f6d7065746974696f6e
43635 d0b8d0b7d0bdd0b5d181
43636 666c69676874
43637 2042656974
43638 626f757267
43639 20636f696c73
43640 2063c3a26d657261
43641 20616d656e646564
43642 c4816d
43643 416e67656c
43644 205374616379
43645 666c6f
43646 206e6f726d616c65
43647 20636f6e736f6e616e74
43648 206163636f6d70616e79696e67
43649 d0bad196
43650 20697272697461746564
43651 2066c3a57474
43652 2063726f636f64696c65
43653 9098eb8a94
43654 20616c62656974
43655 205068696c6f736f706879
43656 e7b4af
43657 c586
43658 79746963
43659 2072c3a867
43660 206672616ec3a761
43661 20617474656e74697665
43662 48616d
43663 20616c72656465646f72
43664 e69dbf
43665 736569
43666 20d181d0b2d0b8d0b4
43667 2067696d62616c
43668 206368696e61
43669 20f09f8eb6
43670 20d092d0b0d0bc
43671 207374696d756c6174696e67
43672 204f7261
43673 79746573
43674 2068656674
43675 20686174657273
43676 20636f6d706c65786573
43677 203033
43678 72c3b364
43679 636c656172
43680 2062657374656874
43681 e79599e8a880
43682 776e79
43683 6d6f696c
43684 20736c6f707079
43685 20696e7369676e69666963616e74
43686 20647562626564
43687 20eb96a0
43688 20636f6e7369676f
43689 d0bbd183d188d0b0d0b9
43690 536e
43691 20d794d7a6
43692 20ce8c
43693 206e61647a6965
43694 2066726573686d656e
43695 746161
43696 2075776167c499
43697 204661766f72697465
43698 204372696d696e616c
43699 2065766964656e
43700 2073796d62
43701 4c6573
43702 2042656175
43703 756e6564
43704 706c656d656e74
43705 4163
43706 206465726d6174
43707 204e6f6c616e
43708 d18bd0bf
43709 2073697474
43710 20657665726c617374696e67
43711 206573746176616d
43712 20d0bcd0b8d0ba
43713 206b68c3a163
43714 20696e766974
43715 20747265626c65
43716 206a6967
43717 6d616e69
43718 207475766f
43719 20525553
43720 2045726465
43721 20447a69c4996b756ac499
43722 20626c756562657272696573
43723 6b656c6c
43724 6163696f6e73
43725 e788b7
43726 d0b2d0b8
43727 4c4554
43728 207370726f7574
43729 2073706f72
43730 2062c3aa6e
43731 204d6f6e61
43732 20436f6e7461696e
43733 204b657973
43734 d0bed0b7d18f
43735 2066756e6369c3b36e
43736 2072617070656c6c65
43737 2065766f6c766573
43738 207363726170696e67
43739 20636f6d656e74c3a172696f73
43740 207072617469717565
43741 20617578696c69617279
43742 2053706f6e6765
43743 d181d0bad0b8d0bc
43744 75766f
43745 20d181d0b0d0bcd0be
43746 2073616e6b
43747 206869676877617973
43748 20696e76656e74696f6e73
43749 20d0b8d0bdd0bed0b3d0b4d0b0
43750 2063726561746976656c79
43751 2062656e63686d61726b73
43752 6f6e63c3a9
43753 616c616c
43754 20736f74746f
43755 2063616c766573
43756 204d6f76
43757 206c6176656e646572
43758 2065796562616c6c73
43759 206177616974696e67
43760 2050617479
43761 d984d987
43762 20656d62726f6964657279
43763 20647568
43764 2063616d6172
43765 20424f42
43766 20737061636564
43767 2067c5826f73
43768 d0b0d0b5d0bcd181d18f
43769 2065736361706573
43770 20526f677565
43771 7a637a
43772 e89e
43773 aceba5bc
43774 204d6fc5bc65
43775 20d0b5d181d182d0b5
43776 20427572616461
43777 e98cb2
43778 7764
43779 75757575
43780 2073617368
43781 204c7562
43782 206e6f7465626f6f6b73
43783 206d6165
43784 20636f6e666c696374696e67
43785 2073756d6d657274696d65
43786 61636173
43787 20626175656e
43788 626c6f77696e67
43789 e1baa16f
43790 20ec96b8eca09c
43791 e4bb8ae697a5e381af
43792 2053656e686f72
43793 206950686f6e6573
43794 2051756172746572
43795 20eca09ceb8c80eba19c
43796 75c39f
43797 20eba788ebacb4eb
43798 20736574746c657273
43799 206372657374
43800 207472616e7363
43801 e69bbe
43802 2072696f7473
43803 20636c6f6e6573
43804 204f70726168
43805 ceafceb6
43806 2070616c73
43807 2e2e2e2e2e2e2e
43808 e38194e38196e38184e381bee38199
43809 20d180d0bed181d181
43810 204c61736572
43811 207a61637a79
43812 2073657669
43813 20726567656e65726174696f6e
43814 ec97bc
43815 776f756c64
43816 20c3bc7a6572696e65
43817 2053747261c39f65
43818 2076656e6765616e6365
43819 20726572
43820 20536166617269
43821 20484559
43822 e795ab
43823 207361636172
43824 20696d6167656d
43825 2042756e64657374
43826 6d6573616e
43827 205061737465
43828 2073697a7a
43829 20d0bfd0bed181d182d183d0bf
43830 d794d795
43831 74726164
43832 206672616ec3a761697365
43833 20426f75
43834 206261727265
43835 205a6869
43836 204765657a
43837 69686164
43838 207265636f6e6f63
43839 2070656c6967
43840 20696e6469636573
43841 20ebb094eb80
43842 20636f6e64756374696f6e
43843 20ec9585
43844 207a656b6572
43845 2066756d
43846 2057c3bc72
43847 627265616b6572
43848 20737072697465
43849 43726f7764
43850 206f70656e6572
43851 206f6c76
43852 206275656e6173
43853 2053696c6b
43854 2048494d
43855 6b6f70
43856 636f6d706c
43857 20706f73736f6e6f
43858 b380
43859 206f7363696c6c61746f72
43860 2053697468
43861 e883a1
43862 d0b0d0b6d0b8
43863 2072616674
43864 68616c6c
43865 207363686e656c6c6572
43866 20696d706f7274696e67
43867 20617373656d626c696e67
43868 207562697175
43869 20616374697661746573
43870 61636369
43871 939ceba5bc
43872 20636f6d706f73657273
43873 2041434c
43874 436f6e66
43875 20ecbd98
43876 20d0bdd0b5d0bad0bed182d0bed180d18bd0b5
43877 2063616e64696573
43878 e58aa0e585a5
43879 204d757373
43880 e0b983e0b88a
43881 2064756461
43882 d0bdd0b8d0bad0bed0bc
43883 6d6564656e
43884 20ec96b4eb958c
43885 20596573687561
43886 7a6167
43887 686f646f75
43888 20616c6f7564
43889 2050616c6d6572
43890 696d697a65
43891 e382b7e383a7
43892 206d61726974696d65
43893 20636f6d6d756e616c
43894 20626164676573
43895 207275676279
43896 206d617273686d616c6c6f77
43897 206669657279
43898 206163636f756e74616e74
43899 2061626c61
43900 204d6f6e726f65
43901 20466f6e74
43902 20426f6f7374
43903 204261726e6573
43904 616e73776572
43905 204275726e696e67
43906 20e4b88de698af
43907 20616e676566
43908 205765736c6579
43909 6c6c73
43910 ecb5
43911 d7a9d79c
43912 696c69c59b6d79
43913 d790d79f
43914 616d757261
43915 2046756a
43916 2070616e69
43917 2054726f70
43918 617262656974656e
43919 20727565
43920 2052617265
43921 c3a46e67656e
43922 20d181d0bcd0bed182d180d0b5d182d18c
43923 20d09ad0b0d180
43924 204d5456
43925 626f617264696e67
43926 5d5b
43927 20eba088eb
43928 7374616e62756c
43929 7069656c74
43930 204861726479
43931 20456e676167656d656e74
43932 204469656e7374
43933 2077c3a472656e
43934 20667565676f
43935 2065737472756374
43936 2063616c616d
43937 20526573706f6e7365
43938 20e38284
43939 204d6f68616d6d6164
43940 20726573697374696e67
43941 20647572616e74
43942 e881af
43943 e586b5
43944 204f4c4544
43945 207665727a
43946 6dc3a46e
43947 20d986db92
43948 20706172616e6f6964
43949 204177617265
43950 20456e67696e65657273
43951 2070726f6365647572616c
43952 20706572736f6e6e616765
43953 206661726b6cc4b1
43954 e9a186
43955 666c6f77696e67
43956 20d0bcd0b5d181d182d0b0
43957 2042617265
43958 697374656d
43959 20706f637ac485746b75
43960 20706572736f6e616a6573
43961 20ec96b4eba0b5
43962 ad89
43963 20d0a5d0bed182d18f
43964 20756e73657474
43965 204162736f6c
43966 20e1baa579
43967 204d41594f52
43968 d0bfd0bed0bbd0bdd0b5
43969 20696e666f726d696e67
43970 20616d7073
43971 d09fd180
43972 20ebad94
43973 61656461
43974 20d794d791d7
43975 e1baa56e
43976 6b656c696a6b
43977 2061746865697374
43978 2074726f7574
43979 206e65756573
43980 204e6f6b6961
43981 6d616368656e
43982 2077686f6c6573616c65
43983 c4b17264
43984 496e73
43985 20d18dd0bf
43986 20707269636b
43987 204b696e6465726e
43988 e0b897e0b8b3
43989 20636c61737379
43990 20c3ae6e74
43991 2053686f70696679
43992 20d181d0bed180
43993 20d0b7d0b0d0bad180d18b
43994 7a756b
43995 20756e6976657273616c6c79
43996 2074656173706f6f6e73
43997 207265636f756e74
43998 206ec3a5676f6e74696e67
43999 20587565
44000 697369c3a86d65
44001 207765616b657374
44002 207465c59f656b6bc3bc72
44003 206d617468656d61746963616c6c79
44004 20486f73
44005 20ed959ceb8ba4
44006 207061727461676572
44007 2044617272
44008 eaba
44009 20ceb5ceba
44010 206765726d73
44011 2067656c6972
44012 2064756c
44013 2c2d
44014 20ec96b8eb
44015 20d79ed7a6
44016 20d18fd180
44017 2071756f746964
44018 2070727a79737a
44019 20686172646e657373
44020 2061717561746963
44021 204a756e676c65
44022 20504352
44023 20456c696f74
44024 206f737472
44025 206d617061
44026 657373c3a4
44027 20474952
44028 2044726976696e67
44029 2053616d69
44030 204d656469656e
44031 20436f6d70616e696573
44032 20506861726d
44033 7365697473
44034 2052696d
44035 20cebfcf80cebf
44036 20776569746572656e
44037 2070697a7a6173
44038 204c79646961
44039 2048656967687473
44040 2073696e636572697479
44041 206e6f73736173
44042 2064c582
44043 20616c61726d696e67
44044 2043617563
44045 20d181d0bcd18bd181
44046 666163696e67
44047 62616773
44048 5757
44049 20d8b4d98a
44050 20636f757274726f6f6d
44051 205068696c6c6970
44052 20eab283ecb298eb9fbc
44053 20537069656c6572
44054 e3828fe3818b
44055 206b616e74
44056 2061646d697474696e67
44057 e38381e383a3e383b3e3838de383ab
44058 20636f6e7461696e6d656e74
44059 e5bca0
44060 2072656d6f7661626c65
44061 206a756d706572
44062 666f6375736564
44063 20d0b8d182d0bed0b3d0b5
44064 20d0a2d0b5d0bc
44065 2076617365
44066 20555343
44067 204d6f6e617465
44068 204a61636f6273
44069 20484f4c
44070 696b6564
44071 65727765697365
44072 20676f6f64696573
44073 20686f6d616765
44074 d79bd7a9d799d795
44075 207175616973
44076 20696e696369616c
44077 206775617264696e67
44078 2064617a7a
44079 20636f6d626f73
44080 20d183d0bfd180d0b0d0b2
44081 2054616c656e74
44082 e5a587e680aa
44083 20c3b372
44084 20696e7465726d697474656e74
44085 204d63436172746879
44086 207370616e73
44087 2074797265
44088 20717579
44089 e88888
44090 6a7574
44091 205a656e74
44092 20676174
44093 e5a4a7e593a5
44094 2073636166666f6c64
44095 206e656365736172696f
44096 205a61686c656e
44097 2053414e44
44098 205055
44099 45766572797468696e67
44100 2d2d2d2d2d2d2d2d2d2d2d2d2d2d2d2d
44101 20d0b2d0b7d18fd182d18c
44102 20737061726b73
44103 2070656e64756c756d
44104 d79ed79f
44105 20ec8389eab9
44106 206d756c7469706c696572
44107 20d0bbd0b0d0b4d0bdd0be
44108 75726174
44109 20757073657474696e67
44110 e8a180
44111 62616b
44112 20ecb59ceb8c80
44113 20616ec3a16c
44114 204a4f45
44115 206b6f7374656e
44116 205061747479
44117 204775696e
44118 636b6564
44119 20456779707469616e73
44120 20436974697a656e73
44121 d7a8d79b
44122 20d095d189d0b5
44123 20d0b9d0bed0b3d0be
44124 20736e6f77666c
44125 206c656b6b6572
44126 2061636f7374
44127 2042616265
44128 2067616d626c65
44129 2061646a656374697665
44130 d0bad0b8d0bcd0b8
44131 6f7973
44132 206d6f6e747265
44133 204879756e646169
44134 206d6f6973747572697a696e67
44135 206d6f7a7a6172656c6c61
44136 4f4f4f
44137 20666163756c74
44138 20646f6574
44139 20666561726c657373
44140 20657370726573736f
44141 20616c6c6f7261
44142 2043696e63
44143 e383bce382b8
44144 20636f6e7465c3ba646f
44145 2050656c6f7369
44146 206d696e646572
44147 726f6f74
44148 20ed95a0eb
44149 20d0bfd0b0d0b4
44150 2043616c6c696e67
44151 20436f6e666967
44152 20436f6e736f6c65
44153 696e736b79
44154 c3a96e6572676965
44155 20736f6c6974617279
44156 d0bed0b4d0b5
44157 2067756172646564
44158 313630
44159 20d0bfd181d0b8d185
44160 2053686170
44161 207469747265
44162 6f6c6f676e65
44163 20d0bfd0b0d180d183
44164 20505245
44165 e383bce38389
44166 206c6e
44167 204d6974676c
44168 204361727279
44169 207370696e64
44170 2043616e746f6e
44171 206b696e67646f6d73
44172 72656d6f
44173 20726167696e67
44174 20696e63617061626c65
44175 205752
44176 e5868de8a781
44177 20d181d0bed0b1d181d182d0b2d0b5d0bd
44178 20d0bad0b0d0bad0b8d185
44179 20534845
44180 eb8bb9ed9e88
44181 207363617263697479
44182 207065726465
44183 206578697473
44184 2053696e676572
44185 20737570706572
44186 206d756e69636970616c697479
44187 20446976657273697479
44188 207469726f
44189 69656c73
44190 206cc3ad646572
44191 20626c756666
44192 2061747261
44193 6c7973
44194 206d616864
44195 2063c3b36469676f
44196 204861726c656d
44197 72756c65
44198 6963697479
44199 2073696d706c6973746963
44200 204b6f6e7374
44201 e581a5
44202 454c4c49
44203 2066c3b672737461
44204 20636f6e7374697475746573
44205 20d181d182d0bed180d0bed0bdd183
44206 207572676564
44207 2050616e6461
44208 ecb0a8eb
44209 72656365
44210 2070617472696f74
44211 204372757368
44212 2077696e6b
44213 d0bed0b9d182d0b8
44214 7572616ec3a761
44215 207365697a75726573
44216 20656c656374726f64
44217 20446f6e6b6579
44218 204955
44219 204d4f53
44220 20616c6b616c
44221 ecb489
44222 6265736f6e64657265
44223 20706172616c6c656c73
44224 206269747465726e657373
44225 c3a474747265
44226 657373696f6e616c
44227 20736f796265616e
44228 20636f6c6c6162
44229 205265706f7274696e67
44230 e5a794
44231 20d0bad0bed0bcd0bfd0b0d0bdd0b8d0b8
44232 2077737a79736379
44233 204372756e6368
44234 697365656e
44235 20616d6261737361646f7273
44236 2043686576
44237 e58d88
44238 d0bed0b2d18bd0b5
44239 736361
44240 20d180d0b5d188d0b8d0bb
44241 d0bed182d0be
44242 20676c656963687a6569746967
44243 6d65726e
44244 c3bc7374
44245 20486165
44246 b3b4eab2a0ec8ab5eb8b88eb8ba4
44247 2073686f726573
44248 2064657072657373
44249 2061686f72
44250 20537465756572
44251 616868
44252 20726576697365
44253 20d181d0b0d0bcd18bd0b5
44254 6a6174
44255 2068657262616c
44256 206375c3a16e74
44257 2062756e61
44258 6e69656a737a65
44259 46696e616c6c79
44260 d795d796
44261 636a65
44262 20ec9e88eab1b0eb93a0ec9a94
44263 20eb8298eb88
44264 2070727a657374
44265 e383bce383a0
44266 6c696361
44267 2044756368
44268 e5b08de5b08d
44269 d196d0b9d181d18c
44270 70617373656e
44271 20736174697366696573
44272 204164646974696f6e616c
44273 2063c3a16d617261
44274 d0b5d187d0b5d0bdd0b8d0b5
44275 20706f6d70
44276 20eba790ec9db4
44277 204d696c6c73
44278 d0b5d0b2d0b8d0b4
44279 207265737065637461626c65
44280 2066696c616d656e74
44281 2076656e646572
44282 206d61747465726564
44283 6f757265
44284 ecb8b5
44285 4b6f7265616e
44286 206573747564696f
44287 20636163747573
44288 2056697665
44289 20526167
44290 20636f6d706c697175c3a9
44291 20d988db81
44292 2074616f
44293 a6bf
44294 53696e6365
44295 206a656f70617264
44296 2053656c6c
44297 e5ba94
44298 20ec989b
44299 206b65746f
44300 20696e74656c6967
44301 20416e676562
44302 20746964656e
44303 20736f63696f
44304 2072656d696e697363656e74
44305 20636172656769766572
44306 5370616365
44307 204578657263697365
44308 204265636f6d65
44309 c3aa7473
44310 616b6b
44311 212e2e
44312 20d181d0bfd180d0bed181
44313 20ceb1cf80cebf
44314 2073686f6f74696e6773
44315 20617065
44316 2053616d6d79
44317 204b756e67
44318 206375c3a16c
44319 204c7570
44320 e69d9f
44321 e4be86e588b0
44322 20d181d182d183d0b4
44323 2073776565746572
44324 20636f6d756d
44325 20416473
44326 6879756e67
44327 20d0b1d183d0b4d183d189
44328 20776166666c65
44329 204f7262
44330 206c617574
44331 20666f726563617374696e67
44332 e5aa
44333 2072617070696e67
44334 2070726566657273
44335 2062656e7a
44336 206e696b
44337 204261686e
44338 2073616e64696e67
44339 20696d6d696e656e74
44340 20d0bfd180d0bed0b1d0bbd0b5d0bcd18b
44341 20646f6976656e74
44342 d0bed0bbd0b0
44343 20c5bc79636961
44344 696875
44345 206578697374656d
44346 20496e746572696f72
44347 2054616b6573
44348 20746f64646c6572
44349 206469637461746f7273686970
44350 20536d697468736f6e
44351 20416c6c616875
44352 cf8ecf81ceb1
44353 ec9598ec8ab5eb8b88eb8ba4
44354 20566f7465
44355 20536d656c6c73
44356 d0bed0b4d0bdd0be
44357 2068696e647369676874
44358 5652
44359 205061746368
44360 204a6168726573
44361 20736f7576656e6972
44362 206e657574726f6e
44363 206c6f6e6774696d65
44364 20736179696e
44365 e4b990
44366 6173616b69
44367 20d0bed181d182d0b0d0bdd0bed0b2
44368 20657870656c6c6564
44369 2063727970746f63757272656e63696573
44370 204d7572646572
44371 20436974697a656e
44372 574159
44373 20706c75
44374 206c656d6f6e616465
44375 20636f6e76656e69656e746c79
44376 204849
44377 2032303233
44378 d7a9d795d7aa
44379 d0b0d186d0b8d0bed0bd
44380 20eb9bb0
44381 20d984d983d986
44382 20d0bdd0b5d0bcd0bdd0bed0b6d0bad0be
44383 20756e75736564
44384 206d61696f726961
44385 20617374726f6c6f6779
44386 20446f776e74
44387 4e69636b
44388 207072656f63637570
44389 2064656d61696e
44390 d79ed7a2
44391 20d0b2d0bed0b4d18b
44392 2053616e736b726974
44393 207072c3aa74
44394 20737472616e646564
44395 20726566696e
44396 20d0bfd180d0b8d0bdd0b8d0bc
44397 20d0bfd0bed0b2d0b5d180d185
44398 e0af8d3f
44399 207a726f62
44400 20696e7465727477
44401 204461766964736f6e
44402 d0bbd0b5d0bdd0b0
44403 20d0bfd0bed0bdd18fd182d18c
44404 2052656e6f
44405 20d0bfd0bed0bbd183d187d0b8d0bbd0bed181d18c
44406 20636f72726573706f6e64656e74
44407 205572616e
44408 656c7365
44409 c2b7c2b7
44410 207475746f72696e67
44411 206772616e646461756768746572
44412 6c75646564
44413 2073746573736f
44414 2068e1babf74
44415 20676567616e67656e
44416 20d09dd090
44417 20616e746967
44418 6261636b67726f756e64
44419 2067656461616e
44420 206661766f726564
44421 20456d6d616e75656c
44422 20696f64
44423 20636c616d7073
44424 20636f6d706c65
44425 20416476616e6365
44426 20ec9e88eab3a0ec9a94
44427 20526f78
44428 20ec9790eb
44429 20696e74657374696e6573
44430 2070657263757373696f6e
44431 206c65676974696d6174656c79
44432 20457465726e616c
44433 66616d696c79
44434 616c6f67
44435 42726164
44436 d0b5d0bdd0b8d182d18c
44437 20d181d0bdd0b0d187d0b0d0bbd0b0
44438 206365727461
44439 20616b6b6f72
44440 20ceb5ceb4cf8e
44441 206f6374617665
44442 20566163
44443 d0bcd0bed182d180d0b8
44444 20c38974617473
44445 206c6f6e677565
44446 20646973736f6369
44447 d180d18fd0b4
44448 6865696e
44449 2070616e74616c6c61
44450 20696e6469636174696f6e73
44451 204c74
44452 204772616465
44453 e8a39d
44454 6f696e65
44455 627567
44456 20566572697a6f6e
44457 20416cc3a96d
44458 207669656e6e656e74
44459 20d187d0b8d181d182
44460 2042656e69
44461 2054736368
44462 205450
44463 20696e73756c74696e67
44464 20576569676874
44465 2061646170746174696f6e73
44466 20686162c3ad616e
44467 20636c69717565
44468 6fc59b6369
44469 6a756e61
44470 2073756368656e
44471 20476f6573
44472 2045786f647573
44473 43686f
44474 20616e746973
44475 20ed8c8ceb
44476 736576656e
44477 20d187d0b0d181d0bed0b2
44478 2062616c6c6973746963
44479 7a6f6e79
44480 49434941
44481 20d0bfd180d0b5d181d182
44482 2073696d706c65736d656e7465
44483 20436f6c6c61626f72
44484 46726564
44485 20d182d0b5d0bbd0b5d184d0bed0bd
44486 2052617669
44487 ed95b4eca4
44488 d0bfd0b5d180d0b2
44489 20ec9e88ec9cbceb8b88eab98c
44490 20c3b374
44491 20616c6567
44492 c3ba70
44493 20646973726567617264
44494 20696e64656e74
44495 636c6f7564
44496 63686c6167656e
44497 2069746572617465
44498 2067656e6572616c697a6564
44499 e38197e381bee38197e3819f
44500 e0a4b9
44501 656c657269
44502 20646973617374726f7573
44503 20d181d182d0b0d0bbd0b0
44504 b391
44505 4b4e4f574e
44506 20726963686e657373
44507 20636f6e736369656e74
44508 6963687473
44509 20d18dd0bbd0b5d0bc
44510 d8a8d8af
44511 6972656e73
44512 206861756e74696e67
44513 7275637475726573
44514 61747461636b
44515 2063757063616b6573
44516 73717565
44517 206e61737a65676f
44518 20616e7468726f706f6c6f6779
44519 e3819fe381a0
44520 e381b5e381b5
44521 63686165
44522 20646973636f76657273
44523 20506572736f6e616c697479
44524 20cea4cebf
44525 206469c49f6572
44526 e58d80
44527 20d0bdd0b5d191
44528 20416e697461
44529 205be299aa
44530 204361726d
44531 2042656e6e79
44532 ec8aac
44533 20707570696c
44534 206f636173
44535 c3a46c6c6574
44536 6ac59bc487
44537 e5a4a7e4b888e5a4ab
44538 616d656e74616c
44539 20d0bed182d0bdd0bed181
44540 20706964
44541 2061726d70
44542 524545
44543 20d0bed182d0bad180d18bd0b2
44544 20756461
44545 2053796e64726f6d65
44546 205374616e6461726473
44547 e38188e3828b
44548 20706f696e74657273
44549 20656e616d
44550 20546967
44551 c3ad7a
44552 20d0bdd0b0d0bcd0b8
44553 20756e6368616e676564
44554 207475726d6f696c
44555 e1bba96e67
44556 212122
44557 35303030
44558 20ebacbcec96b4eb
44559 206d657267696e67
44560 20656e74736368656964656e
44561 e587bae69da5
44562 666f726d65
44563 207472696d6d6564
44564 206461726564
44565 2061737069726174696f6e
44566 204d7974686963616c
44567 2048656a
44568 20416c656a
44569 d186d0be
44570 d0bed182d183
44571 5a65
44572 20d0b8d0bdd181d182d180d183d0bcd0b5d0bdd182
44573 20525458
44574 206c6f63616c697a6564
44575 e79a84e8af9d
44576 20737572726f756e6473
44577 20656d7069657a61
44578 20636c617365
44579 20e0b881
44580 205261706964
44581 6f6d696e6f7573
44582 696761696c
44583 20d188d0b8d180
44584 206cc3a6
44585 207a61736164
44586 20756e666f6c64696e67
44587 3f213f21
44588 20ec889ceab084
44589 20506f6c736b69
44590 204b617566
44591 2043656c74
44592 69746963
44593 20746f6f6c626f78
44594 20506f636b6574
44595 20ec849ceba19c
44596 2062656c6b69
44597 2061646d69726174696f6e
44598 706872
44599 2050726f64756b74
44600 20547275636b
44601 e3818e
44602 2064726175c39f656e
44603 7761c582
44604 2048656272657773
44605 20ed9598eab28c
44606 20414345
44607 757267656e6365
44608 617572616973
44609 2063686172697461626c65
44610 c4b174
44611 2061726d6173
44612 20476564616e6b656e
44613 72656174696e67
44614 706f727465
44615 20696d7072696e74
44616 66c3a468
44617 20d0bfd0bed0b4d185d0bed0b4
44618 206f7574736574
44619 e0b8a7e0b881
44620 d0b5d0bdd0bdd0bed0b3d0be
44621 436c617373
44622 2076616e697479
44623 20564f49434553
44624 20323630
44625 7265736964656e74
44626 555345
44627 20eab080ec9ab4eb8db0
44628 e9bd
44629 207468726f756768707574
44630 2063756d61
44631 ec9ab1
44632 e383bce383b3
44633 20d0bfd0bbd0bed189
44634 20706172746973
44635 20416e696d6174696f6e
44636 a788eb
44637 437265
44638 c3b6747a6c696368
44639 206d616767
44640 20636c756d7379
44641 20626f74746c656e65
44642 206269726c696b7465
44643 2047616d62
44644 20d79bd79f
44645 206d6574726f706f6c6974616e
44646 e8afa5
44647 e68e92
44648 4f6f68
44649 206f626a656374696f6e73
44650 20d985d8aa
44651 20d0bcd0b5d0bb
44652 2072656d6e616e7473
44653 20586176696572
44654 52696368
44655 206f6c7361
44656 2050696c6c
44657 2067726f616e73
44658 204e617275686f646f75
44659 20436f6e7472616374
44660 d0b0d0b4d0b0
44661 6e6169
44662 20d184d0b8d0b7
44663 206f7073
44664 e1baa174
44665 20706172616368757465
44666 206e656c6c
44667 20456e74736368656964756e67
44668 d79cd799d79d
44669 20747275746866756c
44670 2073686172706572
44671 206275726561756372616379
44672 63617274
44673 20d0b8d0bdd182
44674 7769656b
44675 2077696c6c696e676c79
44676 204865726d616e
44677 206d656872657265
44678 20656c69746573
44679 2041726d6f72
44680 e38388e3839fe383bc
44681 20656d626f7261
44682 205265636f676e
44683 20d0bbd18ed0b1d0bbd18e
44684 20457863656c6c656e6365
44685 6962656c
44686 206578706f7274696e67
44687 ecb2b4eca081
44688 4b656c6c79
44689 43616d6572616d616e
44690 20736c697073
44691 20666967757261
44692 20e381a1
44693 206b6f6c6c
44694 2050616e64656d6965
44695 e78fad
44696 2074696d6564
44697 6c6965c39f6c696368
44698 20d79ed79b
44699 20706572c3ad6f646f
44700 e5bf97
44701 69766174
44702 207175657374696f6e6e61697265
44703 2070c3a972696f6465
44704 e7a9b6
44705 207369676873
44706 20616c6c656769616e6365
44707 205856
44708 204b656e73756b65
44709 20476573756e646865697473
44710 20706f73697469766f
44711 204a616e6569726f
44712 20534545
44713 20d8a7d8b3d8aa
44714 204b656c736579
44715 746f626572
44716 20ceb1cebbcebbceac
44717 20506172656e74
44718 20446179746f6e
44719 2042696c646572
44720 6f7572616765
44721 207365726573
44722 206d756368c3ad73696d6f
44723 205265616c6d
44724 204f464649434552
44725 6572736f6e6963
44726 e38282e381ae
44727 6f6e7961
44728 20eab889
44729 20616e636573747279
44730 204a75726173736963
44731 2063656e74696772616465
44732 e1baa575
44733 756ac48563
44734 6d616e73
44735 2074696f
44736 204d6fc5bc
44737 2074726167656e
44738 20737461726564
44739 20736368656d61746963
44740 20706173736f75
44741 206d65617462616c6c73
44742 c5826fc59bc487
44743 2073796e6368726f6e6f7573
44744 207065726d6973
44745 617269616c
44746 207a6572
44747 20706172697479
44748 20417661746172
44749 696e64656572
44750 6573746f6e
44751 206d656964c3a46e
44752 20436c79
44753 b489
44754 20657374726f67656e
44755 2063656e74696d6574
44756 e799ba
44757 20636f6e76696374696f6e73
44758 20706f737369616d6f
44759 207065726475
44760 20706174686f67656e73
44761 205175696e
44762 2050726f6772616d73
44763 20506f696e7473
44764 72616d656e74
44765 7261696c
44766 207679
44767 206772616674
44768 2062617274
44769 204c6f747573
44770 e0a8
44771 20ebb3b4ec8b9c
44772 72616d6572
44773 466174686572
44774 20eb9cbb
44775 20d794d79d
44776 207472617a6572
44777 207461726b
44778 c3a8636573
44779 666f727468
44780 20d181d0b4d0b5d0bbd0b0d0bbd0b8
44781 207a75636368696e69
44782 2077616b7475
44783 20656e7465727461696e6564
44784 204d696c6c69617264656e
44785 207368616b79
44786 2070727a656465
44787 b88ceb
44788 2072657665727369626c65
44789 204e4155
44790 75696e73
44791 c3a972c3aa74
44792 616e6e656e
44793 2048756e74696e67
44794 2046656c6c6f77
44795 c3a96c696f72
44796 20726f746174696f6e73
44797 206772616e6e79
44798 78746f6e
44799 20d181d182d0b0d0bdd0bed0b2d0b8d182d181d18f
44800 20d0bdd0b0d187d0b0d0bb
44801 206172746572696573
44802 7269c3b3
44803 20d0bfd0bed0bbd18cd0b7d0bed0b2
44804 20d091d18b
44805 206e6f76656c7479
44806 706f756e64
44807 207765697264657374
44808 20626f6973
44809 c3a96d6965
44810 75706c
44811 415441
44812 2074656864
44813 204e6972
44814 73c4b16ec4b17a
44815 21222c
44816 e5918ae8af89
44817 20696d6d6f7274
44818 20656c6b
44819 d0b0d0bdd0b8d187
44820 206661627269636174696f6e
44821 204e6f697365
44822 204176616e74
44823 d8b1db8c
44824 776174
44825 2077686f6f7368696e67
44826 20d79bd799
44827 20d097d0bdd0b0d187d0b8d182
44828 2063656e74726966
44829 616e73696e67
44830 536f756e64
44831 20eb9dbceb
44832 2063617074696f6e73
44833 e0b38d
44834 206f72676173
44835 20646f6c7068696e73
44836 20426c656e64
44837 2054616a
44838 2043435456
44839 20696e6f6d
44840 2065646974696f6e73
44841 206275726e6f7574
44842 2062c3a474747265
44843 2043617361
44844 6f76696368
44845 206d6f6c74656e
44846 20626c696e64666f6c64
44847 20477565
44848 e697b6e997b4
44849 207370696e6e6572
44850 206dc3b6676c6963687374
44851 2056c3a0
44852 656e656361
44853 206dc3a96469636f
44854 e5b9b9e5989b
44855 c3a1737469636f
44856 20617264
44857 2053756e64617973
44858 2052656d6f7465
44859 20ec96bceba788
44860 207472c6b0e1bb9b63
44861 ec85a8eb
44862 20646f7070
44863 206265c49f
44864 6963616e61
44865 20eb8298eca491ec9790
44866 e78e87
44867 20686f6c696e657373
44868 646972656374
44869 20ec9881ed9994
44870 2063756c7061
44871 20537469746368
44872 6c696768746c79
44873 d0b0d0bcd0b5d0bd
44874 20d0bcd0b5d188
44875 20d0bfd0b5d187
44876 2079687465
44877 6f737068657265
44878 20ec93b0eb8a94
44879 c3a96b
44880 20736572696f75736e657373
44881 206761726d656e7473
44882 20636f6e63697365
44883 20534a
44884 207665726c6f72656e
44885 2070617265636572
44886 20554e43
44887 ec8aa4ed8380
44888 20656e66616e74
44889 20626f6d626572
44890 2047696674
44891 20eca28beb8ba4
44892 2072687974686d73
44893 204b6c6172
44894 e4babae6b091
44895 6f776e696b
44896 205265766572656e64
44897 20656d6974746564
44898 6c617373656e
44899 20726576656e6972
44900 2061726973696e67
44901 20707265636973616d656e7465
44902 20696e746572706f6c
44903 2054656e656d6f73
44904 6f626564
44905 207465636e6f6c6f676961
44906 206e6572656465
44907 2056697361
44908 2073617661
44909 206573637265766572
44910 2061737361756c746564
44911 20466c6569736368
44912 20436f756e63696c6c6f7273
44913 20eab080eab98c
44914 2062656767
44915 20446576656c6f706572
44916 2042726f6e7a65
44917 20426f6e7573
44918 20d7a8d7a7
44919 66616374
44920 20656e646c6573736c79
44921 206d6163616d
44922 20727a65637a797769c59b636965
44923 20686f766572696e67
44924 c3a86765
44925 20706f6f72657374
44926 205363686564
44927 6d696c65
44928 697373656d656e7473
44929 6163c483
44930 20eba6bd
44931 2076616363696e
44932 2066757475726973746963
44933 2057696e646f77
44934 d0bfd0b0d180
44935 20d180d0bed181
44936 206c6f77657273
44937 616373
44938 20d090d0bbd0b5d0bad181d0b0d0bdd0b4
44939 20416c657274
44940 69656d65
44941 20436175636173
44942 206a617773
44943 2068756e746564
44944 ec97bd
44945 20d8a8d986
44946 20d79cd7a0d795
44947 2074757262696e6573
44948 206c756d7073
44949 20416c6c696573
44950 61686c74
44951 20737562736372697074696f6e73
44952 206e6f757665617578
44953 75676572
44954 626f6e6573
44955 206265727279
44956 20ec84a0ebacbc
44957 204d616e7566616374
44958 204c756e6368
44959 eab7b8eb9e98
44960 206879647261746564
44961 206163686569
44962 2059617a
44963 205469626574616e
44964 205175616e74756d
44965 204a65726f6d65
44966 20d0bed189d183d189
44967 d0bed0b2d0b0d0bd
44968 6d6f74696f6e
44969 20436f6e74726f6c6c6572
44970 656e65726765746963
44971 20d181d0bad0bed180d0be
44972 20766f77656c73
44973 20d183d0b6d0b0d181
44974 20686f6f66
44975 2042756c6c6574
44976 696d6167696e
44977 d7a0d799d79d
44978 20656e676167656d656e7473
44979 20426c756573
44980 2061c3b16164
44981 20667073
44982 20636174657270
44983 2073e1bb91
44984 205472696265
44985 e7b69a
44986 d0bfd0bed0bd
44987 696665726174696f6e
44988 2072756d6168
44989 2050756e6a
44990 6c6162
44991 20636f6d70726568656e73696f6e
44992 6272696e67696e67
44993 576f
44994 2074696b
44995 20616e79686f77
44996 e4bba5e5898d
44997 c3a17469636173
44998 207369747a656e
44999 206b6f6c6179
45000 20436f6e6665646572617465
45001 2043616c6c6564
45002 206e61737a796368
45003 20647a69c4996b69
45004 20636c6f616b
45005 20476f6f67
45006 2041736865
45007 e8b1a1
45008 656e616e
45009 20d0bcd18bd188
45010 20d0b2d0b5d182
45011 2053706f
45012 20536b6574
45013 2048656e646572736f6e
45014 696c6168
45015 20d0b1d0b5d0b7d0bed0bfd0b0d181
45016 2073656b616c69
45017 ec96b4eab080
45018 20736e617265
45019 2072e1bab16e67
45020 2066c3b67273c3b6
45021 737a796368
45022 20c3bc62657273
45023 207374726174c3a967
45024 20ecba90eb
45025 2072617070657273
45026 20636570
45027 204861737461
45028 20686f727269626c79
45029 206672c3bc68
45030 20d8a8d8b9
45031 206d616e746c65
45032 e38085
45033 66756e64696e67
45034 207a757374
45035 2050656e73
45036 736564
45037 20ed97a4
45038 20676572656b69
45039 20616c61726d73
45040 20576861
45041 204d61726b7573
45042 616b7369
45043 20d090d0bbd0b5
45044 6b6c6f7265
45045 20c3a96e6572
45046 2074696c6465
45047 626f78696e67
45048 20ec849e
45049 20656e636f6e7472616d6f73
45050 2050686172
45051 d0bdd0b0d0bad0bed0bc
45052 c3b37374
45053 20c4b073
45054 20eb8b98
45055 20737175617473
45056 2070726574656e646564
45057 2064657a
45058 20eab49cecb0aeec9584
45059 6a616368
45060 eb9dbceab3a0
45061 20ed9995eca784
45062 20416e736368
45063 696d65726b
45064 20636f6e6a7567617465
45065 2070656e696e73756c61
45066 20676f72696c6c61
45067 2070686f746f67726170686564
45068 2041756e717565
45069 20656e7472656e
45070 2044657574736368656e
45071 20416c616464696e
45072 20ebacb4ec849c
45073 205374656c6c61
45074 20456c656374696f6e
45075 6f7574696e65
45076 4772616e64
45077 2057616b
45078 2053657267696f
45079 686f727365
45080 61686f6e
45081 2046616d696c696573
45082 20686174696e67
45083 2042657474
45084 e0b899e0b8b0e0b884e0b8b0
45085 206375726c696e67
45086 2049737261656c6973
45087 20d79cd790d7
45088 204d79657273
45089 207363616e6e6564
45090 20424543
45091 696c657269
45092 2063616c6c65
45093 204d696e68
45094 206d6963726f6e
45095 20636f6e647563
45096 c3ad76
45097 20d0b2d0bed0b7d18c
45098 20616374696f6e61626c65
45099 205472757374656573
45100 2074696566
45101 2068656164657273
45102 20616e696d616c6573
45103 ec9b80
45104 d0bbd0bed185
45105 756e697479
45106 6c7961
45107 206a616e67616e
45108 2068616e69
45109 20636173696e67
45110 206ac3b376656e6573
45111 2053706c6974
45112 204361726c6f
45113 204265696d
45114 e5b08de4b88de8b5b7
45115 206e75616e636564
45116 207465646479
45117 20436c616e
45118 c3a46368656e
45119 70696572
45120 20d0b4d0bed0bfd0bed0bbd0bd
45121 20646961706572
45122 656666656374697665
45123 204e696167617261
45124 2077617274
45125 20636f72726f
45126 204b616d7066
45127 7a7465
45128 2064c3a976656c6f7070656d656e74
45129 2061747461636b657273
45130 20536865726d616e
45131 2031393134
45132 206d656f77
45133 2050c3a5
45134 ecba
45135 636974
45136 20636f757065
45137 20eab7b8eb8ba4ec9d8cec9790
45138 2068756d6f7572
45139 20636f6c65
45140 205761726e696e67
45141 2054696c
45142 63616c6d
45143 62756174
45144 2063696e65
45145 6b69656a
45146 4b6576696e
45147 206d696c6c696772616d73
45148 d793d7a8
45149 617269616d656e7465
45150 206f726f
45151 20486f64
45152 6572746f73
45153 206c69686174
45154 2066756c6c657374
45155 206772616e6469
45156 20d0b1d0bed0ba
45157 2077686f6c6c79
45158 206d6168646f6c6c
45159 20636f6e74726f6c6c
45160 2042756e756e
45161 e88a82
45162 20646970706564
45163 2072656769c3b36e
45164 20d984d988
45165 20d0b1d0b0d0b3
45166 207072656d69657273
45167 206368e1bb8b
45168 20e68980e4bba5
45169 e8b186
45170 6964657a
45171 2071756f7461
45172 2067686565
45173 61726b616e
45174 2067656c6174696e
45175 20436c65726b
45176 62626c6573
45177 205061696765
45178 20737461676564
45179 20736f6369616973
45180 2042697a696d
45181 2076656c6f636964616465
45182 206d616c61726961
45183 2073686f7274656e6564
45184 2073616c7574
45185 2048656865
45186 2076e1bb8b
45187 2054616977616e657365
45188 2041727269
45189 67726573
45190 e58ebbe4ba86
45191 2829
45192 72696164
45193 9190eb
45194 20e381bee38199
45195 206d617363756c696e697479
45196 4c50
45197 20eb96a1
45198 2074c3a9726d696e
45199 2056c3a4
45200 2053656974656e
45201 207265737065637466756c6c79
45202 c3a16f
45203 20746f74616c656d656e74
45204 20736372617073
45205 20696e6672696e67
45206 20426f7365
45207 616d6172
45208 204c75697a61
45209 2041524d
45210 20d0bfd0bbd0bed185d0be
45211 206d65696c6cc3a4
45212 2044696f6e
45213 e5bc80e5a78b
45214 20736f756861
45215 20676573636861666674
45216 20636f6e766f6c7574696f6e
45217 20e28091e28091
45218 20313434
45219 6c696e6774
45220 206dc3a46e6e69736b
45221 206775737461646f
45222 20636f696e6564
45223 204c756c75
45224 e5ae83e79a84
45225 6f706f74
45226 20507261796572
45227 20726f617374696e67
45228 206368726f6d6f736f6d6573
45229 e9a3af
45230 d0b5d0bbd0b5
45231 426c7565
45232 204572666f6c67
45233 e887aae794b1
45234 20d0bfd180d0b8d0b4d183d0bc
45235 207269736b696e67
45236 20477561726469616e73
45237 2032303234
45238 c3a87365
45239 20d0b1d183d0b4d182d0be
45240 20636f6e7365727665
45241 204272696e67696e67
45242 204173747261
45243 e0b980e0b882
45244 20d0bad0b0d0bad183d18e
45245 72657370616365
45246 20d09ed0bf
45247 20d0b2d0bed0bad180d183d0b3
45248 e6858b
45249 206d61736b6564
45250 20536879
45251 204e696d
45252 656e646173
45253 20ed8facec9db8
45254 20ebaaa8ec9691
45255 2076616c657572
45256 204e6567726f
45257 20434473
45258 696e6b6c696e67
45259 206d6f6e74c3b36e
45260 20486f6e64
45261 5265616c
45262 2066756c6c6e657373
45263 2057686f6f7073
45264 205368616e6b
45265 204272616e
45266 207472616e736c7563
45267 20657272
45268 2047617264656e73
45269 6f7975
45270 2061666669726d6174697665
45271 e4b88be4b880
45272 20706f7474657279
45273 6c697665
45274 696175
45275 6d6f756e74
45276 20666c756374756174696f6e73
45277 e59f8e
45278 c3ad656d
45279 2070756c736573
45280 20637269616ec3a76173
45281 ceafceb1cf82
45282 206261737461
45283 454e4e4953
45284 20d0bad0bed180d0bf
45285 2046756e6b
45286 20e98099
45287 c3a57274
45288 20d0b7d0b0d182d0b5d0bc
45289 20706172617369746573
45290 e38399
45291 20616972666c6f77
45292 205875616e
45293 47c3bc6c6d65
45294 20626c6f6f6d696e67
45295 206d756d6d79
45296 2062616f
45297 20436c6170
45298 616e74696373
45299 736b696e
45300 63656e74726963
45301 6265666f7265
45302 2052494348415244
45303 204861686e
45304 54414b45
45305 20d182d180d0b5d182d18c
45306 20707265737375726564
45307 204b75727a
45308 69737469
45309 20d0bdd0b0d188d0b5d0b3d0be
45310 2073656d69636f6e647563746f72
45311 20436c696e74
45312 20706c7570
45313 204f726967696e
45314 204576656e7473
45315 20eab1b1eca095
45316 6d7066656e
45317 4e4559
45318 204457
45319 20ebb681ed959c
45320 20696e666f726d73
45321 20666f72736b
45322 20616d696761
45323 2043696e63696e6e
45324 537472
45325 20706172697368
45326 20ecbba4ed94
45327 2073697a69
45328 20706c616e746174696f6e
45329 20626c69766572
45330 20d0bfd0bed0bbd0b8d182
45331 20737562646976
45332 2072616e74
45333 207072696e636970616c73
45334 e590a6
45335 206b756e6e65
45336 c3bc67656e
45337 6172657370616365
45338 2076616c6c616869
45339 20636f6c6c617073696e67
45340 d8a7d984d985
45341 206c69646572
45342 2074616d61
45343 206761676e6572
45344 726f6c6c65
45345 20eba790ec9480eb939ceb
45346 2063617468656472616c
45347 2057656273
45348 20506f6c6974696373
45349 e38197e381be
45350 e381a3e381a6e3828b
45351 2044656e6973
45352 2074756f
45353 2072656672616374
45354 20646973696e74656772
45355 73746573
45356 20d0bbd18ed0b1d0bed0b2
45357 2077696c74
45358 20747275737473
45359 206b6f6d756e
45360 204261736b6574
45361 7e2121
45362 6e6165
45363 20d09ad0bed0bb
45364 2073796c6c61626c6573
45365 2048656e7269
45366 204e6162
45367 d988d8b9
45368 20776e
45369 206b616d70
45370 20507261677565
45371 20427265616b66617374
45372 20eab7b8eb9fb4
45373 2063687574
45374 20333330
45375 20496e6475737472696573
45376 e4b88de7aea1
45377 2069c59f69
45378 20476f6c646d616e
45379 20c4b06e73
45380 75737361
45381 69746865
45382 8490
45383 20534f554e44
45384 d0b0d0bbd18cd0bdd18bd0bc
45385 2e28
45386 20d0b3d0bed180d0b0d0b7
45387 206461676567656e
45388 20ebae
45389 20776169746572
45390 6c656e677468
45391 20cf83cf84ceb1
45392 206368756e6b79
45393 5361
45394 207275737479
45395 204a7564697468
45396 373530
45397 2065706f7879
45398 ecb9a0
45399 e58fb2
45400 6d6574726f
45401 2072656a656374696e67
45402 2073717569736879
45403 20706c7570617274
45404 206dc3a97468
45405 206173706972696e67
45406 204472616d61
45407 2075706c696674
45408 a788eb8ba4
45409 2e2e2e2e2e2e2e2e2e2e2e2e2e2e2e2e
45410 a0a4ec9a94
45411 2074c3a9636e696361
45412 20706173616e646f
45413 54686f7365
45414 20d180d0b0d0b7d0b4d0b5d0bb
45415 206d6564696f637265
45416 204e69636b656c
45417 2073757065726865726f6573
45418 206d697373696f6e617279
45419 20506172656365
45420 20726f746174696f6e616c
45421 207072657474
45422 e3819de38186e3819de38186
45423 206c616d61
45424 2063616e796f6e
45425 206265746572
45426 2050726f766f7374
45427 2068766973
45428 2064656163746976
45429 2048656c73
45430 70666c69636874
45431 536f6d657468696e67
45432 20506965726365
45433 20eab280ecb0b0
45434 6c756e67656e
45435 2073697a696e67
45436 206c61746974756465
45437 204e6f6e657468656c657373
45438 6f6d6e6961
45439 2053616272696e61
45440 2044796e616d6963
45441 e583b9
45442 6f6e7461
45443 ec8690
45444 20646972656374697665
45445 204465706f74
45446 206675656c6564
45447 20657870697265
45448 20636f6dc3ba6e
45449 2053657875616c
45450 20476f7265
45451 20726573746c657373
45452 204a414b45
45453 d182d0b5d180d0b5d181
45454 20d182d180d0b0d0bd
45455 20486f6c7a
45456 e5b086
45457 204163746f72
45458 e69daf
45459 63616c6c
45460 20656d61696c6564
45461 2050656172
45462 d183d0b4d0b8
45463 d180d0b0d0bb
45464 206dc3a079
45465 204348454552494e47
45466 e5ae89e585a8
45467 2072657461696c6572
45468 2070726f7472
45469 20646973636172646564
45470 20484953
45471 206576616e67656c6963616c
45472 20456c7365
45473 206578706c6f726573
45474 20637269746963697a696e67
45475 6966696b
45476 207768697070696e67
45477 206f706973
45478 6f75736564
45479 46726565
45480 20ed8cac
45481 206d696373
45482 72756e6e696e67
45483 4f62
45484 697469c3a9
45485 206e65636573697461
45486 20446f6d696e6963616e
45487 2042616768
45488 2074656e64656e63696573
45489 204d6574726f706f6c6974616e
45490 c5916c
45491 20d0b7d0bdd0b0d0b5d0bc
45492 205a616d
45493 2044656164706f6f6c
45494 616c65c5bc
45495 20696e7665737469676174697665
45496 2050726f6e756e63696174696f6e
45497 20656d756c617465
45498 2062616e636f
45499 202de299aa
45500 e588bb
45501 206f76657261726368696e67
45502 6c6963686573
45503 20d0b2d0bed0b7d0b2d180d0b0d189
45504 205363617279
45505 204b6961
45506 e59c9f
45507 726f6e74696e67
45508 696e6e6564
45509 20db81d988
45510 ec8898eba5bc
45511 e7be8ee591b3
45512 77656c
45513 20ebb384eba19c
45514 20756e696e74656e74696f6e
45515 616153
45516 206e6963657374
45517 2054657374696e67
45518 204953494c
45519 6f67656e6f7573
45520 20d89f
45521 206c69657574656e616e74
45522 20627261756368
45523 20546972
45524 6472697665
45525 20746f6c6572616e74
45526 2073686f6f74657273
45527 20ec9888ebbb90
45528 e6aeba
45529 6f6e746f6e
45530 207465726961
45531 6965746574
45532 526f6e
45533 6c65696768
45534 676165
45535 206f6c6d616b
45536 20436c6f6e65
45537 736f6c64
45538 20736b656c65746f6e73
45539 20696e63756d62656e74
45540 d0bed0bcd0b5
45541 434f4e
45542 206c6576656e
45543 206d696c6c656e6e69616c73
45544 2065717561746f72
45545 204665646572
45546 20416c6578616e647261
45547 207672696a
45548 204865616c746863617265
45549 20ed9591
45550 20656d70686173697a696e67
45551 206469616c6f67756573
45552 206368696c6c6564
45553 2070726f77
45554 2050617373696f6e
45555 204c6164656e
45556 617269657374
45557 617068726167
45558 206164646974697665
45559 205374616174
45560 204e657074
45561 2048414d
45562 e0b980e0b8ad
45563 64617973
45564 20ed9688eb8d98
45565 20766f696c61
45566 20d185d0bb
45567 204465757473636865
45568 71756972
45569 4f70656e
45570 2072616e676564
45571 206c6576657273
45572 204d616e73696f6e
45573 7061726564
45574 20546974616e73
45575 61746f697265
45576 20656e6761676573
45577 79657a
45578 6e6164656e
45579 206f62737472756374
45580 20456d6d79
45581 e59586
45582 b0a5
45583 2074726f7068
45584 2074616b656177617973
45585 2b2e
45586 7479637a6e6965
45587 68c3a9736974657a
45588 20706f64c3ad61
45589 20eca3bceb8a94
45590 206369746174696f6e
45591 2041717561
45592 20646562756767696e67
45593 d0b2d0b0d0bd
45594 20eb8bb9ec8ba0
45595 20d8a7d984d98a
45596 20696e7374616e74616e656f7573
45597 20417574756d6e
45598 206b6570616461
45599 20676574616e
45600 68696e69
45601 796e746865736973
45602 20d0bfd0b5d180d0b8
45603 204d61636564
45604 506163
45605 756e7475
45606 427261
45607 20d0b3d0bed180d0b0d0b7d0b4d0be
45608 2031393539
45609 20d182d0b5d0bcd0bfd0b5d180
45610 2073616e65
45611 204f5552
45612 617375
45613 20ebacb4ec97
45614 2076616c6c657973
45615 206c697374696e6773
45616 2070727a656473746177
45617 2067756d6d79
45618 20636f727469736f6c
45619 204f62726967
45620 20416c6c696564
45621 d0bed0b6d183
45622 2067c3a96ec3a972
45623 20646f6373
45624 204368696c69
45625 20416264756c6c6168
45626 4b6974
45627 20636f6e7472696275746f7273
45628 d0b3d0bed180
45629 d0bbd0b5d180
45630 2062696e646572
45631 206d6f64c3a86c65
45632 ed8590
45633 20696e746569726f
45634 6d6973
45635 66657261
45636 d8a7d8b0
45637 4d616e6961
45638 20ed999ceb8f99
45639 20ebb490ec9a94
45640 204a617a
45641 e7bb93
45642 d196d0bbd18cd0bad0b8
45643 726973686e61
45644 20eab5b0
45645 2074616d616e686f
45646 206170706c69616e6365
45647 20526573697374616e6365
45648 204c4f4f4b
45649 20487970
45650 204865696c
45651 46697265
45652 756a75
45653 206865616c73
45654 206d616c74
45655 2056455259
45656 20d185d0bed187d0b5d188d18c
45657 206c696e676572
45658 204e617272
45659 20526567756c6172
45660 204c6f6f70
45661 204c656e6f
45662 20736f72746965
45663 205365727665
45664 20ec9db5
45665 204c7565676f
45666 697474c3a4
45667 20756e646573
45668 e8b3bd
45669 e5a682e69e9ce4bda0
45670 20736c697070657273
45671 206f6e6461
45672 20c490c3a279
45673 207461706564
45674 207472617665727365
45675 2072656c61746976697479
45676 20596f736869
45677 636a6f6e
45678 696c61746564
45679 6163746976656c79
45680 20d0a1d0bed0b2
45681 e68891e8a789e5be97
45682 20504f4c
45683 d0a0d098
45684 696e666c616d6d
45685 636865657266756c
45686 20d79ed790d7
45687 203e3e5b
45688 6d696e73746572
45689 20d0b2d0bbd0b8
45690 206964656e746966696572
45691 204c616d626461
45692 2074726f73
45693 20666c61776c657373
45694 2064657472696d656e74616c
45695 2062756e6c6172c4b1
45696 576172
45697 2072656769c3a36f
45698 e79c9fe79a84e698af
45699 2042696b65
45700 636573736f7273
45701 2063c3b96e67
45702 20524e
45703 20eabd83
45704 206bc3bcc3a7c3bc6b
45705 20426567696e6e696e67
45706 ed98b8eb
45707 2067657765
45708 2064656e6f7465
45709 20416c626572746f
45710 2070726f62696f74
45711 206f6465
45712 206d6f6c6172
45713 206275727374696e67
45714 617373756d6564
45715 20666f6f747072696e7473
45716 76656461
45717 20737465726f696473
45718 20666c616d696e67
45719 20456c6c6572
45720 2065726b656e6e656e
45721 c3a4747a656e
45722 206c6966656379636c65
45723 20444f55
45724 204b6172656e61
45725 20477565727261
45726 e8bf98e698af
45727 2073696e6973746572
45728 20706f64c3a96973
45729 207061726162
45730 206f6b6f
45731 206d6174c3a97269
45732 206361726963
45733 736f6e61726f
45734 20707261746963616d656e7465
45735 d183d181d0b0
45736 20636f6d756e717565
45737 20766967696c616e74
45738 20726567696d6573
45739 2053686f6f74696e67
45740 207261696473
45741 204e6f7261
45742 20576965646572
45743 6d656e73
45744 20d181d0bed0b4
45745 20eab2bdec9ab0ec9790eb8a94
45746 20d0b2d185d0bed0b4
45747 206175746f6269
45748 205363686e
45749 20526f62626965
45750 204669746e657373
45751 20d0bad0bed0bdd184
45752 2070656e6775696e
45753 d0bcd0bed182d180d18f
45754 20d0bcd0b8d0bdd0b8d0bc
45755 706c617973
45756 2064656c656761746573
45757 4d6572
45758 2073697374656d
45759 204d69636861656c73
45760 6d616c65
45761 d8a7d8b9
45762 2063c3a16368
45763 2048c3a4
45764 20d799d795d793d7a2
45765 207375706572706f776572
45766 207374726f6e
45767 20726f766572
45768 2064c3a970656e64
45769 e999b3
45770 207265746972696e67
45771 2076616d7069726573
45772 206d65726465
45773 204368616e67696e67
45774 2074616d65
45775 2073706f6b6573706572736f6e
45776 20636179
45777 20666c697274696e67
45778 204772c3b6
45779 2077c3a472
45780 20777962
45781 20636f657572
45782 e1baa16e68
45783 20ec9980ec849c
45784 20636f6e6e616973
45785 2048756e6472656473
45786 20426561
45787 20ceb1cf80
45788 7072756368
45789 20736f63696564616465
45790 205768696c7374
45791 204b616974
45792 657370616365
45793 2063686961
45794 2045726d
45795 20ebb094eabf
45796 2066656e636573
45797 204d6f7274616c
45798 eab281
45799 20d0b3d180d0b0d184
45800 20486f6d656c616e64
45801 204a554e
45802 69737374
45803 207061726c6172
45804 2073706f727479
45805 c3a96f
45806 2064656570656e
45807 204265686176696f72
45808 e9808f
45809 e59388e59388e59388
45810 20657272616e64
45811 20726f74617279
45812 2057656c6c696e67746f6e
45813 57696e64
45814 206d6573656c61
45815 e1baa36e67
45816 69656e6465
45817 20657863656c6c
45818 2047656e697573
45819 204564756172646f
45820 e69c89e4baba
45821 20c59f756e75
45822 20c4b07374616e62756c
45823 2070726f6475746f
45824 20e3858ee3858e
45825 4f4646
45826 20776f6c6c74
45827 e78886
45828 20eb89b4ec8aa4
45829 206c617373
45830 20686572747a
45831 2061726f6d61746963
45832 20d0b7d0b2d0bed0bd
45833 206175746f63
45834 204c757374
45835 20313132
45836 20ce97
45837 20726576696577657273
45838 20726563657074697665
45839 e5b08de4ba86
45840 c3a26e64
45841 6f676c6f
45842 20ec9584eb8b99
45843 206e676f
45844 d196d182d0b8
45845 c3a574
45846 636f6e6f
45847 2074656b726172
45848 20eca3bceab3a0
45849 2067656c6d69c59f
45850 2062656474696d65
45851 2041726768
45852 414441
45853 20d0b3d0bed180d0bed0b4d0b0
45854 20c487
45855 20616c6c69616e636573
45856 676967676c696e67
45857 207965726465
45858 207370696573
45859 206775746573
45860 c3a769
45861 20616c6c746964
45862 204c6168
45863 9e90eb
45864 20646f6bc5826164
45865 d988d98a
45866 20746f786963697479
45867 2063616e63656c6c6174696f6e
45868 2031393538
45869 64726f
45870 20ec9e91ec9d80
45871 204d6f746f726f6c61
45872 206d756c74696e
45873 20656e746875736961737473
45874 204d6967687479
45875 20436f636f6e7574
45876 3ae3808c
45877 205069637475726573
45878 2073616e677265
45879 20626c696e6b696e67
45880 6f6c65736f6d65
45881 20ec8aa4ed8380ec9dbc
45882 4650
45883 20626f6f6d696e67
45884 20d0b4d0b5d181d18fd182
45885 2072617463686574
45886 2074696d656c696e6573
45887 6c656e657373
45888 206361676573
45889 20476f6f646e69676874
45890 6f6d6574696d6573
45891 2063756e6e696e67
45892 205269736b
45893 756c6564
45894 64616465
45895 207072617461
45896 20677573746172c3ad61
45897 616d7573
45898 204a696e70696e67
45899 20657374727574
45900 20646573636f62726972
45901 204dc481
45902 20416c6c616e
45903 20e58886
45904 20d79cd7a7
45905 2070726573657276
45906 2053747261776265727279
45907 c48f
45908 4c75
45909 206b726f
45910 205265706f727473
45911 ec8594ec95bc
45912 2076616c74
45913 20706f7576616974
45914 206170706172
45915 20426f6e65
45916 2070726566657261626c79
45917 20526570c3ba626c696361
45918 e5b0b1e588b0
45919 206865727a6c696368
45920 206368696d6e6579
45921 20c3a76576
45922 207669736173
45923 2076657272
45924 2063756c7469766174696f6e
45925 2041726d656e6961
45926 20d0b2d0b4d180d183d0b3
45927 20636f636b726f
45928 72657463686564
45929 6172747a
45930 20d0bbd18ed0b4d18fd0bc
45931 20706f6cc3ad7469636173
45932 2050616e7a
45933 20414b41
45934 20eb888ceb9fac
45935 206572726f
45936 2063616d706572
45937 20313032
45938 e0a4b8
45939 646f6e65
45940 20686f617264
45941 20d09fd0bed182d0bed0bc
45942 6a656f6e67
45943 206465737461
45944 70616b
45945 20696e696d
45946 2067726f77657273
45947 204d657373616765
45948 20656c6563746f72
45949 656e67616765
45950 20466f72626573
45951 2043696e63696e6e617469
45952 2064696666c3a972656e6365
45953 6466
45954 2073706172
45955 20617761697473
45956 2055535352
45957 20526973696e67
45958 20486fc59f
45959 20666f6f74696e67
45960 20636f6e646963696f6e6573
45961 d182d0bed180d0bed0b2
45962 20636c696e696369616e
45963 204469736b757373
45964 e5a393
45965 d7a8d792
45966 d7a5
45967 6974656974
45968 6772656e
45969 206368617269736d61
45970 206c65756b65
45971 2069727269746174696e67
45972 206369726361
45973 2052686f646573
45974 2070696f72
45975 2068616e6469636170
45976 726f7961626c65
45977 2076756c6c
45978 4f47
45979 20696ec3ad63696f
45980 69657269
45981 2073706c617368696e67
45982 2064656d697365
45983 206173736973746972
45984 d187d182d0be
45985 20636f76657274
45986 20477564
45987 e0b889
45988 6b6cc3a472
45989 20ec9e90eabeb8
45990 20766572c3a46e64657274
45991 2052454d
45992 20436f6e76656e
45993 61746765
45994 207069657277737a65
45995 20636c65726779
45996 6c696e67746f6e
45997 6c6976
45998 56504e
45999 20d181d0bed0b6d0b0d0bb
46000 2048617465
46001 e381a8e38193e3828d
46002 cf86cebf
46003 20526573706f6e73
46004 d0bed0b7d0b4
46005 2065746d656b
46006 206368656d696e
46007 d985d8a9
46008 20eab080eca1b1
46009 547265
46010 20756d6173
46011 20427572746f6e
46012 20706174726961726368
46013 20536d697468736f6e69616e
46014 a598
46015 4d6f6f6e
46016 416972
46017 206d6564696f73
46018 20657261736572
46019 20776f6c6c74656e
46020 2070617265696c
46021 2042696c6c6965
46022 e68abd
46023 d0b5d180d182d0b2
46024 207061726c616d656e74
46025 2061676f6e79
46026 20515545
46027 73657175656e746c79
46028 416e6f74686572
46029 2057686577
46030 20416e6e75616c
46031 20736562656e
46032 ec8381ec9d84
46033 76616c756573
46034 9e9ceba78c
46035 2073696e6f6e
46036 657265616c
46037 20456e6c69676874
46038 204368656d6973747279
46039 20436174616c756e7961
46040 20646f637472
46041 616e746f6e
46042 207374756b
46043 20506c617465
46044 204b61726461736869616e
46045 2066696c6f73
46046 20576574
46047 20d0bfd0bed0bfd18bd182
46048 20756e6b6e6f776e73
46049 205363686f6e
46050 2042616c6477696e
46051 2074656c6573636f706573
46052 204775636369
46053 6f78696465
46054 20436f6e736572766174697665
46055 ec84b1ec9d84
46056 2068696e617573
46057 506f776572
46058 20eab1b4eab095
46059 207072657661696c
46060 6f726d616e
46061 6d616368696e65
46062 2031393436
46063 20756e62656c
46064 20736368617574
46065 207069656c
46066 65656e7468
46067 206f626a6563746976656c79
46068 206368616b7261
46069 617564696f
46070 20636869636f73
46071 205661756c74
46072 e5b088
46073 206d65646963696e616c
46074 205461696c
46075 5768696c65
46076 2061737068616c74
46077 2066726f7a65
46078 20454b
46079 756e6368696e67
46080 6e6f736973
46081 32303135
46082 20477269
46083 206f64646c79
46084 204dc3a472
46085 20416567
46086 636f6c6f
46087 506172
46088 20eb93a4ec96b4eb
46089 2076696e64656e
46090 204f564552
46091 2069636564
46092 2073636f7270
46093 20686163
46094 7175616c6966696564
46095 20d183d0b2d0b8d0b4d0b5d182d18c
46096 65726d6f
46097 48454e
46098 20736f69
46099 206d756c7469706c6573
46100 206c61796f757473
46101 20626c696e646e657373
46102 20426f77736572
46103 20d0bfd0bed0b4d182
46104 20c38e
46105 76656e74696f6e616c
46106 206d617461
46107 6d6164c4b1
46108 206765657a
46109 20636164656e6365
46110 207761c5bc6e65
46111 204368726973746965
46112 76656e6765
46113 43616c6c
46114 207475726e61726f756e64
46115 20626c6f62
46116 20d0afd0ba
46117 20566f6963656f766572
46118 20706572696c
46119 204a61696d65
46120 20484f59
46121 6c616e65
46122 20736562656c
46123 2044756f
46124 20486973746f726963616c
46125 20646e69
46126 2067656d61
46127 796b
46128 20736162656d
46129 e1baaf6e67
46130 2076617273
46131 20526f6e6e6965
46132 20526f6e616c646f
46133 205065727175c3a8
46134 6e73696e6e
46135 68616972
46136 2072656c656e746c657373
46137 206c796e
46138 2074726176656c6572
46139 e6808ee9babce4ba86
46140 6e696e65
46141 20616e74696d
46142 20ecbc80
46143 20736e6f7762616c6c
46144 20d185d0b0d180d0b0d0bad182d0b5d180
46145 20696e7465726e73
46146 20636f6e7374697475656e6379
46147 20d09dd0b0d0bc
46148 d79cd79c
46149 56454c
46150 2076696b74696774
46151 2061706f796f
46152 d984d8a8
46153 206a617264
46154 20686569676874656e6564
46155 d180d0bed181d182
46156 20534d495448
46157 20d0b4d0b5d0bbd0b0
46158 20726570616972696e67
46159 2072696774
46160 20536865696b68
46161 20427269746e6579
46162 20657665727974696d65
46163 20616476656e7475726f7573
46164 6f636b6579
46165 65726e74
46166 20617461717565
46167 20416c7465726e61746976656c79
46168 656666656374
46169 2070616c6176726173
46170 20456c6c696f7474
46171 2072c3a975737369
46172 20687970657274656e73696f6e
46173 204d616e75616c
46174 2070726f706865746963
46175 2068616e6463
46176 d18cd0b5
46177 207265667261696e
46178 205371756964
46179 ec9ea1
46180 20d0bad0bed0bcd0b0d0bd
46181 c3a46c6c656e
46182 206c6c6567c3b3
46183 2062617368
46184 696f6e79
46185 20d181d0bad0bbd0b0d0b4
46186 20d0bad0b0d0b1
46187 20636172656c657373
46188 20506f6f6c
46189 207472c3a173
46190 2066696c73
46191 2053636872
46192 20737072617764
46193 204d6f6e6174656e
46194 20756e666f726765747461626c65
46195 20436f74746f6e
46196 20696e636f6e76656e69656e74
46197 205258
46198 6f726973
46199 2068756d626c6564
46200 d7aad797
46201 20d8a2d9be
46202 20696e637265c3ad
46203 204b6f6d6d656e74617265
46204 e88892
46205 72616369c3b36e
46206 2076616e74616765
46207 205365616c
46208 20ec9db4eab1b0eba5bc
46209 206a6f7565
46210 e3819de38186e381a7e38199e381ad
46211 20ec98a4eb9e98
46212 20d0b8d181d0bfd18bd182
46213 6f62656e
46214 206772617465
46215 20636f6e74726f6c65
46216 205065726379
46217 c582616461
46218 2073696d756c74616e656f7573
46219 2070726f746f7479
46220 2067726fc39f6572
46221 2062657775737374
46222 696e697a69
46223 2070617373696572656e
46224 2048617070696e657373
46225 e58987
46226 736869
46227 67656874
46228 2073746174696f6e6564
46229 2045726765626e6973
46230 20646972656374616d656e7465
46231 207375727669766573
46232 20706572736f6e6573
46233 42455247
46234 20766f6d6974696e67
46235 20636f6e6865636572
46236 2061646a6f7572
46237 204369766963
46238 706569
46239 6275727374
46240 20eb8ba4eb8b88
46241 e98f
46242 20736c6564
46243 20706c617461666f726d61
46244 2053656374
46245 20446566696e
46246 e799bbe98cb2
46247 c3a96e6f6d
46248 63686e6574
46249 2070726f6669746162696c697479
46250 206572726569636874
46251 e1bb8f69
46252 636174696f6e
46253 20eca780eab8
46254 20706572647265
46255 2066656c6f6e79
46256 2031393537
46257 e68891e5be88
46258 20756e7375636365737366756c
46259 206e6167796f6e
46260 20656c6173746963697479
46261 20666163616465
46262 2065617274686c79
46263 20d0b0d0bcd0b5d180d0b8d0bad0b0d0bd
46264 20636f6e6e
46265 636c61
46266 4475
46267 20706f6c69746971756573
46268 2068616c6f
46269 69616e746573
46270 20d0bcd0bed0b5d0b9
46271 e383b3e38389
46272 746f6e6573
46273 656c696572
46274 e8ae9a
46275 6874616b696e67
46276 207769636874696765
46277 20616e6e6f
46278 204c6f6b
46279 696c6c696f6e73
46280 207669766572
46281 20736f6c6368656e
46282 20737566
46283 2053616c7a
46284 204e7669646961
46285 7a756765
46286 205370696b65
46287 566964656f
46288 2074776f72
46289 20416c61
46290 e89189
46291 2068616e7961
46292 2041646d
46293 ec9db5
46294 2050617469656e74656e
46295 204f6e696f6e
46296 204b6f6265
46297 205363656e65
46298 2052617368
46299 e6a899
46300 d180d0b0d181d182
46301 697374616e69
46302 47656e6572616c
46303 6c657965
46304 696d626170
46305 20636f6e6365616c6564
46306 2046726964617973
46307 20576f6f6c
46308 20d0bdd0bed0b2d18bd185
46309 d8b4d8b1
46310 20eab2b0eab3bc
46311 206a65646f6368
46312 b4ec8b9c
46313 93a4eb8f84
46314 20ec9ea5eb829c
46315 756b74
46316 4c6f75
46317 20eba8b9ec96b4
46318 20457870656374
46319 20d0b4d0bed0bcd0bed0b9
46320 206972726573706f6e7369626c65
46321 20616365726361
46322 205a757374
46323 d7a8d798
46324 5549
46325 20796f75747562657273
46326 20506f736974697665
46327 20736f63696f65
46328 20736e61746368
46329 e8838c
46330 20726566726573686564
46331 206e6f6d696e6174696f6e73
46332 2050617474
46333 206f62736f6c657465
46334 2064656d69c59f
46335 e58fa4
46336 6f726d75c59f
46337 20ec8694eca781ed9e88
46338 20666c61
46339 206372617a69657374
46340 205a6965
46341 2054c3ba
46342 7a6570
46343 6963656d
46344 20eba98bec9e88
46345 2063796e6963616c
46346 e3819de38293e381aa
46347 207472657370
46348 206372617a
46349 d5a5d5
46350 206e656c6c65
46351 206d7068
46352 204e65726564
46353 204b6f62
46354 2045636b
46355 a8b8eb8b88
46356 4a616e
46357 20d0a2d0bed0b3d0b4d0b0
46358 2064656369
46359 20566f67
46360 20627562626c696e67
46361 e98080
46362 c3ba61
46363 2070726f647563746f73
46364 69626572616c
46365 207265706c696361746564
46366 20496d70726f7665
46367 696c6c617279
46368 436861
46369 2072c3a96475
46370 8390ed9598eba9b4
46371 20636f6e6e6f74
46372 204b726974
46373 20d0b4d183d185d0bed0b2
46374 2074726561646d696c6c
46375 205057
46376 20d0b7d0bed0b2d183d182
46377 20636c616d73
46378 206472616674696e67
46379 2031393536
46380 756e7461
46381 20657870656e64697475726573
46382 20486f6f766572
46383 574f4f
46384 d188d0b5d0b5
46385 20646564756374696f6e
46386 6d6f6e617279
46387 207265636962
46388 20706f766f
46389 20eb8d94eb
46390 2050414c
46391 20426c6f77
46392 20777970
46393 20646573746163
46394 6465616c
46395 477261656d65
46396 206ec3a96365737361697265
46397 2064616d6e6564
46398 2031393338
46399 20ec8ba4eca09ceba19c
46400 2074726f6f70
46401 20696e736967687466756c
46402 20544a
46403 20d0bed181d0b2
46404 20666964656c697479
46405 20536b6970
46406 204d61796f
46407 eba79d
46408 61707065
46409 20626c6173
46410 205759
46411 20474e
46412 63746172
46413 5375
46414 206375656e74
46415 68657773
46416 20636f7270736573
46417 416273
46418 2077617374657761746572
46419 206369656b
46420 204f6e75
46421 206578706c6f7369766573
46422 2061726d61
46423 205354455048414e
46424 706f6c6974696b
46425 204f73616b61
46426 7461c582
46427 20796170c4b1796f72
46428 20697a7175696572
46429 2062656c657a61
46430 205779617474
46431 e590b8
46432 2073756b
46433 20737065636a616c
46434 2064616e6b65
46435 77686973746c65
46436 2066c3ad73696361
46437 2048617272696574
46438 20ec9584ed8c8c
46439 2077696c6c6b6f6d6d656e
46440 6970696e67
46441 20d181d0bcd0bed182d180d0b8d182d0b5
46442 20d0bcd0bed0b6d0b5d188d18c
46443 20696e6163637572617465
46444 206172726f67616e6365
46445 2052656d6f
46446 ceb3ceac
46447 6173736564
46448 2064656c69766572696573
46449 207374696e6b79
46450 20d0bfd0b5d180d0b5d0b6
46451 6a6179
46452 207472616e736974696f6e616c
46453 2072657265
46454 204e474f73
46455 2041544d
46456 d8aed8aa
46457 696f6c6f6779
46458 20d0b2d0bbd0b0d0b4
46459 207363686d65
46460 205368696e65
46461 ec95a1
46462 70616e7473
46463 207365726765
46464 2073656e686f72
46465 20616264756374
46466 20427279616e74
46467 564553
46468 206177616b656e6564
46469 204c617a
46470 726f706f6c6973
46471 204c616f
46472 e8be9be88ba6
46473 2076696c6c61
46474 2073756d6d657273
46475 20656e7468616c
46476 2031393439
46477 566961
46478 20ec96b4eca8
46479 2074656e646f6e
46480 2076696f6c6574
46481 20696e74656c6c65637475616c6c79
46482 20626f756e636564
46483 6172617573
46484 2031393139
46485 207672616167
46486 207370656c
46487 20536368776172
46488 53636f7474
46489 20496e646f
46490 20eba79d
46491 2063616e6f6e6963616c
46492 20494b45
46493 2074686174c3ad73
46494 206d656c6c616e
46495 e6af92
46496 69676d6174
46497 436f756c64
46498 2e2e2e3f29
46499 20666f61727465
46500 204b756d6172
46501 72656e646f
46502 20c3a96cc3a9
46503 e0b4
46504 76616c756174696f6e
46505 6361736573
46506 20696e747569746976656c79
46507 686f6e67
46508 6574746564
46509 20736f7576656e
46510 206d6f7262
46511 20636f7273
46512 204e56
46513 20486173616e
46514 e68385e586b5
46515 6965766564
46516 20eca780eab888ec9d80
46517 2064756d706c696e67
46518 20636f6e7472c3b46c65
46519 20616d62696775697479
46520 e6a99fe69c83
46521 20636f67
46522 2053637269707475726573
46523 20636169
46524 206265766572
46525 e5a4a7e5aeb6e983bd
46526 2068756973
46527 2061696d65
46528 2065726b6cc3a472656e
46529 204c4d
46530 20466579
46531 e99abe
46532 e0aeb1e0aea4
46533 2073757065727669736564
46534 206a657765
46535 73706c
46536 20d186d0b5d0bdd182d180
46537 20636f6c6c6973696f6e73
46538 d984d981
46539 20486f677761727473
46540 2044757268616d
46541 d795d7a3
46542 2070686f737068617465
46543 206f766572736565
46544 20696e7370656374696f6e73
46545 206272696e63
46546 205a616b
46547 207061796f6666
46548 206368617564
46549 2048756e676572
46550 c3a36f73
46551 766972
46552 206669616e6365
46553 20626f7567
46554 6c69766564
46555 637279
46556 e59b9ee4be86
46557 206a6f696e746c79
46558 206769726c667269656e6473
46559 204e65787573
46560 a6aceab2a0ec8ab5eb8b88eb8ba4
46561 204b77616e67
46562 e59388e59b89
46563 e5a791
46564 c582c499
46565 204e6564656e
46566 69656365
46567 20696e73657274696e67
46568 e69f93
46569 204d756d6d79
46570 20476c6f6265
46571 206c6565
46572 206765726d616e
46573 20637265616d73
46574 6163686f
46575 206368c6b061
46576 2047616c696c65
46577 2066c3bc7273
46578 2065737469766572
46579 6369646f73
46580 43687269737469616e
46581 206c6f72737175
46582 20637574657374
46583 76616c65
46584 20d0bad180d0b5d0bf
46585 2077617279
46586 20736c6963696e67
46587 206573706572616e646f
46588 2056616e646572
46589 204465697861
46590 2031393534
46591 206dc3b37769c485
46592 d196d194
46593 20746f6f6c696e67
46594 20726573746f72
46595 20706f73696369c3b36e
46596 20696e74656e746172
46597 20417061636865
46598 4f554c
46599 20d988d8a8
46600 206d617469c3a87265
46601 e383bce38293
46602 206c696e656e
46603 20657374726174c3a967
46604 204d75747461
46605 e9a1af
46606 e8a18ce4ba86
46607 2070617274696e67
46608 206d696e696d697a696e67
46609 2061707072656e647265
46610 e69c9d
46611 20d0b0d0bdd0b3d0bbd0b8d0b9
46612 20446f6f
46613 2046697265666f78
46614 63c3b36d6f
46615 2067656f706f6c6974
46616 206d616b616e
46617 206d6f67656c696a6b
46618 20cf80ceb5cf81ceb9
46619 2063e1bba9
46620 20696e7374616c6c6572
46621 20646962756a
46622 204865617468
46623 6c6f6f70
46624 2042726f6b656e
46625 4859554e
46626 7368656c66
46627 2066697a6572
46628 20656e68616e636573
46629 e4be8be38188e381b0
46630 20d0b4d0bed181d182d0b8
46631 20505542
46632 204b6f6c6c6567696e
46633 2061747461696e6564
46634 c4be
46635 206d69737472657373
46636 204f6674656e74696d6573
46637 d79ed799d79d
46638 2062657765
46639 20536f7261
46640 726175656e
46641 6261756d
46642 20726f6c6c657273
46643 206d6572696e67
46644 20504143
46645 20d0bdd196
46646 2052c3a97075626c69717565
46647 20d182d180d0b0d0b2
46648 2056616e6775617264
46649 7563696f6e6573
46650 20ebacb4eb8c80
46651 20676f7572
46652 afa4
46653 20cf89
46654 207361756e61
46655 207065696e65
46656 2056616c65726965
46657 2053696b68
46658 66656e64696d697a
46659 6265726f
46660 20d187d0b8
46661 20646fc59b77696164
46662 204575726f73
46663 20636f6d6d656e746169726573
46664 20747765616b73
46665 20466173746572
46666 20d180d0b0d181d0ba
46667 2070726f67726573736976656c79
46668 2045756368
46669 626f726f
46670 20496e67726564
46671 436170
46672 20756e636865636b
46673 20ec98a4eba5b8
46674 20777265
46675 204654
46676 c3b672756e67
46677 206d656d6f72697a6564
46678 2044696e6e6572
46679 2050686577
46680 6f75626c
46681 2070757461
46682 2061646d697473
46683 d0b5d0b7d0b4d0b5
46684 6f706f64
46685 2070616e6461
46686 2068696e676573
46687 63697065
46688 207472616e73616374
46689 20706f646961
46690 2070696373
46691 20637269746572696f6e
46692 204f7263686573747261
46693 20426c6f67
46694 20736f6c656d6e
46695 205069786172
46696 5468726565
46697 20d0b2d0bdd0b8d0b7
46698 20566f6c756e7465
46699 20536176616765
46700 20505643
46701 20436166
46702 2077796b6f6e
46703 2067726164657273
46704 2063726f756368
46705 20636c69636865
46706 20736f796265616e73
46707 204d5552
46708 20476f6e7a616c657a
46709 204d696d69
46710 20426f6c736f6e61726f
46711 206469617068726167
46712 2062696c616e67
46713 eb9098eb8a94
46714 e982a3e68891e58091
46715 20726567756c6174696e67
46716 4d63
46717 4a75646765
46718 20d0bdd0bed0b6
46719 206a616bc485
46720 697465737365
46721 2057696a
46722 206c617461
46723 67726f616e696e67
46724 504f53494e47
46725 20d790d795d7aad795
46726 2068616761
46727 2067726f756e64696e67
46728 2076696f6c656e746c79
46729 2074696c6c73
46730 20656e676167
46731 20486f6c6c6f77
46732 20d0bfd0bed0bfd183d0bbd18fd180
46733 207770726f776164
46734 207265706c61636573
46735 20666c756f72657363656e74
46736 7572676963616c
46737 6967676c79
46738 20547261646974696f6e616c
46739 747465
46740 20d984d987
46741 2070686f7370686f727573
46742 206170726f6e
46743 20576174657273
46744 204b756c747572
46745 d0b0d0b2d0b0d0b9
46746 206f6c69766573
46747 20d794d790d79c
46748 207465696c7765697365
46749 2073656e63696c6c
46750 207072656e6473
46751 206e6172726f776572
46752 206ac3a4747465
46753 20496e666f726d6174696f6e656e
46754 ec8381ec9db4
46755 20737461727665
46756 20667269636b
46757 204265776567
46758 e0a4b2
46759 20646f6c7068696e
46760 204c41554748544552
46761 20494e544552564945
46762 e59489
46763 2079616e6cc4b1c59f
46764 20746f727065646f
46765 2073686f727461676573
46766 ec9db4eb939c
46767 c4b16c64c4b1
46768 2070617773
46769 206f7a6f6e65
46770 2063756c74697661746564
46771 20466f74
46772 206e6f746f72
46773 d0bdd0bed0b7
46774 20d0bad0bed188
46775 20746f75636873637265656e
46776 20416c6c79
46777 e69c80e8bf91
46778 20eba79bec9e88ec96b4ec9a94
46779 20d0a1d0b5d180
46780 20d0b2d0bfd0bed0bbd0bdd0b5
46781 2070617072696b61
46782 2044757374696e
46783 2065666563746f
46784 206f70696e69
46785 206d757574
46786 2068e1bb8d63
46787 20696e7465726a656374
46788 c49974
46789 206275747473
46790 7572657a
46791 2050696b65
46792 20486f6b
46793 204775696e6561
46794 2043617468656472616c
46795 2031343030
46796 437261
46797 2b2c
46798 eba79b
46799 b3b4eb8f84eba19d
46800 61627972696e
46801 20766964656f67
46802 20d0bed180d183d0b6
46803 2075c5be
46804 2062757363616e646f
46805 20417373697374616e6365
46806 e999bd
46807 206d656c686f726573
46808 eca1b4
46809 20eb81bc
46810 20524a
46811 20d8aad985
46812 206f6d696e
46813 206d6f746f726379636c6573
46814 2053617070
46815 20737570706c79696e67
46816 20416c67756e
46817 206165726f7370616365
46818 d7a2d79c
46819 6f63637570
46820 6c65697374
46821 20eab1b0eb8a94
46822 20636f6d706c657461
46823 62726573
46824 2128
46825 20d09fd180d0b5d0b4
46826 20646973616476616e7461676564
46827 20417474656e64
46828 204a75646168
46829 e1bb8b6368
46830 796c656e65
46831 6163746c79
46832 20736574757073
46833 20616d6d6f6e6961
46834 205363687765697a
46835 205368616d65
46836 2062616e6465
46837 204675656c
46838 2074726f75626c65736f6d65
46839 206e756d65726f
46840 204d4f4d
46841 20d0bfd180d0b5d0b4d0bbd0b0d0b3
46842 6d656e74696f6e6564
46843 20d0b1d0bed0bbd18cd188d0bed0b5
46844 2056696b746f72
46845 205374796c6573
46846 20637275636966696564
46847 7275637475726564
46848 656e7669726f6e
46849 206d6f72616c73
46850 206d656469746174696e67
46851 20617869616c
46852 6973616e6365
46853 2041627374
46854 477265656e
46855 20eab1b4ec
46856 207175616472616e74
46857 207065726769
46858 2063616d6572616d616e
46859 2053657175
46860 20706175736564
46861 204c61756768696e67
46862 eab780
46863 3f2e2e
46864 20c5bb65
46865 207065726d69746972
46866 206465746563746f7273
46867 20485544
46868 6176616c
46869 20ec97aceab8b0eab98ceca780
46870 2068756273
46871 2062657374696d6d74
46872 20d0b1d183d0b4d0b5d182d0b5
46873 494e544552504f53494e47
46874 2074656e67616e
46875 206372617665
46876 2042756e646573726567696572756e67
46877 20426c6f6f6479
46878 2075736162696c697479
46879 20456173
46880 20c491e1bb996e67
46881 2031393535
46882 206b72696567656e
46883 20686162697475616c
46884 20657373656e7469616c73
46885 72696d696e616c
46886 20726f6f6d6d61746573
46887 e982a3e5b0b1
46888 20d0bfd0b5d180d0b5d185d0bed0b4
46889 206e676869
46890 206d656e696e67
46891 2053796d70686f6e79
46892 20487567
46893 61676769
46894 2077696564
46895 206d69746164
46896 e381a3e381a6e38184e38186
46897 7465656e7468
46898 696461c487
46899 53617665
46900 20726f6269c487
46901 20626f756e636573
46902 b096ec9790
46903 7374617273
46904 20707261676d61746963
46905 20636f676e6974696f6e
46906 2077726170706572
46907 2077617274656e
46908 616468
46909 2070656e7361
46910 20486572747a
46911 206ec49b
46912 2052656964
46913 20504373
46914 204d6f6c65
46915 202e2e2e2e2e
46916 2070726563696f
46917 204368616d70696f6e7368697073
46918 eab080eb9dbd
46919 2076c3a972
46920 20636f727269646f7273
46921 20456c656374726f6e6963
46922 536c
46923 20d0b0d0bbd0b5
46924 206f7665727468726f77
46925 206b6162756c
46926 20524553
46927 20437962657270756e6b
46928 d0bed0b3d0bed0b4
46929 20d09dd0b0d0b2
46930 2077616e
46931 206d616e69666573746174696f6e73
46932 206375616c6573
46933 2057697365
46934 204cc3b673756e67
46935 206578666f6c
46936 206561726e73
46937 d183d181d182d0b8d182d18c
46938 2073617070
46939 20427261756e
46940 204252414e444f4e
46941 ecb999
46942 2073616e6f
46943 2046454c
46944 d18bd0b2d0b0d0b9d182d0b5d181d18c
46945 d0bed0b6d0b4d0b5d0bdd0b8d18f
46946 207365776e
46947 46756e
46948 207265636970726f63616c
46949 20657870616e73697665
46950 2054726166666963
46951 206b74c3b37265676f
46952 20d988d8b3
46953 e698a5
46954 20ebb9a8
46955 70726f7665
46956 6967617265
46957 206c6f68
46958 d8a7d8b6
46959 486f7065
46960 206465766f74656573
46961 20476f6d
46962 20737465616c73
46963 20556d73
46964 205477696365
46965 e382b2
46966 6979696d
46967 2072687974686d6963
46968 20566f727465
46969 20707265666978
46970 6f6d696e6174696f6e
46971 206461746f
46972 2063757374617264
46973 20564f494345
46974 e5b79e
46975 206d656e79
46976 6973746f7273
46977 20ed9891
46978 20ec82b4ec9584
46979 20ed8384
46980 206b6f7274
46981 20616261
46982 2056657261
46983 657079
46984 20ecb9b4eba994eb9dbc
46985 207375626d6572676564
46986 20436c6f636b
46987 207468756d626e61696c73
46988 20626f617374
46989 2046617265
46990 21215d
46991 20c59b6d
46992 206b61696b6b69
46993 20546563686e6f6c6f67696573
46994 ec99b8
46995 e38392
46996 d0b8d182d0b0d0b9
46997 e5b08fe69982
46998 20d0b0d182
46999 206b6e6f6273
47000 20726569636874
47001 c6b0e1bba36e67
47002 676c696f
47003 20eba79bec9db4
47004 eab090ec9d84
47005 206a6f746b61
47006 2048616e6479
47007 20486162656e
47008 6e6f7573
47009 20696e6c616e64
47010 20616d617a6f6e
47011 686f6f74696e67
47012 534c
47013 206c65697374656e
47014 7e22
47015 2070726f766f6b65
47016 205477697374
47017 20d791d797
47018 206465706172746564
47019 eab09ceba5bc
47020 206b6f6e7365
47021 2043617277796e
47022 ed9598ec8ba0
47023 6964656e74616c
47024 4553434f
47025 207474656f6b626f6b6b69
47026 2064697a656e646f
47027 e7b7b4
47028 c4b16e64616b69
47029 696d617375
47030 61666172
47031 206c616e6466696c6c
47032 20636f7272656374696e67
47033 20636c65617273
47034 204e756d6d6572
47035 48414d
47036 2063617274726964676573
47037 2044696573656c
47038 7061636564
47039 206f626c6976
47040 206d6f79656e73
47041 2053696e6e65
47042 205072656973
47043 696c697a
47044 20d181d0bcd0bed0b6
47045 2062726f6164656e
47046 e4bb96e698af
47047 786573
47048 20636172626f68796472617465
47049 ed98b9
47050 73656f6b
47051 206563686f6573
47052 2063657373
47053 ebb094
47054 20d0b1d0b8d0b7d0bdd0b5d181
47055 206c6c616d61646f
47056 20657373656e74
47057 20ec9dbcebb098
47058 204169726573
47059 7068656e
47060 207a65627261
47061 2073796d626f6c69736d
47062 4f6e6365
47063 207261636b73
47064 204b61666b61
47065 20d181d0b5d180d18cd0b5d0b7
47066 2073696e6e
47067 706963696f7573
47068 6b6161
47069 206d6f746865726675636b6572
47070 2061707072656e7469636573686970
47071 2072706d
47072 207461786174696f6e
47073 206675727279
47074 20536163726564
47075 20d180d0b0d0b7d0bc
47076 706f7261
47077 656e676573
47078 20ed9788eb
47079 20d181d0b8d0bd
47080 2073616e6974697a6572
47081 206372696e6765
47082 20536361
47083 d0bed187d0bdd0be
47084 206f66657265
47085 206d656c6f64696573
47086 2056656c766574
47087 204968726572
47088 20487962726964
47089 2047696f76
47090 20697267656e64776173
47091 20646570656e6465
47092 205573657273
47093 2068756d70
47094 64726976696e67
47095 207366
47096 20727574686c657373
47097 e0b980e0b884
47098 206c656d6f6e73
47099 2066c3b6726574
47100 204f6a
47101 20d0bcd0b0d0bcd0b0
47102 20696e746572706572736f6e616c
47103 20676576
47104 2061626e6f726d
47105 d0b8d181d0bb
47106 20d0b8d0bdd0b4
47107 206b6f6e74726f6c6c
47108 20726567726573
47109 206c65646765
47110 2065727ac3a4686c74
47111 2054616374
47112 206172726976c3a9
47113 207375627374616e74697665
47114 2073706f6f6e66756c
47115 7a7769736368656e
47116 6f6f6f6f6f
47117 20636f6e74656e69646f
47118 206265736c
47119 e1bb836d
47120 6b74656e
47121 4a616d6965
47122 2073616e6479
47123 e4b88de5908c
47124 e28b
47125 2070617365
47126 206465747465
47127 2042656c6769616e
47128 eab09ceb
47129 756c61726573
47130 727564
47131 69676f72
47132 20ed8caceb
47133 2072656d6564696573
47134 20626c617374696e67
47135 2053696368
47136 20d0bed0b6d0b8d0b4
47137 206d6f6e737472
47138 206d616e69666f6c64
47139 20676c617562656e
47140 20455354
47141 2073747265616d6c696e65
47142 206c6f626279696e67
47143 20476f74686963
47144 746f697265
47145 2e2e27
47146 2064c3a96d6f6372
47147 20d0bdd0b0d0b1d0bbd18ed0b4
47148 20777370c3b36c
47149 20637ac499c59bc487
47150 e4b88be99da2
47151 6973c3a973
47152 67616e67656e
47153 2062657a706965
47154 72656d6c696e
47155 eab09d
47156 5374696c6c
47157 2072657369646573
47158 2067656c6563656b
47159 2074c3a96cc3a970686f6e65
47160 207065776e
47161 206c656f70617264
47162 20636f6d706c696d656e74617279
47163 2063726962
47164 20416e696d616c73
47165 206765696c
47166 657373656c
47167 20676172646572
47168 20636174636879
47169 e6a8b9
47170 20457473
47171 20436f6d6d65726369616c
47172 2044454e4e4953
47173 20436f6f7264696e61746f72
47174 204162696761696c
47175 666666666666
47176 e1baa570
47177 207065717565c3b161
47178 20696e6a656374696f6e73
47179 63656b74
47180 207068696c616e7468726f7079
47181 207075636b
47182 2063656c65627261746573
47183 2044756e6b
47184 20446c617465676f
47185 e381bee381a0
47186 ceb4ceae
47187 6772616475617465
47188 204d6f62696c
47189 74696c6c
47190 6163616d
47191 20796f6c6b73
47192 2074616e676c6564
47193 206d616e696163
47194 206f626c69676564
47195 204c61696e6b
47196 20766572646572
47197 2044616d6f6e
47198 206d7574616e74
47199 20686f7070696e67
47200 207265696e73
47201 20696e766572746572
47202 20636f6e74656d7074
47203 d7a0d7a1
47204 6c6561726e696e67
47205 4d697373
47206 20d093d0bed181
47207 204d65796572
47208 eabb98ec849c
47209 e9a38e
47210 d795d7a0d799d79d
47211 61736b696e67
47212 207472696d6d696e67
47213 207472656173757279
47214 2073656e7465
47215 41757374
47216 20556e7465727374c3bc747a756e67
47217 20436f6d656479
47218 20416e616b696e
47219 e9b9
47220 d180d183d182
47221 2048617269
47222 6f6772617068657273
47223 206f61746d65616c
47224 20426f7473
47225 e4b88de4ba86
47226 20d0bfd0b0d0bbd18c
47227 2061636b6e6f776c656467656d656e74
47228 786963
47229 20eab480ec8bac
47230 67617370696e67
47231 20e38195
47232 2074657272616365
47233 206f726e616d656e7473
47234 204d4552
47235 636f6d6d6974746565
47236 20ec9786ec8ab5eb8b88eb8ba4
47237 2072696a
47238 e9b3
47239 d7a6d79d
47240 6c656d65
47241 206c6962657274696573
47242 2066656c6c6173
47243 20436f70706572
47244 62656e6368
47245 2049646561
47246 e1bb8d6e
47247 d188d0b0
47248 207665727369c3b36e
47249 cf84cebfcf8d
47250 20d09cd0b8
47251 20d0bfd180d0b8d0bbd0bed0b6
47252 20626f786572
47253 2054616e6e6572
47254 204d6f79
47255 ecb998eb8a94
47256 546872
47257 2074696e68616d
47258 20706f6c697368696e67
47259 20636f6e73657175656e746c79
47260 20616d656e6974696573
47261 204b49
47262 20475245454e
47263 204672616e6b6965
47264 d0bdd0b8d182
47265 697474656c
47266 d181d0bad0bed0b5
47267 7572736564
47268 2075706272696e67696e67
47269 207468e1bba9
47270 20ec8b9dec9cbceba19c
47271 207768696d
47272 206368696e657365
47273 636f6e666964656e6365
47274 204a65646572
47275 e381aae381aee381a7
47276 616a636965
47277 20546f7573
47278 20506f77657273
47279 e1bbab61
47280 6f746865726d616c
47281 20d0b2d18bd188d0b5
47282 72616c65
47283 d8a7d8ae
47284 20eca780ec9b90
47285 20c3a97069736f6465
47286 2073756c7068
47287 20656e63617261
47288 6b72616674
47289 616c6172c4b1
47290 20436f6d6573
47291 20646976756c
47292 205275646f6c7068
47293 204d757365
47294 207574656e73
47295 20ec9e90eca3bc
47296 2070616e61
47297 20566567657461
47298 20504850
47299 204e5341
47300 656e74696e
47301 204361726e65676965
47302 d8a7d98a
47303 69c4996379
47304 4861727279
47305 2066c4b172
47306 d0a1d0bf
47307 20676c61646c79
47308 20617665726167696e67
47309 ed9598eab2a0ec8ab5eb8b88eb8ba4
47310 d0bbd18fd18ed182d181d18f
47311 20d09cd0b5d0bdd18f
47312 2071756f746174696f6e
47313 7269726573
47314 69746368656e73
47315 61796564
47316 20756e617474
47317 20506572657a
47318 20d0bed182d0bcd0b5d182
47319 2074616374696c65
47320 20457568
47321 6973696e69
47322 627568
47323 20686174c4b172
47324 20ec9e88ec9cbc
47325 20706f6c6963796d616b657273
47326 b3b4ec84b8ec9a94
47327 6163c4b1
47328 20cebaceb9
47329 207265676973746572696e67
47330 7265746f
47331 20537072696e6b6c65
47332 204772616d6d79
47333 6178746572
47334 20d0b1d0b8
47335 20736974746572
47336 20707265646963
47337 207468696e6c79
47338 20737472756d
47339 20616767726176
47340 20616861
47341 d8b1d8ac
47342 6d656c6c6f77
47343 20636f6e7374616e7465
47344 204c617574
47345 6973746f6e
47346 207472616e736974696f6e6564
47347 2043616d626f646961
47348 e38184e3818de381bee38199
47349 e8b79fe5a4a7e5aeb6
47350 6172746564
47351 206d697366
47352 2050756e6b7465
47353 8ceb93a0
47354 207472656d626c696e67
47355 2067657370616e6e74
47356 20d8b9d984d98ad987
47357 20d0bdd0b8d0bad0b0d0bad0b8d185
47358 20ebb680eb939ceb
47359 20d180d0b0d0b7d0b2d0b8d182
47360 206974636879
47361 206369656e746f
47362 20706c61696e73
47363 206b697474656e73
47364 206261636b6c6f67
47365 20507265736964696e67
47366 707461
47367 206861766f63
47368 2044617272696e
47369 20d09bd18ed0b1
47370 2073656772656761746564
47371 2067686574746f
47372 2065726c656274
47373 206472756769656a
47374 2053697874
47375 e58f83
47376 e0b8a3e0b8b0
47377 75656e636961
47378 20ed9598eab8b0
47379 20eb868d
47380 20726f6269
47381 2070696f6e65657273
47382 206d696c6c6961726473
47383 2057697463686572
47384 20ebacb4ec9787
47385 6f72726f
47386 6d617373
47387 20646976657267656e6365
47388 20526976657261
47389 204e6f6f646c6573
47390 20656e64726f6974
47391 204b6f7374656e
47392 20d0b4d180d183d0b3d0b0
47393 206dc3ad6e696d6f
47394 204b617a616b687374616e
47395 d8aad987
47396 20d0b2d0bed0b7d0b4d183
47397 20676573636872696562656e
47398 204e696c
47399 d181d0bad0b8
47400 204672c3bc68
47401 20626576657261676573
47402 e6ba90
47403 20476f6e
47404 e698a8
47405 4172696e
47406 20496e74726f
47407 6f63616c7970746963
47408 2065786861757374696f6e
47409 20537461747573
47410 2042617474657279
47411 c3a9737a
47412 a3bceb
47413 61697279
47414 20ebb3b4ec97aceb939ceb
47415 20646973706172697479
47416 d98c
47417 20547563736f6e
47418 206272696768746c79
47419 70726f626c656d
47420 2062696f6d617373
47421 e9998d
47422 a789
47423 20687572646c65
47424 20776176656c656e67746873
47425 203c3c
47426 207465616d6564
47427 46464646
47428 20536c696d
47429 6f6d69616c
47430 20756e7665696c6564
47431 2056657265696e
47432 d982d8b7
47433 6573747279
47434 20636cc3a173
47435 2063686564646172
47436 206163637573696e67
47437 20536369656e7469666963
47438 20d0b1d183d0b4d0b5
47439 204379727573
47440 ceb5cf84ceb5
47441 8693eab3a0
47442 20ebb384
47443 2063757264
47444 20726566657272616c73
47445 7368696674
47446 e58d95
47447 6e696bc3b377
47448 206d696572
47449 20636f6e66726f6e74696e67
47450 eab283eb8f84
47451 61776c
47452 20747279696e
47453 20eab7b8eb9e98ec9a94
47454 206368696172
47455 20ec98a4eb8a98eb8f84
47456 e694bfe6b2bb
47457 6573717565
47458 206d69736d6f73
47459 205368616b
47460 20736f6369617578
47461 207069c59f
47462 206b69c59f69
47463 206379616e
47464 686179
47465 626577
47466 626f64
47467 20ceb9
47468 204d61696e6c79
47469 d18ed182d18c
47470 6861626974756465
47471 20d181d0bfd0bed0bad0bed0b9
47472 e8b79fe68891
47473 20707265636f6e
47474 204d616e6479
47475 f09fa4a3
47476 696c6c6f73
47477 206772757070
47478 206372756d626c65
47479 20636f6e7374727563746f72
47480 65727669636573
47481 206c69676874686f757365
47482 20436f6e63657074
47483 d0b0d0bdd182d0b8
47484 616c74726f
47485 686f7065
47486 20416c6c6567
47487 ec96b4eba5bc
47488 706965636573
47489 6f756e746572
47490 20ed9598eb8b88eab98c
47491 20ec9db8ed84b0eb
47492 2076c3a972697461626c65
47493 207468726561646564
47494 626c696e64
47495 8298eb9dbc
47496 207472617973
47497 20456469736f6e
47498 20c3967a
47499 20537465766965
47500 206c656e646572
47501 2062726967616465
47502 206465757473636865
47503 6d7566666c6564
47504 62617274
47505 20696e73616e697479
47506 207361767679
47507 2073656e736174696f6e616c
47508 206465726563686f73
47509 204d58
47510 20d0bfd180d0b5d0bf
47511 20746872656174656e73
47512 207265616c74c3a0
47513 20696e6469636174697665
47514 2063686f7073
47515 2062656e65666974696e67
47516 205665726e6f6e
47517 20537472616e64
47518 6e756e
47519 7175656e746c79
47520 313031
47521 2065656c
47522 ec8899
47523 72696e7473
47524 20d985d8b3
47525 20d8a8d8af
47526 20d0bfd0bed181d182d180d0be
47527 207961706dc4b1c59f
47528 206f6c6d6173c4b1
47529 20696564657265656e
47530 6f6cc3a9
47531 6b6566
47532 20ebb09cec839d
47533 207261696e6564
47534 20616c6d6967687479
47535 20d0b2d18bd0b4
47536 20435052
47537 467265
47538 20696e68616269746564
47539 20617262657473
47540 20616b696e
47541 d0b0d181d182d0b2
47542 76616e6961
47543 2068c3a475666967
47544 204d61747465
47545 736f727279
47546 4a656e6e79
47547 20d0b3d180d0b0d0b4
47548 2077686974
47549 2062726f6b657273
47550 e5af9f
47551 2068696e65
47552 617374656e
47553 20d0b3d180d183
47554 4d42
47555 20505249
47556 536162
47557 2077726573746c6572
47558 20666163696c69746174696e67
47559 2065686bc3a4
47560 2043726564
47561 20313237
47562 206e6f7468696e
47563 206d616e6461746564
47564 e5af8c
47565 d183d182d181d182d0b2
47566 4672616e6b
47567 20776f7273
47568 20647a6965c584
47569 20556e64657267726f756e64
47570 207a6e616a6475
47571 2042c3a4
47572 205072696e7a6970
47573 d0b0d182d0b5d0bbd0b5d0b9
47574 207665746572696e6172
47575 2073706c656e646964
47576 20726f7a70
47577 2070737963686f70617468
47578 69676f6e
47579 20686f7073
47580 2063e1baa76e
47581 205869616e
47582 2074726f697369c3a86d65
47583 2070726f647563746f
47584 206465c49f6572
47585 20436f6e74696e75696e67
47586 d0b8d0b2d0b0d0bb
47587 63c4b16b
47588 206d6f6973747572697a6572
47589 5768697465
47590 2073696973
47591 2045766572657374
47592 69656e636564
47593 2063e1baa36d
47594 204a61706f6e
47595 b4eca084
47596 2074656ec3ad616e
47597 20656e63616e7461
47598 4d6d
47599 2064726f70646f776e
47600 20497961
47601 b3b4eba9b4
47602 20776f7264696e67
47603 2053717565657a65
47604 204d61706c65
47605 20636c61726966696564
47606 204d756e69636970
47607 20526f756765
47608 204e69636b69
47609 20476f6f
47610 766f6c74
47611 74656b
47612 66656374757265
47613 66726564
47614 617272697665
47615 e383bce38184
47616 74657a
47617 4570
47618 206f62726173
47619 20564944
47620 20526976
47621 204d6f6469
47622 696265
47623 2061636f6e746563656e646f
47624 20696d69746174696f6e
47625 2063616d6f75666c616765
47626 207370616e6e696e67
47627 20534543524554
47628 204f72656f
47629 ec868ceba6ac
47630 2068756e6368
47631 206361c58265
47632 2073706f6e74616e656f75736c79
47633 2050657264
47634 2065746170
47635 20486f6c65
47636 204469736162696c697479
47637 2061667465726c696665
47638 e681a9
47639 20746573746966696564
47640 20707265737570
47641 20706574726f6c65756d
47642 20636f6e74726172696f
47643 204173736573736d656e74
47644 c49f6c75
47645 207065737473
47646 2064696c6967
47647 20d0b2d181d182d180d0b5d182
47648 20636f6e73c3a97175
47649 2063616e6e6f6e73
47650 2063616e6f65
47651 204d696c65
47652 206369746f79
47653 20626567676564
47654 204d696e6e6965
47655 c582796368
47656 207072696e63697065
47657 cf80cf8ccebd
47658 6d6e69656a
47659 2077657274
47660 20eb8ba4eb93a4
47661 616e7365
47662 20756e636c6573
47663 2070726f766f636174697665
47664 20696e74657273656374696f6e73
47665 2064656d6f6372617473
47666 204a756c697573
47667 d0b8d0bdd0bad0b8
47668 79677573616c
47669 20d79cd795
47670 20676a6f726465
47671 206761736b6574
47672 20426f636b
47673 20c4b06e
47674 6272656174
47675 20457175697479
47676 617264c4b1
47677 20d0bad0b0d0bdd0b0d0bbd0b5
47678 20d0b4d0bdd0b5d0b9
47679 2074e1bb9b69
47680 2066697874757265
47681 20616275736573
47682 2076617961
47683 206f7576657274
47684 206d756c746963756c747572616c
47685 20636f6e746578746f
47686 20536573616d65
47687 2064c3a9706c
47688 20636f6e736f6d6d
47689 205061727465
47690 2070656d
47691 20436f6e616e
47692 20d0b1d196d0bbd18c
47693 20706572737561646564
47694 20647261696e73
47695 4d6f6f
47696 464f5245
47697 20d0b1d0b0d182
47698 20666f64
47699 2050726f6475637473
47700 eca784eca79c
47701 20225b
47702 205769636b
47703 204e617275746f
47704 d0bdd0b0d0bbd0b8
47705 727977
47706 206c6f646765
47707 20696e68
47708 20766f6e74616465
47709 2064696a
47710 204a6573c3ba73
47711 4c6f6f6b696e67
47712 20666f726561726d
47713 20496e746567726174696f6e
47714 20484152524953
47715 20746f6f6c626172
47716 6c6561646572
47717 2073656c646f6d
47718 20d0b1d180d0bed181
47719 204b6f6f6b
47720 d0bed0bdd0b4
47721 206d6f6e6f706f6c
47722 206d696c6c6574
47723 206c697261
47724 20417369616e73
47725 2031383930
47726 6369c49f696d
47727 206564656e
47728 20494b4541
47729 204e65696768626f72
47730 204b617a757961
47731 c3bc64
47732 2070737963686564656c
47733 20656e766973696f6e6564
47734 e59d97
47735 20efb7bb
47736 2077756e646572
47737 2042756c6761726961
47738 42726964
47739 206d6172726f77
47740 20646570696374696f6e
47741 2054696e
47742 2050686172697365
47743 2065696e7a696765
47744 20626c696e646c79
47745 e3819be381a6
47746 20646566656e73
47747 44697265
47748 20766962726174696e67
47749 2074726f6c6c73
47750 206469737265737065637466756c
47751 20776f64
47752 207374696d756c69
47753 206372656570696e67
47754 20636c616972656d656e74
47755 207363617269657374
47756 2064c3a9636f7576726972
47757 20313034
47758 20d0b2d0b5d180d185
47759 20c5826174
47760 2072c3b3c5bc6e65
47761 206261726c6579
47762 205265706c
47763 20547765
47764 6b6b65
47765 20e3819de3828c
47766 205265646d69
47767 204d6574726f6964
47768 20ceaecf84ceb1cebd
47769 436865636b
47770 2053454e
47771 2069646f
47772 d182d0bed180d0b8d0b8
47773 c3b370
47774 554e4b4e4f574e
47775 20c3a46e6465726e
47776 204a75696365
47777 2047657369636874
47778 e5b0b1e69c83
47779 20d0bdd0b0d181d182d0bed0bbd18cd0bad0be
47780 ed8395
47781 c2ad
47782 657868616c6573
47783 20ecb489
47784 206a73656d
47785 cf80cf89cf82
47786 20697474
47787 ebaa85ec9db4
47788 2072656d6978
47789 20626c6f73736f6d73
47790 2052656e6565
47791 69736174696f6e73
47792 ec8aa4ed84b0
47793 20ebb3b4ec9db4eb8a94
47794 756573746173
47795 6f7065646961
47796 2041696d
47797 ec9db4eca688
47798 7363656e65
47799 206c65616b616765
47800 75636b74
47801 536164
47802 41736b
47803 2073757370656e7365
47804 20696d706f7374
47805 20537472617465676963
47806 204974c3ad73
47807 e2808c
47808 206b6579626f61726473
47809 20616d7573696e67
47810 6f6772
47811 696465726d616e
47812 9e96
47813 20d0b2d0b8d0b6d183
47814 2064697073
47815 2061706f6c6f67697a6564
47816 2053544152
47817 2065736375656c61
47818 204368696e67
47819 d0bdd0b5d0bdd0b8d18f
47820 20ebb680ebb684ec9db4
47821 20466c656574
47822 2073616d62
47823 20656e74737072656368656e64
47824 20656c656374726f646573
47825 204672656968656974
47826 e68891e4b88de79fa5e98193
47827 20536872696d
47828 69c39f65
47829 2073656c656374696f6e73
47830 20666f726469
47831 20646f7373
47832 d18fd187
47833 206469736372696d696e617465
47834 204175c39f657264656d
47835 20646573656e766f6c76
47836 20496e7465726e616c
47837 2042656e6564696374
47838 e5af86
47839 2053686976
47840 4d69737379
47841 20d0bed0b1d0bdd0b0d180d183d0b6
47842 20d0bdd0b0d181d182d180d0be
47843 20636f6e74726f6c6172
47844 204c6961
47845 206f70696f696473
47846 616e7475
47847 20637570626f617264
47848 e68190
47849 d0b3d0b5
47850 6163687473
47851 2063757261746564
47852 2078656d
47853 207765617279
47854 20627265746872656e
47855 20627564676574696e67
47856 20706f757274616e74
47857 e99abb
47858 6169736961
47859 20d0bed182d0b2d0b5d187
47860 20474953
47861 cebcceb1ceb9
47862 20d7a9d794d795d790
47863 2073617564
47864 206ce1bb9b
47865 d095d0a2
47866 7562696e65
47867 20d0bdd183d0b6d0b5d0bd
47868 206b69646e617070696e67
47869 2062726174
47870 205465727265
47871 204d6f6e6574
47872 20eba788ec8aa4ed81
47873 20666c61736879
47874 204953424e
47875 20667265656c616e6365
47876 69616765
47877 206a756e6765
47878 ecb6a9
47879 636572616c
47880 20d182d0bed187d0bad0b8
47881 20666f726d756c617465
47882 20464552
47883 20446172746d6f757468
47884 ec9cbceba9b4ec849c
47885 e5a283
47886 6f7769c485
47887 20eb9494ec9e90
47888 20726567696d656e74
47889 206d657461626f6c69736d6f
47890 2050617272
47891 20ecb6a9ebb684
47892 2073616e697479
47893 204c616c
47894 2047c3b6
47895 20476c61
47896 2070726f746f
47897 206d6963726f73636f706963
47898 206b616e67
47899 205363616c6961
47900 20707567
47901 2053636f7265
47902 20536176616e6e6168
47903 206761726465
47904 204e4f52
47905 e5b08de590a7
47906 2073636865696e74
47907 2070c3b3c582
47908 20636f727269
47909 206272757465
47910 20c5826164
47911 e4bb96e4bbac
47912 2073756363656564696e67
47913 2062696379636c6573
47914 4e6f6e
47915 207365656b657273
47916 20756e636f6e646974696f6e616c
47917 207268796d6573
47918 20476172616765
47919 20696e766f696365
47920 2063616e7669
47921 6e65636b
47922 20637573746f6d697a61626c65
47923 6972697475616c
47924 517565656e
47925 ed9598ec8b9ceb8a94
47926 20706f7765726c657373
47927 206373616b
47928 e4b88de4bc9a
47929 69736f6674
47930 20eca095ed9995
47931 206e68c3a26e
47932 204d414e44
47933 20486166
47934 207265766f6c766573
47935 e4b99fe58fafe4bba5
47936 6f76616e
47937 61726f6f
47938 204772696e64
47939 e99baa
47940 20696e64697370656e7361626c65
47941 20636f6e73756c746564
47942 20436c696e6963616c
47943 416363
47944 206f6c686f73
47945 206d6f6e746572
47946 2048616e61
47947 65746168
47948 207661616e
47949 20746967657273
47950 20636175637573
47951 f09f9882
47952 b3b4ec9e90
47953 706f77657273
47954 69756d73
47955 20ed86a0eb
47956 20747261646963696f6e616c
47957 207265736f6e61746564
47958 20ec8ba0eab8b0
47959 7468656d
47960 526f62657274
47961 20656c656d656e746f
47962 20616e746964
47963 20d0bed0b1d181
47964 206e617469766573
47965 206c6f6361
47966 6f776d656e74
47967 205469676874
47968 20e6809d
47969 206d656c616e
47970 204e7565
47971 616d6973
47972 20736f7267656e
47973 6173c4b16e61
47974 486f6d65
47975 2050554247
47976 20617766756c6c79
47977 2053686f7265
47978 205065726368c3a9
47979 204c6175
47980 2043696e646572656c6c61
47981 204368657374
47982 2073656d616e746963
47983 206465736572746564
47984 204d6f6d6f
47985 204865726e616e64657a
47986 67656e6573
47987 204164756c74
47988 d0b8d187d0b5d181d0bad0bed0b3d0be
47989 6f7368696d61
47990 206361726163746572c3ad737469636173
47991 204b4c
47992 b4ec9ea5
47993 6f636172
47994 206665686c74
47995 206472756b
47996 20506f707079
47997 454e474c495348
47998 20566572676c65696368
47999 427269656e
48000 207265636f6d70
48001 20d181d0b4
48002 206d6572676572
48003 206d61726b6574657273
48004 20686f6e65796d6f6f6e
48005 2070656e736f
48006 2062656c6c69
48007 d0b5d182d183
48008 2062616e6b6572
48009 43616d657261
48010 205374616c6c
48011 205374616d70
48012 2042697465
48013 d0b5d0b6d0b4d0b5
48014 2073c3bc72
48015 2067c3bcc3a7
48016 20506173736f766572
48017 20427567c3bc6e
48018 20d181d0bed0b6d0b0d0bbd0b5d0bdd0b8d18e
48019 20d0bdd0b8d0b7
48020 206d616e757265
48021 20676c6163696572
48022 e8ab87
48023 524159
48024 746572726f72
48025 2073616c616473
48026 20687572726963616e6573
48027 2044657369676e6572
48028 61746f72696f
48029 206661637475616c
48030 2054616d6d79
48031 20d0b7d0b2d183d187
48032 20696e74726f64756374696f6e73
48033 20686f7573656b656570696e67
48034 2068616e676572
48035 eb8b98eb
48036 616b7465
48037 20436f6c61
48038 275d
48039 2047656e646572
48040 d0bed180d0bed0bd
48041 69707365
48042 6963696173
48043 2073756363657373697665
48044 20706f6c69746963
48045 2068c3b6686572
48046 205169616f
48047 2047696d6d65
48048 20d0bbd0bed0b6
48049 20736562
48050 20576569746572
48051 2053616b757261
48052 20426f756c646572
48053 20416dc3a972696361
48054 7065c5826e6965
48055 207465636e6f6c6f67c3ad61
48056 6973686f7073
48057 667572
48058 206d6f6f6e6c69676874
48059 20646973706572736564
48060 2072657a
48061 d0b5d0bdd0bdd0bed0b5
48062 d0b0d0bbd18cd0bdd183d18e
48063 205477656c7665
48064 20484f52
48065 ec8ba4ed9e88
48066 696c616765
48067 20736861646564
48068 20726573756d6573
48069 205065616e7574
48070 204d494c4c
48071 61706f6e73
48072 20554643
48073 20536f6c65
48074 206a6f79737469636b
48075 204f6c6976696572
48076 7761726d696e67
48077 2073796c6c61627573
48078 20d0bed0b1d189d0b5
48079 206869e1bb876e
48080 206665737461
48081 20637261646c65
48082 205a6163
48083 2072656d656d6272616e6365
48084 20eab099ec9584ec849c
48085 207069c4996b
48086 20636f6578697374
48087 20564949
48088 20c3a172656173
48089 20757761c5bc
48090 206f6273657276657273
48091 206dc3a46e6e69736b6f72
48092 636f6f6e
48093 2044414d
48094 206e61737a796d
48095 20616c6c696761746f72
48096 20467265657a65
48097 20457374617465
48098 20d182d180d0b0d0b4d0b8
48099 20756e646572636f766572
48100 206e696573
48101 204665686c6572
48102 706c696e
48103 204b6162756c
48104 696c617465
48105 20eab3a0ec9691
48106 206d6f70
48107 ec84bc
48108 20616e6465726572
48109 204b454c4c
48110 d0bed0bad0b8
48111 20d0b6d0b5d181d182
48112 206772617a696e67
48113 206461c3ad
48114 206361706974616c697a65
48115 2061706578
48116 206e7572747572696e67
48117 20636f72746172
48118 20636f6e74726163
48119 c4b16dc4b17ac4b1
48120 2074616e64656d
48121 e983bde69c89
48122 67656d656e74
48123 20d181d0b8d181d182d0b5d0bcd0b0
48124 206d616e717565
48125 69616ac485
48126 574f52
48127 20d8a7d8a8
48128 206361727473
48129 414e4f
48130 20ebb09beab3a0
48131 2043656e61
48132 2042696f6c6f6779
48133 69646172
48134 2061c5bc
48135 65726e65
48136 616e75
48137 207468616e6b6564
48138 207375626d6172696e6573
48139 206d616e6963
48140 20d0bcd0bed0b7
48141 e4bc8a
48142 696e7374616e74
48143 657373656e7469616c
48144 2073616d75726169
48145 207061737469
48146 20616c616e
48147 2062726f6368
48148 2062616b6572
48149 204775696c6c
48150 a8bc
48151 2077697468647261776e
48152 eb8b9d
48153 50657266656374
48154 7175656e6379
48155 2073747265616d6c696e6564
48156 2031333030
48157 b4eb8f84
48158 20eb96a0eb
48159 20e381afe38184
48160 2068766164
48161 e4b880e5ae9ae8a681
48162 2076657262616c6c79
48163 204b6f6e73
48164 20eca1b0ec8bac
48165 206469657a
48166 e68eb0e68eb0
48167 20636875636b6c696e67
48168 204d6968
48169 2072616c6c696573
48170 206d616e746572
48171 206561726e657374
48172 7375706572
48173 2067656365
48174 2052656e64
48175 20476572616465
48176 6a656e6967656e
48177 2056616c6c
48178 20ec9e88eb8298
48179 20d181d0bad0b0d0b7d0b0d0bbd0b0
48180 2074726162616c68
48181 20d0bdd0b0d188d0b5d0bc
48182 20d0bcd0b5d185
48183 696b6974
48184 206e6f756e73
48185 206e6575726f6c6f676963616c
48186 206d6f7469766174696f6e616c
48187 204d634d61686f6e
48188 2046696e6973686564
48189 20ebb3b4ec9db4
48190 204669656c6473
48191 2061646f6c657363656e7473
48192 205469736368
48193 204e6562656e
48194 20466c6f77657273
48195 20456e657267
48196 206469726574
48197 20546869
48198 205069636173
48199 e6839c
48200 e6808ee4b988e6a0b7
48201 206176657465
48202 20466f7273
48203 2043686170656c
48204 4ec3a36f
48205 4574
48206 20d181d0bed0b4d0b5d180d0b6
48207 72656e6f
48208 207376656e
48209 20646f7374c49970
48210 6e6565
48211 20536e6170647261676f6e
48212 20494473
48213 ec9598eb8a94eb8db0
48214 d7a8d79a
48215 2073756e666c6f776572
48216 2070657270657475616c
48217 e7b396
48218 206b6e6967687473
48219 2067697264
48220 20546f6c64
48221 20766f6c63616e6f6573
48222 20616476657273617279
48223 2045636f6e6f6d79
48224 206578747261706f6c
48225 20626c7565746f6f7468
48226 207a6f6f6d696e67
48227 20736b7973
48228 2067656e69616c
48229 c3ad63756c6f73
48230 616d627265
48231 20d0bcd0b5d180
48232 207465656e79
48233 20737472657373696e67
48234 ec958c
48235 4f4e59
48236 207472616e736c7563656e74
48237 20726f756e64696e67
48238 206772756573
48239 d799d7a0d794
48240 617072c3a873
48241 20707275656261
48242 20706f6c79676f6e
48243 20626c75656265727279
48244 2050726f6772616d6d
48245 207472656e63686573
48246 2073656261676169
48247 2070616c617465
48248 206c61756465
48249 2062656861766564
48250 206c6f6e6769747564696e616c
48251 204d6f64756c65
48252 2061646d6972
48253 cebbceb9
48254 47726567
48255 2077797374
48256 2070726f706167617465
48257 206d6f6c6473
48258 20547562
48259 204c6f7564
48260 7573746f
48261 20756e73746f707061626c65
48262 207265696e666f7263696e67
48263 e99d9ee5b8b8e79a84
48264 20d0bfd180d0bed0b1d0bbd0b5d0bcd0b0
48265 20706f74656e6369616c
48266 2068656d70
48267 ec9e94
48268 e0a4af
48269 206f70746963
48270 206572666f6c677265696368
48271 d181d18b
48272 d0bed0bbd18cd188d0b5
48273 75727374
48274 20506f6973
48275 20726573706f6e64656e7473
48276 206e65686d65
48277 2045787465726e616c
48278 6f6c617465
48279 4879756e
48280 2071756172747a
48281 206d617468656d6174696369616e
48282 2062c3a1736963616d656e7465
48283 2061696c
48284 eca09ceba5bc
48285 6174747574746f
48286 206e6f6f6974
48287 206166666c696374
48288 204f6c6761
48289 e8adb7
48290 20d0bdd0b0d182
48291 206469746573
48292 207265616c6964616465
48293 206bc3a46e
48294 20756e697175656e657373
48295 20706164726573
48296 2073756273696469
48297 20706967656f6e73
48298 ceb2ceb1
48299 73746164
48300 20646572656e
48301 20d0a1d0bbd0b5d0b4
48302 646f6f
48303 20d0bed0bfd0b8d181d0b0d0bdd0b8d0b8
48304 20616d626572
48305 20676f6f736562756d7073
48306 206672c3a5676f72
48307 20566974616c
48308 2049737261656c69746573
48309 776173736572
48310 49736e
48311 20636f6d6d697473
48312 2053544556454e
48313 20426576c3b66c6b6572
48314 756974697665
48315 206c6567656e
48316 206272756b
48317 d0b8d180d0bed0b2d0b0d0bd
48318 796e656e
48319 68656c6d
48320 2067656e65726174696f6e616c
48321 204cc3a46e6465726e
48322 cebfceb9cf80cf8ccebd
48323 757a75
48324 2063616c6c6572
48325 d0bed0bdd18c
48326 c3bc6dc3bc
48327 206265736172
48328 20706c617473
48329 206d69677261746564
48330 206a6170
48331 20574152
48332 2064697373656374
48333 205a75736368
48334 205a656974656e
48335 204c696f6e73
48336 204446
48337 e294
48338 d0bad0b8d0b2
48339 207065646573747269616e73
48340 204d6172696c796e
48341 646f636b
48342 20796874
48343 207265696e6361726e
48344 20536f6e6f
48345 2047726f777468
48346 d183d181d0bed0b2
48347 2064756e67656f6e73
48348 206261677573
48349 6b696368
48350 20d183d0bad180d0b0d197
48351 e986ab
48352 204b656c6c6572
48353 6368656d6973747279
48354 4a6170616e657365
48355 2077696c6c7374
48356 206465636f6d706f736974696f6e
48357 20d181d182d0b5d0bd
48358 2072657669766564
48359 ed9599eab590
48360 20c593
48361 e4bd90
48362 ec8bb8
48363 69707079
48364 20686f75726c79
48365 6ac3a46e
48366 20576f726b73686f70
48367 9dbcec849c
48368 2063756172746f
48369 2070617472696d
48370 204275726368
48371 20ec9e88eab8b0
48372 206865706174
48373 2068c3a06e67
48374 20eb8c80ed95b4
48375 20d0b2d0b0d188d0b8
48376 207265776f726b
48377 207061727365
48378 20c3a7c4b16b74c4b1
48379 20536178
48380 204d6f6e676f
48381 2041616168
48382 72616d626c65
48383 444a
48384 2073746162696c697a6564
48385 20537065656368
48386 426f6f6b73
48387 20687572646c6573
48388 20574f
48389 204c616d626f7267
48390 2031393333
48391 20766f7262657265
48392 20636c696e6963616c6c79
48393 2062726561746874616b696e67
48394 2047617465776179
48395 d0bfd0b5d180d0b2d18bd185
48396 7574657273
48397 20ebb9b5
48398 207965746572
48399 2070756c6c6579
48400 206d756666696e
48401 20507265666572
48402 2050656e6365
48403 20696e666f726d61c3a7c3a36f
48404 ec8aa4ed8ab8eb
48405 e382b8e383a3
48406 20547572746c65
48407 20526567696e61
48408 204c6f6164
48409 646f6573
48410 70616e7a65
48411 b894
48412 206d696e61
48413 204c6174696e6f73
48414 616d6d657273
48415 20546f7274
48416 204265796f6e6365
48417 d0b8d0bcd0bed181d182d0b8
48418 20d0b2d0bed0bfd180d0bed181d18b
48419 2062756c756e
48420 e8808ce5b7b2
48421 696e656b
48422 62657265696368
48423 2070617374757265
48424 204f41
48425 204d656c74
48426 20457474
48427 204459
48428 206f62776f686c
48429 206c656167756573
48430 d182d0b5d181d18c
48431 20d0bad183d181
48432 20766f7273
48433 20746f7070
48434 6f67726170686963616c
48435 61737374
48436 206c696e646f
48437 20ebb09ded9894
48438 2072c3a9666c
48439 20636c696d6273
48440 207661727361
48441 206d657468796c
48442 204b6172657265
48443 c6b0e1bb9f
48444 526164
48445 2070726570617265646e657373
48446 d0bed0bdd187
48447 204f44
48448 20434749
48449 20e0a4ae
48450 207370656563686c657373
48451 206c61736369
48452 20626f6c6167
48453 20d185d0bed187d0b5d182d181d18f
48454 206772696576696e67
48455 204a6f68616e6e6573
48456 20436172726f6c6c
48457 6164616b69
48458 88aceb
48459 2073c58275
48460 20696e6e657268616c62
48461 2067796d6e617374696373
48462 d0bfd180d0b8
48463 69666971756573
48464 206b6172617465
48465 20646f6d75
48466 e3819de3828ce381a7
48467 4f54484552
48468 2064656d616e64c3a9
48469 20626f6f6b6c6574
48470 204b796f746f
48471 20776f68
48472 204d6172c3ad61
48473 76696f6c656e74
48474 4a45
48475 206cc3b367
48476 2062727574616c6c79
48477 636f74
48478 20d985db8c
48479 20576172737a
48480 e5ae88
48481 776f6c
48482 206d696bc3a4
48483 2050726f6e6f756e6365
48484 204272656e64616e
48485 20726f7570
48486 206974616c69616e6f
48487 e5a682e6ada4
48488 20d0bad0bed0bcd0bfd18cd18ed182
48489 20757267696e67
48490 65646573
48491 20636172626f6e6f
48492 2052696368617264736f6e
48493 20d09dd0b0d187
48494 20547261696e6572
48495 204372696d6561
48496 2064696170657273
48497 20636f766574
48498 204d61686172
48499 204875746368
48500 2041757377
48501 6265727479
48502 20696e646966666572656e74
48503 d0bad180d0b5d182
48504 756c64616465
48505 206861726d73
48506 a2d986
48507 6c65736961
48508 2067696f
48509 204d69737472657373
48510 204b6e6f78
48511 2046524545
48512 20eba3a8eb
48513 20d0bdd0b0d188d0b0
48514 20696e76696e6369626c65
48515 206d616964656e
48516 204a65657a
48517 206272657665
48518 706f6c65
48519 2063726974696369736d73
48520 205275736961
48521 e0a4ae
48522 7068696e
48523 20436f6d70617265
48524 20424f4e
48525 20736e65616b696e67
48526 205261696c73
48527 20476572616c
48528 2031393533
48529 486f6c61
48530 20d0bed0bfd18bd182
48531 207261696e666f72657374
48532 2062656c756d
48533 204f6269
48534 20495353
48535 e3828ce381aae38184
48536 20d0a1d0b2
48537 20626c6f6e64
48538 20777a676c
48539 20706f776965647a6961c582
48540 2063686f6b696e67
48541 20536f6e6773
48542 20426972617a
48543 2079656c6c73
48544 207374796c697374
48545 cf8ccf84ceb5
48546 2073636872656962656e
48547 204a6177
48548 20456c6576656e
48549 20526966
48550 2f2e
48551 20ec98a4eb9e9ceba78c
48552 207472656174696573
48553 7566666564
48554 20e28892
48555 20726f6f6673
48556 e0b980e0b8aa
48557 20ebbb
48558 20737061726b6c65
48559 204b696576
48560 2041726775
48561 657265636874
48562 20d09dd0b0d0b4d0be
48563 2046494c
48564 206d6f6c7461
48565 2044657669
48566 2063616d7065
48567 2062656e65766f6c
48568 20546f756768
48569 206d6f696d
48570 206576616375617465
48571 2065727261646f
48572 e5a986
48573 d180d183d0b3d0be
48574 20ed8e98
48575 20ce93ceb9ceb1
48576 207765616b656e
48577 20696c6c756d696e61746564
48578 207369676c6f
48579 2056616363
48580 d0b8d0b5d0b9
48581 616c6973
48582 20d183d181d182d180d0bed0b9
48583 20646f6e61
48584 c5826f73
48585 c3bc6d616e
48586 2070726f6475636369c3b36e
48587 20636c6f74
48588 204d616e676f
48589 20756e65617379
48590 207368757473
48591 204578616d706c6573
48592 76656c6c
48593 656265
48594 2070726f6d70746c79
48595 2054656c6573
48596 20d0bfd180d0bed188d0bb
48597 20707565727461
48598 20c3bc6265727a657567
48599 20636f6368
48600 736f6369616c
48601 2042656e736f6e
48602 204d657468
48603 204578706564
48604 20737570706c656d656e74616c
48605 20636f6e6365697665
48606 20d798d795d791
48607 20636170746976697479
48608 8f99ec9588
48609 20d185d183d0b4
48610 666f726d696e67
48611 2075706c6f616473
48612 2074757262756c656e6365
48613 6a6f696e74
48614 207361746973666163746f7279
48615 20416e696d65
48616 20776173686573
48617 206c69626572616c73
48618 2053756e7368696e65
48619 205245414c
48620 75626c696b
48621 62696e617279
48622 546f6e79
48623 20706f6c6172697a6564
48624 20656e726963686564
48625 74616b696e67
48626 20eb819deb8298
48627 20706c65617375726573
48628 2065787465726d696e
48629 696e657365
48630 61746c
48631 76c3a472
48632 d0b0d180d18b
48633 206d79c59b
48634 6e61727261746f72
48635 20d0bed0b4d0bdd0bed0bc
48636 206e616a7769c499
48637 206d6f62696c697a65
48638 206d696c6c6f72
48639 20617461
48640 e6b7b7
48641 20706f6cc3ad7469636f
48642 20706c656164
48643 207061696e74657273
48644 20536f77
48645 d0bed184
48646 20ec989beb82a0
48647 20d187d182d0bed0b1
48648 207361626f72
48649 20556e64657274
48650 204a45525259
48651 c5a1c3ad
48652 20ebb096ec9790
48653 207072c3a963c3a964
48654 20616e6e6f746174696f6e
48655 20496e61756469626c65
48656 207465787475726564
48657 206669736865726d616e
48658 766f7264616e
48659 6963686572756e67
48660 20eca081ec9db4
48661 2067657a65696774
48662 206d616e6461746573
48663 206265616b
48664 2054574f
48665 20416b626172
48666 696c69616e
48667 207469e1babf70
48668 207375706572696f72697479
48669 696e6b75
48670 206c7973
48671 20464343
48672 20435041
48673 7573746572696e67
48674 6e69636f73
48675 616e6a61
48676 206368696c6c73
48677 2043616765
48678 207365616c696e67
48679 207361c3a7
48680 20646564616e73
48681 20416c676572
48682 207370657a6965
48683 20636f6c6f7373
48684 c4b179c4b1
48685 636c6f636b77697365
48686 206578616374616d656e7465
48687 2069656d616e64
48688 616dc4b1
48689 206d616e646172
48690 72616a
48691 6661636564
48692 61677561
48693 20eab994eb
48694 20696e736265736f6e64657265
48695 206472697a7a6c65
48696 2064696d696e697368
48697 20596f6461
48698 4149
48699 2062696c6d69796f72756d
48700 204d4d41
48701 617465676f7279
48702 20d0bfd0b5d180d0b5d0bf
48703 2070617274696369706172
48704 206e6f726d616c697a6564
48705 20636f6d706c65786974696573
48706 e6b4b2
48707 e68ea7
48708 d0b0d180d0bed0b2
48709 6d697374
48710 69636861
48711 47726f7570
48712 20726573696c69656e6379
48713 206e6f676c65
48714 20434e43
48715 7072c3bc
48716 2070687973696369737473
48717 d0bdd0bed0ba
48718 4c49
48719 20737475666673
48720 2073697374656d6173
48721 20696e746572666572696e67
48722 204d617276696e
48723 c3a9726369746f
48724 20ec9786eab3a0
48725 20736f6e6963
48726 206571756976
48727 2061626f7264
48728 2052616d656e
48729 203039
48730 6d6564696d
48731 61746971756573
48732 20d0b4d0b5d0bbd0b0d18ed182
48733 20756e616e696d6f75736c79
48734 20736b69727473
48735 20ed8ab9ebb384
48736 2050726978
48737 6b616d69
48738 206672756974696f6e
48739 20626972746864617973
48740 d0b8d0bad0bed0bc
48741 20696e6175677572616c
48742 20636f7272656c617465
48743 20546f7279
48744 20eb8298ec81
48745 20646577
48746 20507265636973
48747 696869
48748 20ebacb8eca09ceab080
48749 20636974696e67
48750 204c616e61
48751 204b6167
48752 20706c61797468726f756768
48753 2050726f746f636f6c
48754 6672697374
48755 686f766168
48756 206d6572636966756c
48757 2062696c696e6775616c
48758 20477569746172
48759 7268
48760 20676c616d6f726f7573
48761 2056696b696e6773
48762 204f6f6f6f68
48763 ed9598eb8a94eb8db0
48764 205567616e6461
48765 20636f6c6c6170736573
48766 656e747279
48767 20616e74696f786964616e7473
48768 eb8298eb
48769 d188d0b0d18f
48770 20747269766961
48771 2067c3a46c6c6572
48772 2066756e6769
48773 206d696c6b73
48774 206469636874
48775 cebcceb7
48776 706f6b65
48777 20d0b2d18bd0bfd183d181d0ba
48778 20666565646572
48779 20416c636f686f6c
48780 686f776572
48781 20646573657276696e67
48782 20526562656c
48783 696f736973
48784 20313033
48785 2068616e646f7574
48786 20656e6d
48787 206c616e646c6f726473
48788 2067656f6c6f6779
48789 72696c73
48790 20636f627261
48791 20566f6c64
48792 2050616e6368
48793 2047524547
48794 2070726f7373
48795 2062726163656c657473
48796 2056656761
48797 20726f7a756d
48798 e6acbe
48799 d0b0d0b7d0b4
48800 204c796e64
48801 20486f6e6f7273
48802 2073757272656e6465726564
48803 206c696272617269616e73
48804 313235
48805 20d181d0b8d0b3
48806 20756e69666f726d6c79
48807 204561676c6573
48808 ec9599
48809 d0b8d182d0b0d0bd
48810 616e646964
48811 20eca088eb8c80
48812 20d8b6
48813 2061727265737473
48814 20435356
48815 20417a65726261696a616e
48816 6f72746963
48817 204458
48818 20416476656e7475726573
48819 2061627573
48820 20466175
48821 207363686c696d6d
48822 20726174746c696e67
48823 20636f6e73756d6573
48824 20546f6c6b69656e
48825 207265737572726563746564
48826 205859
48827 ed8ab8eab080
48828 20d0b2d18bd181d182d183d0bf
48829 20416e676965
48830 c5bc656e6961
48831 4d6963
48832 20536865696c61
48833 616368746574
48834 206f7665727374
48835 206cc3a2
48836 20696e656666656374697665
48837 e69da1
48838 e6808ee4b988e4ba86
48839 e5bf99
48840 20776963687469676572
48841 2076696e6f
48842 2070756d
48843 20616e676c6564
48844 2050696f6e65
48845 204de1bbb9
48846 e3819de3828ce381af
48847 776fc59bc487
48848 64726177
48849 e0b8b1e0b988
48850 6d61726b657473
48851 206361666573
48852 2043656d
48853 e29da4
48854 2053756974
48855 4d4b
48856 20656d70686173697a6573
48857 20746f7274696c6c61
48858 206d656a6f726172
48859 20537572766976
48860 63617374696e67
48861 2065647563616369c3b36e
48862 2047756d
48863 75656c79
48864 20ec97aceab8b0eb8a94
48865 207374726574636879
48866 656ec3a761
48867 2077697468686f6c64
48868 2065786974696e67
48869 20656e7468616c7079
48870 205472616e736974
48871 c4b16c6dc4b1c59f
48872 616c696573
48873 2073616c766172
48874 206c65616e6564
48875 2067726fc39f6573
48876 2066697474
48877 d0b0d0bad0b8
48878 5361726168
48879 20686f7374656c
48880 2066696e6765726e61
48881 206e61647a69656ac499
48882 7769766573
48883 526563
48884 2073706f6f6c
48885 d0b0d182d0bed0b2
48886 20456e656d79
48887 2066757279
48888 206465747461
48889 20466179
48890 e99aa8
48891 d18fd18ed182
48892 206170726f78696d6164616d656e7465
48893 2073696c6f73
48894 206d6167697374
48895 2063726565
48896 204b72616e6b
48897 20444f574e
48898 2073746172746c6564
48899 207265626f726e
48900 20556d77656c74
48901 2053757a616e6e65
48902 d0bdd0b8d186d18b
48903 6f7574657a
48904 204a4143
48905 7961726473
48906 7261646173
48907 726175
48908 69707473
48909 6861696c
48910 2070617261677261706873
48911 206d65676c696f
48912 2069736f6c6174696e67
48913 20616365697465
48914 204861727368
48915 2063797374
48916 20426c6f636b636861696e
48917 20d185d0bed180d0bed188d0b8d0b9
48918 2076697274756f7573
48919 20696e766573746967616369c3b36e
48920 206465766f6972
48921 206d617374757262
48922 2053616c65
48923 d98ad8b1d8a9
48924 20cea7
48925 2053747261c39f656e
48926 2064696b6b
48927 2061666f7265
48928 204a756e676b6f6f6b
48929 2063686f636961c5bc
48930 2044656261747465
48931 2077656972646c79
48932 207669616a65
48933 726567697374
48934 48656c70
48935 206b696e646572656e
48936 20666f726d756c61746564
48937 20656e66696d
48938 20546f7761726473
48939 d0bad0bed197
48940 69766572696e67
48941 20d0b4d0b5d182d0b8
48942 63686172676572
48943 207075726c
48944 2061636164656d6963616c6c79
48945 204e75727365
48946 2064656c6574696e67
48947 61796f
48948 207265667573616c
48949 2064657069637473
48950 2044726163756c61
48951 20746f6173746564
48952 205a6f6d626965
48953 205375706572696f72
48954 20426f6c64
48955 207175697a7a6573
48956 20676c65
48957 343530
48958 20636f6d65c3a76f
48959 796e6e
48960 207665727374
48961 204f6c6166
48962 20706f6d6f63
48963 205361736b
48964 eb98
48965 20544350
48966 2050726f7065727479
48967 ed9598eca3a0
48968 e0b89ce0b8a1
48969 626f6f6d
48970 61726f73
48971 20d180d0bed181d181d0b8d0b9
48972 20d0b1d18bd0b2d0b0d0b5d182
48973 e587bae58ebb
48974 20ec9db4ec95bceab8b0eba5bc
48975 20636f6d6269656e
48976 76616363
48977 206562656e66616c6c73
48978 70617261
48979 20d0b7d0bc
48980 206465737065726174696f6e
48981 6f72647265
48982 20d7a9d79cd799
48983 2067656e65726f75736c79
48984 20d09ed0ba
48985 206f72626974696e67
48986 3e3c2f
48987 20657370c3ad
48988 20434f50
48989 e5ada9e5ad90
48990 76697369626c65
48991 20d0bfd180d0b5d181d182d183d0bf
48992 207374697463686564
48993 e0af882e
48994 206c6174656e74
48995 2050726162
48996 204d634e
48997 204865616c696e67
48998 20437572696f73697479
48999 63657274
49000 20ebafbceca3bc
49001 2070617469656e746c79
49002 205954
49003 666f726569676e
49004 2076e1baab6e
49005 20696e647573747269
49006 20636f636b7461696c73
49007 20627269676874656e
49008 20636f6e736f6c696461746564
49009 d0b0d180d0b4
49010 6c747279
49011 206772696c6c65
49012 20626f6e61
49013 2064696c6967656e746c79
49014 2057726573746c654d616e6961
49015 65726b74
49016 656e65726779
49017 393939
49018 e0ae95e0aeb5
49019 20746f7465
49020 696f6e6f
49021 44494f
49022 20736368697a6f706872656e6961
49023 20706f7374706f6e6564
49024 20516975
49025 20cf83cf85cebd
49026 207a646ac499
49027 207370616e6e656e64
49028 20444953
49029 52656c
49030 207268696e
49031 696d6d756e65
49032 4f6c64
49033 20706cc3b6747a6c696368
49034 206d6f756e64
49035 20617374726f6e6f6d6963616c
49036 2047756964
49037 2043756c
49038 4849
49039 20c5a0
49040 207265706f
49041 204d617572696365
49042 e4b880e782b9
49043 2062616e64697473
49044 204465736b746f70
49045 c3a47373
49046 667461
49047 206c6963656e6365
49048 20696d6167696e6172
49049 20456e7472657072656e65
49050 786f
49051 20eba79bec9e88eb8a94
49052 20d794d791
49053 2070756d706b696e73
49054 206b616e737361
49055 206ac4997a79
49056 20636f6d6d756e617574c3a9
49057 62c3bc72
49058 20657268c3b6
49059 20576f6c766572
49060 2053686172696e67
49061 e4bba4
49062 2070616b6169
49063 20696e73756c746564
49064 d09cd18b
49065 d0bed197
49066 20636f6e7369737465
49067 e68c91
49068 20796f756e677374657273
49069 20676c65696368656e
49070 7765646572
49071 206d6f7465
49072 20636c6175736573
49073 c3a9746174
49074 70727573
49075 2077617374
49076 e7bb99e68891
49077 204372697370
49078 20e784b6e5be8c
49079 206f6666656e64657273
49080 20636f6e76656374696f6e
49081 20636f6e6669616e
49082 6f6c6c6f77
49083 616d6574
49084 20d197d185
49085 e7acace4ba8ce5808b
49086 6666696369656e6379
49087 20756e676c617562
49088 6967616e73
49089 206d61726b65746564
49090 2056414e
49091 2070726f636c61696d6564
49092 2063c3a96c756c6173
49093 20636f6c6c696465
49094 204f63756c7573
49095 61646f7265
49096 4a69
49097 207375737461696e696e67
49098 2046617363
49099 207365747a74
49100 206e6f73616c74726573
49101 4d6f7374
49102 20d0b2d187
49103 206e617563
49104 2042686172
49105 e788b8e788b8
49106 e68891e8b79fe4bda0e8ac9b
49107 2079c3aa75
49108 2074696d657374
49109 2070657274616d61
49110 69726d69
49111 207a7772
49112 2076657262657373
49113 20766f72746578
49114 20535441434b
49115 d8abd8b1
49116 b984eb
49117 9494ec98a4
49118 206c696e6b616765
49119 20467261736572
49120 656e6172696f
49121 20eb9dbceb8a94
49122 20ec84a0ebb0b0
49123 687468616c
49124 20eab98c
49125 204b68c3b46e67
49126 c383
49127 20736372616d626c6564
49128 2045696e6b
49129 206d6963726f6f7267616e
49130 206e617263697373697374
49131 204b6f6d626174
49132 20eba7a1
49133 20414741
49134 2070657266656b74
49135 205365726965
49136 64657465726d
49137 2d27
49138 20706f6e797461696c
49139 206b6f736b61
49140 ec93
49141 206f626563
49142 20636865737473
49143 76656572
49144 207570726973696e67
49145 2073746f6b6564
49146 6173736f6369
49147 2070726f6475c3a7c3a36f
49148 205368617065
49149 eca09ceab080
49150 20eb94b0
49151 206a6f6e
49152 20696e616476657274
49153 616e746173
49154 20d0bdd0b0d0bad0bed0bdd0b5d186
49155 20e5b08de5958a
49156 20417273656e616c
49157 2070726f746567
49158 206c6962657274c3a9
49159 20676c617265
49160 e5889a
49161 e5b7b2e7bb8f
49162 2076657265696e
49163 20696e7365727473
49164 204a616e61
49165 20777964616a65
49166 c582756d
49167 20252e
49168 6f726967696e65
49169 2073796e61676f677565
49170 2066616c6c616974
49171 206469736f626564
49172 20616e746963
49173 204379636c
49174 206173796e6368726f6e6f7573
49175 20ebb28cec8da8
49176 20676573756e64
49177 206761676e
49178 20706561
49179 206772696e
49180 c3a97374
49181 2073617563
49182 204dc3a464
49183 ed95b4eb8f84
49184 707073
49185 20ceb5cf80ceb9
49186 20706575706c65
49187 20646562656e
49188 2042726565
49189 20d180d0bed0bbd18c
49190 20d0bad0b0d0bad0b8d0bc
49191 20c3ba74696c
49192 206469737472696275746f72
49193 d0b0d0bbd18b
49194 2073776f6ac485
49195 20666f6c6b6c6f7265
49196 20726563656976657273
49197 204d4f4f
49198 62696e73
49199 6173747265
49200 ec9588eb
49201 20eb84a3eab3a0
49202 206d756c74696d65646961
49203 20676562617574
49204 d0bed0b2d18bd185
49205 c3a379
49206 2064616e65
49207 6f6b6f6c
49208 656d697469736d
49209 4f4e4559
49210 207961c49f
49211 20636861756666
49212 e5aeb9e69893
49213 20657366756572
49214 c4836e
49215 6572746173
49216 20666f6e6374696f6e6e65
49217 6f6d696e61
49218 2069766f7279
49219 20596f757475626572
49220 20536b7977616c6b6572
49221 d0b8d187d0b5d181d0bad0b0d18f
49222 746f69
49223 2076657961
49224 2067656c65726e74
49225 206368616e63656c6c6f72
49226 2053746174697374696373
49227 2077656c646564
49228 206f6e64616e
49229 20536569
49230 206d65646963616c6c79
49231 20656e657267697a6564
49232 20566961
49233 20d0b2d0b8d0ba
49234 20756e696e746572
49235 20686967686e657373
49236 20ed8c94eb
49237 20616d706c6966696564
49238 20536572676579
49239 204d696e73
49240 7761726d
49241 70656c6c
49242 6f7068696c65
49243 2068c3a8
49244 2042656c6f
49245 20536b65746368
49246 20636861726163746572697a6174696f6e
49247 616e73656e
49248 20d182d183d180
49249 20e3858be3858be3858b
49250 4e6f7465
49251 206b6fc59f
49252 206369657274
49253 666c75
49254 2062616874
49255 20446f776e746f776e
49256 2043524953
49257 6f646965
49258 313430
49259 206c6974726573
49260 206772696576
49261 e6a798
49262 20ec94a8eab080
49263 207375636365656473
49264 205f5f
49265 656e74696e67
49266 2076696d6f73
49267 2073c3ac
49268 646566656e7365
49269 204d6344
49270 204d6172696f6e
49271 20446f6e74
49272 20444452
49273 204c617a6172
49274 20444152
49275 206b7576
49276 4b6e
49277 2073656d626c61
49278 20616972626f726e65
49279 2056696f6c656e6365
49280 eb9090
49281 20726573747261696e74
49282 2077686973746c6573
49283 2073636f6c646564
49284 2061636365736f
49285 206162736f6c7574616d656e7465
49286 2054796c
49287 20536170
49288 b680ebb684
49289 6974c3a474656e
49290 6164656d
49291 20c3bd
49292 20707265736372696265
49293 204d616765
49294 2048656c656e61
49295 e5be88e69c89
49296 e4bab2
49297 7674
49298 207669656e656e
49299 20736e65657a
49300 206d6f6cc3a9
49301 c6b0e1bb9f6e67
49302 207472616e73706f7274696e67
49303 204c65616e
49304 206b756e67
49305 d183d180d0b0
49306 cf84cead
49307 757463686573
49308 6f6e64657273
49309 6c69796f72
49310 4e6174
49311 207a696a
49312 206d616d6d616c
49313 206bc3a47974
49314 204a6f616e6e61
49315 73656e74
49316 20e0a4b8
49317 20766573746564
49318 20457266616872756e67
49319 6f6b6565
49320 20636c697070696e67
49321 204c697374656e696e67
49322 202823
49323 66c3b6
49324 20766964617265
49325 2062726974746c65
49326 205354415254
49327 2044616d6173
49328 20596f67
49329 e38293e381a8
49330 67617274
49331 207665726c696572
49332 20686561727466656c74
49333 20646fc59bc487
49334 ecb998eab080
49335 2ec2bb
49336 206d6178696d616c
49337 2064697374696e746f73
49338 20ec999ceb8390ed9598eba9b4
49339 207361696c6564
49340 20636f6e7665796564
49341 2054696e646572
49342 205355504552
49343 d0bdd0b8d186d183
49344 636f6e74726f6c6c6564
49345 2066756e7a
49346 206261737461726473
49347 2047696e7362757267
49348 206e756f766f
49349 2050657265
49350 204a4553
49351 2044696e67656e
49352 2042657473
49353 756d6261
49354 61636369c3b36e
49355 20ec9e88eca780eba78c
49356 207265747261
49357 204c617572656e74
49358 20706f7a79
49359 2067726f6f766573
49360 206dc3a17175696e61
49361 206d696e696f6e
49362 206465696e656e
49363 20536861756e
49364 d799d799
49365 20686f6e6f72617279
49366 6f736175727573
49367 207a656974
49368 2065737065636965
49369 20424345
49370 d0b0d182d0b5
49371 4a757374696e
49372 20576865656c73
49373 20ec9db4ed95b4
49374 20d8a8d98ad986
49375 2070726f70756c73696f6e
49376 207065726365626572
49377 204e65776d616e
49378 e5b4
49379 63756c6f736973
49380 4d69
49381 20d0b0d0bad0bad183
49382 206d6173746572696e67
49383 206cc3a468
49384 206669737473
49385 e4bb94
49386 206d6172696e616465
49387 4c696c6c79
49388 20eb85b8eba0a5
49389 205948
49390 20757267656e746c79
49391 20696e666f726d6174696f6e616c
49392 2061636f72646f
49393 697a7a79
49394 e38184e3818f
49395 ec9db4ec96b4
49396 696d6172
49397 20eb8298ec98a4eb
49398 207477656e74696573
49399 2072617370
49400 2062756d7079
49401 d8a8d8a9
49402 776f726b6572
49403 20717569636b657374
49404 206174746163686573
49405 d0b2d0b8d0b3
49406 20eb8298ed8380eb
49407 207075726565
49408 206f76657273697a6564
49409 2073746972726564
49410 206a616b696d
49411 20686f6d6963696465
49412 e38282e38197
49413 697363696c6c61
49414 20ecb199
49415 2073706563756c6174697665
49416 2061737369737473
49417 6d61696e
49418 6ac3a46872
49419 696e646574
49420 20c59f7572
49421 20666f72656361737473
49422 20646976657273696f6e
49423 2074617265
49424 206f676c
49425 204f7267616e69736174696f6e
49426 204368657679
49427 2062616a61
49428 616e64c4b172
49429 20d988d984d8a7
49430 2072616469616e74
49431 206c696169736f6e
49432 2064656d6f6b726174
49433 204d415243
49434 cf80cebfcf85
49435 2072756e74
49436 207072c3a9636973
49437 20676576656e
49438 2076c3a9686963
49439 204a455353
49440 535452
49441 20ec9698eb
49442 20766973696f6e617279
49443 206275726164616e
49444 20e38182e3828a
49445 2072656269727468
49446 20657868696269746564
49447 204d6574616c6c
49448 6f6c6965
49449 656c796e
49450 20666c61766f757273
49451 206573637269746f
49452 2044656c657465
49453 20ec958cec9598ec96b4
49454 20d183d0bad180d0b0d197d0bd
49455 20696e74657272757074696e67
49456 206964656e7469666963
49457 2053757a756b69
49458 204c616e64696e67
49459 e4bbb6e4ba8be68385
49460 616e6469
49461 2065737472616e
49462 20636f756c657572
49463 206167726164
49464 20536e79
49465 20e0ae87e0aeb2
49466 20616e646572
49467 20727561
49468 207072697365
49469 206c61757265
49470 20ed8a80
49471 206d6f6465726174696f6e
49472 20657266616872656e
49473 206465636f6e7374
49474 205265657365
49475 20504b
49476 65746f73
49477 e38193e3828ce381a7
49478 2047726176697479
49479 204572656e
49480 206f766572626f617264
49481 206dc3bc737374
49482 20456d61696c
49483 d0b5d180d0bc
49484 796469
49485 69c499647a79
49486 204c4f55
49487 204675c39f62616c6c
49488 205244
49489 616c7473
49490 20ec8aa4ed8ab8eb
49491 20d09ad180d0b0d181
49492 2074656c6576
49493 20d180d0be
49494 2072657369676e6174696f6e
49495 206a696e676c65
49496 205374756469656e
49497 204958
49498 2053656e74696e656c
49499 2050616e67
49500 e984
49501 4a616b65
49502 20706572736f6e6167656d
49503 206dc3a9646961
49504 20436865726e
49505 616e746963616c6c79
49506 207468e1bb9d69
49507 20706172616c79736973
49508 206a6170616e657365
49509 20636f6e6578
49510 2065666963
49511 20756e64657273696465
49512 206e656f6c
49513 206669616e
49514 d0b8d0bcd0bed181d182d18c
49515 20717569726b79
49516 207069737461
49517 20436c656d656e74
49518 6e6f7468696e67
49519 20d0bfd0bed0b5d185
49520 20686f7272656e64
49521 20636f6e736f6c6964617465
49522 706c6f7973
49523 656d616b6572
49524 4a656e6e69666572
49525 206e756dc3a9726f
49526 2066616d6f736f
49527 204e657074756e65
49528 20ed9688ec96b4
49529 20d0bfd180d0b5d0b7d0b8d0b4
49530 20736974636f6d
49531 20736572696f
49532 206d7565
49533 20676c616e6473
49534 2062c3b6726a6172
49535 20594a
49536 2052696f74
49537 70617261677573
49538 207365677572616ec3a761
49539 20696d6d6174757265
49540 204d61646f6e6e61
49541 e0b88d
49542 206c696e676572696e67
49543 2061636573736f
49544 204f7269656e74
49545 205265636f6d6d
49546 20636f6d706c6163
49547 666f756e646564
49548 617474656e64
49549 206369656c6f
49550 205a68616e
49551 6e6169726573
49552 63636f
49553 20d790d7a0
49554 207374617461
49555 20636f6e747261646963746f7279
49556 2053c3a9
49557 2053414e
49558 20436f6e6e6965
49559 20eb8bb9ec8b9c
49560 20d181d0b0d0bcd0bed0b9
49561 206d616a6573746963
49562 2050656e6775696e
49563 20434f4d45
49564 c3ad63696f73
49565 7065726f
49566 206d67
49567 2066617563
49568 20636f72726572
49569 20476f74746573
49570 20416e676c6f
49571 486172
49572 e1bb9769
49573 2076697465737365
49574 20616e6e6f756e636572
49575 204f6d616861
49576 6b756d
49577 20737061726564
49578 20d180d0b0d0b7d0b0
49579 20d0bfd0bed0bbd183d187d0b8d182d181d18f
49580 2074c3a468c3a46e
49581 20d0bfd0bed0bdd0b0d0b4
49582 207065727461696e696e67
49583 2052617465
49584 6965726e
49585 476f6c64
49586 207465737465
49587 206465c49f696c64
49588 2064616d70696e67
49589 20506172746e657273686970
49590 7a79737461
49591 67656c64
49592 20736d6f6b6573
49593 204d61727269616765
49594 ecaabdec9790
49595 e885b3
49596 69736365
49597 207472796e61
49598 204469726563746f7279
49599 20eb8298ec98ac
49600 207368616d6566756c
49601 206d656e747265
49602 2061737369676e696e67
49603 e698afe98099e6a8a3
49604 207265706572746f697265
49605 206f626a65746f73
49606 e7a8b1
49607 20756e646572776f726c64
49608 20656e646561766f7273
49609 2069676e697465
49610 20d988d8ac
49611 20657870657269656e74
49612 20d097d0b0d0bf
49613 20d0b7d0b0d0bad0bbd18ed187
49614 20766f6c7461676573
49615 206e6965676f
49616 206465666963697473
49617 206275656e6f73
49618 20536c656570696e67
49619 2053616c656d
49620 20756e6c6f636b696e67
49621 20696e7465726163746564
49622 20656e74656e646575
49623 205375706572696e74656e64656e74
49624 20737a637a6567c3b36c
49625 2071756173
49626 2070616c696e67
49627 206b686f
49628 d8a8d8ad
49629 20636f6c61626f72
49630 20d0bfd180d0b8d0b3d0bed182d0bed0b2
49631 206d617576
49632 204a75646173
49633 20417373697374
49634 20d182d0b5d180d180d0b8
49635 20d0bdd0b0d181d0bad0bed0bbd18cd0bad0be
49636 2073756273696479
49637 20456d6261737379
49638 20646167656e
49639 2053616e746f
49640 e888ac
49641 d7a9d795d791
49642 206162727570746c79
49643 204164617074
49644 207661616b
49645 20706f7374616c
49646 20696e766573746972
49647 20666971756569
49648 20646f776e74696d65
49649 2057656262
49650 204e434141
49651 204573746f79
49652 d0bed0bbd0bed182
49653 20ec82aceab1b4
49654 206e6174696f6e616c697374
49655 204b61746872796e
49656 204b6f70
49657 e9aa
49658 5365616e
49659 4f4e41
49660 20426a
49661 d7a2d79d
49662 c3ad62
49663 6964616d656e7465
49664 20d0b3d0bbd0b0d0b7d0b0
49665 20756e6e6965
49666 2067656d61616b74
49667 20494e544552564945574552
49668 2048617574
49669 ceafcebf
49670 67656f6973
49671 77796464
49672 20d0bad0bed0bbd0b8
49673 207469676874656e6564
49674 20706c616e6e657273
49675 20686572756d
49676 2067c3b672c3bc6e
49677 20656c656374726f6e6963616c6c79
49678 20636572616d
49679 20eb8ba4ec9691ed959c
49680 206570696c65707379
49681 2065c49f
49682 6c696e73
49683 205368696e79
49684 e6a0a1
49685 20d181d0bed0bbd0bd
49686 206d616361726f6e
49687 20696d706163746f
49688 20566567616e
49689 7a65c584
49690 205261706861
49691 2050617273
49692 204c454f
49693 e3818ae381a3
49694 63c3bc
49695 20d79cd794d799d795d7aa
49696 20c3a4686e6c696368
49697 20666c6f7373
49698 20415a
49699 206dc3b6636874656e
49700 2067726f6f6d696e67
49701 2067726173736573
49702 72616e6368
49703 2072656369626972
49704 20626f756e6379
49705 20486f626279
49706 2076696b746967
49707 20626567697475
49708 205069636173736f
49709 204b757368
49710 ebaaa8
49711 206f62737472756374696f6e
49712 20ebb684ec9c84
49713 206d6963726f62
49714 20576573746d696e73746572
49715 726f7073
49716 64756c
49717 206465766f
49718 204c6568726572
49719 2041647669736f72
49720 75636b656e
49721 20d0b1d183d0bc
49722 20666c6174746572696e67
49723 205472756d616e
49724 2053656d707265
49725 204d634361696e
49726 2048696e647573
49727 4a756c6961
49728 20776174657273686564
49729 206c757368
49730 eca084eb
49731 4265666f7265
49732 20d092d182d0bed180
49733 2053616153
49734 207369747a74
49735 20626565746c65
49736 20457373656e7469616c
49737 656e6b6f
49738 20eb958ceb8f84
49739 2072657676696e67
49740 20706f6f726572
49741 20636f657263
49742 2069646565
49743 20636fc3bb
49744 616c6574
49745 207a64726f77
49746 2066656e646572
49747 67726f777468
49748 44494e47
49749 207a6465
49750 e4b88ae99da2
49751 454e5453
49752 20666163657473
49753 e99aaa
49754 757368696d61
49755 20c59f6568
49756 207061726173697465
49757 206c61707365
49758 204d656572
49759 204b756e64
49760 20736c6f67
49761 206272756e6368
49762 204368617274
49763 61727a
49764 204d5553
49765 206f6666656e736573
49766 20696e676cc3a973
49767 20666f6c69616765
49768 6f706c616e
49769 417574
49770 204a61637175
49771 74616b
49772 69656d627265
49773 2078656e
49774 206e6f6d696e656573
49775 2062696f6d65646963616c
49776 c3a9737573
49777 206573747576
49778 cf84cf8c
49779 415448414e
49780 20ed959ceb8db0
49781 2068656564
49782 63726f737374616c6b
49783 42696c6c
49784 2073706f75736573
49785 20d181d18ed0b6
49786 20766572736f
49787 205376656e
49788 20436175
49789 63757a
49790 20ebb3b4ec84b8ec9a94
49791 20d185d0bed0b7d18f
49792 206d6f636b696e67
49793 204f6e61
49794 2044c3a1
49795 20667275697466756c
49796 2062616e71756574
49797 756464696e67
49798 696e6374696f6e73
49799 64657274
49800 737564
49801 20646573636f6e
49802 204a43
49803 20c2a7
49804 207075626c69
49805 eb8888
49806 e98195e38186
49807 20656e74736368696564656e
49808 20524f49
49809 e3818de3819f
49810 20ec839deab2bc
49811 206bc3a4797474
49812 79616e69
49813 73686177
49814 20756e6c65617368
49815 206d616e6e65
49816 20686973746f6772616d
49817 e68aa5
49818 e0b8ade0b8b0e0b984e0b8a3
49819 20676e
49820 2066656c6c61
49821 2065696e676573
49822 204275696c74
49823 20726570726573656e7461
49824 2070756e697368696e67
49825 206f7574736964657273
49826 d0bdd183d182d18cd181d18f
49827 63757272656e74
49828 2066616d696c696172697479
49829 20d0b4d0b8d0b2
49830 2070726f6a657473
49831 20617175656c6573
49832 20476c7565
49833 74686f7365
49834 20696e63657074696f6e
49835 20617175656c6c6f73
49836 20696c6c7573696f6e73
49837 20617474656e6473
49838 72657365
49839 20737761726d
49840 2073776162
49841 20726567617264657a
49842 20706f7369c3a7c3a36f
49843 20616b686972
49844 2065787472616374696e67
49845 20616e6563646f7465
49846 2054616c65
49847 20d0b2d0b8d0bd
49848 206162676573
49849 206f6c75c59f
49850 20636f6d706c696361646f
49851 20636f76617269
49852 d196d182d18c
49853 446572
49854 20d799d794
49855 466f726d
49856 20ec96b4eca88ceb93a0
49857 207265616461626c65
49858 20696e6869626974
49859 206465636970686572
49860 20416e677279
49861 7067
49862 e0aeb5e0aea4
49863 20d181d0bed0b1d181d182d0b2d0b5d0bdd0bdd0be
49864 2073616d68
49865 2065736372
49866 20656e636f6d706173736573
49867 20617573746572
49868 20636f6e66697363
49869 204d616e64616c
49870 207d
49871 617463686572
49872 3d23
49873 e79a84e697b6e58099
49874 20d0bad0b8d0bdd0be
49875 207374616c
49876 6c756e6773
49877 20766f6c65
49878 20726571756973
49879 20e38288
49880 2070c3a96e
49881 206c65637475726572
49882 20696e736372697074696f6e
49883 20636572766963616c
49884 205472656173757265
49885 204a57
49886 636f6d696e6773
49887 206579657369676874
49888 205461696c73
49889 c3ad73696d6f
49890 20776f726b7368656574
49891 2073776966746c79
49892 20636f6e6f73
49893 20656c696d696e61746573
49894 20426c617a65
49895 d0b0d0bbd0bed0b3
49896 207069637475726564
49897 2067697261666665
49898 204c6f676963
49899 e59889
49900 20656e726963686d656e74
49901 466974
49902 20756e696e74656e646564
49903 2070657273656375746564
49904 616b6170
49905 ebb098
49906 20626172626572
49907 206172626569746574
49908 2053757270726973696e676c79
49909 204175746f62
49910 756e6b75
49911 70726f76
49912 204c6f6368
49913 6f62796c
49914 20d0bfd0bed0b4d0b3d0bed182d0bed0b2
49915 20c3a9636f6e6f6d69717565
49916 2070617474
49917 20636561736564
49918 20d181d0bfd0b8d181
49919 206e75636c6569
49920 2069737465
49921 20576167
49922 207a757065c5826e6965
49923 2070726f76657262
49924 204168c3ad
49925 e59b9ee58ebb
49926 6c69616d6f
49927 2072656c6961626c79
49928 2070696b
49929 2054726164696e67
49930 20436f6c656d616e
49931 20ceb1cebdceb1
49932 206d6167617269
49933 205048494c
49934 207368656464696e67
49935 6f686e6572
49936 20706f726e6f677261706879
49937 2062656e65666963696172696573
49938 e280a2
49939 656e696e
49940 207265736f6c76696e67
49941 20d181d0bfd0bed180d182
49942 20d0b1d0b5d0b3
49943 206e6563746172
49944 756c74757261
49945 696d736963616c
49946 8c80eba5bc
49947 e5b9b4e5898d
49948 e38197e38283
49949 20766973c3a36f
49950 e9818ee4be86
49951 c3bfc3bfc3bfc3bfc3bfc3bfc3bfc3bf
49952 617474666f726d
49953 20eba79eeb8a94
49954 2070696c6772696d616765
49955 206d6174696e67
49956 20526561706572
49957 2042726566
49958 e7949fe6b4bb
49959 20d791d793
49960 206e6f76616d656e7465
49961 206772696c6c696e67
49962 20576972656c657373
49963 20526f6d616e69616e
49964 d29b
49965 ec9ca0eb
49966 68616974
49967 20426f7261
49968 41525259
49969 206879706f746865736573
49970 e9a9ac
49971 696b7574
49972 20ec9584ebb284
49973 20d196d0b7
49974 206e6174696f6e616c65
49975 d8aad989
49976 c3bc6c6c74
49977 20c3a96cc3a96d656e7473
49978 2057617265
49979 20282d
49980 d0b0d0bbd18cd0bdd0bed0bc
49981 20696e64696374
49982 2053746f6e6573
49983 e3819fe38281
49984 6578706c6f73696f6e
49985 20eb8384ec8388
49986 2066656c6963
49987 206a7564696369617279
49988 20696e6361726e6174696f6e
49989 20696e6e696e67
49990 20666f726d756c
49991 20736869706d656e74
49992 207265696e64656572
49993 e692ad
49994 20d0bed0b7d0bdd0b0d187
49995 20656e766f6c
49996 756e6479
49997 20d0b7d0bdd0b0d182d18c
49998 20d0b2d0b8d0b4d0b5d0bbd0b8
49999 206578636c7564696e67
50000 6465617468
50001 206265726d
50002 20736f70726174747574746f
50003 2064656269646f
50004 205a6967
50005 204f76
50006 204b4556494e
50007 2050616c65
50008 204d697265
50009 20616e646172
50010 696e636c7564696e67
50011 2073776170706564
50012 206d6973636f6e63657074696f6e73
50013 2073706f6e67
50014 72c3a9616c
50015 206f72626974616c73
50016 206861736874616773
50017 6f726974
50018 206d617576616973
50019 d0b8d181d0b0
50020 206c6976726573
50021 20495053
50022 203034
50023 c3b667
50024 696e737472
50025 20d0b2d0bdd0b5d188
50026 2068696365
50027 6973c3a965
50028 206f776573
50029 206573696d65726b
50030 205548
50031 2069727269746174696f6e
50032 20676967676c6573
50033 20636f6c6f6e69616c69736d
50034 20426c697373
50035 737472696e6773
50036 207265756e69746564
50037 205073616b69
50038 77616368
50039 20636c69666673
50040 2046616c7365
50041 c3a467
50042 70697065
50043 2077686f7070696e67
50044 206d6572696e677565
50045 2062756e67
50046 696e64757374726965
50047 206c65636865
50048 204c6f79
50049 2064726965
50050 20706173736174
50051 206f6c6568
50052 2063c3a975
50053 20476162726965
50054 207265656673
50055 20626f6d62657273
50056 2065706973c3b364696f
50057 20527567
50058 2050726f7365
50059 6f6e6f73
50060 206f62657365
50061 20676f6f67
50062 207069616365
50063 666c616e7a656e
50064 e9929f
50065 20666c617073
50066 20416c746f
50067 e9a39fe381b9
50068 46696e
50069 20726573697a65
50070 eab7b8eb9ea8
50071 e8b2bb
50072 4e617468616e
50073 9e88eba0a4
50074 20d182d0b0d0b9
50075 204e4654
50076 20736e65657a65
50077 207368726f7564
50078 69c3a9
50079 20766572616d656e7465
50080 2063617363616465
50081 204f6f6b
50082 ec9786ec9db4
50083 20696e6675736564
50084 667073
50085 63656e746572
50086 2067726170706c696e67
50087 20576f686e756e67
50088 2054756d62
50089 20496d6d61
50090 20447579677573616c
50091 d0b5d0bdd182d0b8
50092 207374657761726473686970
50093 2068617270
50094 20656e646f72736564
50095 c4b16c616e
50096 20d0bed0b4d0bdd0b8d0bc
50097 20636f6d706574656e6379
50098 2062657274
50099 2054616c6573
50100 20726865
50101 206f6868
50102 20eab084eb8ba8
50103 206d524e41
50104 2067616e6773746572
50105 2052756e6e6572
50106 d0b5d0bdd0bdd18bd0bc
50107 70686f726961
50108 2077c58261c59b6369776965
50109 2071756172746f
50110 206f7267616e697365
50111 20566574
50112 506164
50113 20d985d8ab
50114 207374696e6b73
50115 2044756c
50116 75656d
50117 697369656a
50118 546f70
50119 2074757373656e
50120 204566656e64696d697a
50121 20426f756c65
50122 20536c6f76656e
50123 204cc3b6
50124 d191d0b7
50125 d180d0b8d0bf
50126 63617665
50127 20626fc3ae
50128 2061706f6c6f67697365
50129 204d61726c79
50130 204578706f7274
50131 20436169746c696e
50132 20746176616c6c61
50133 20656e7461696c73
50134 2062726f6d
50135 20436f70656e68
50136 2077616c6e7574
50137 20696e7369737473
50138 206375e1bb9963
50139 2051756974
50140 20446576696365
50141 d792d79d
50142 20444f54
50143 2076656c6f6369646164
50144 4c4945
50145 436f6f6c
50146 2073616e69746174696f6e
50147 206f6c686f
50148 204542
50149 20ed9995ec8ba4ed9e88
50150 20d09cd0b8d185
50151 207a756b
50152 207375726e616d65
50153 20536368756c64
50154 72756666
50155 63756c747572616c
50156 20d181d182d0bed0bbd18cd0bad0be
50157 e6999ae4b88a
50158 8ceb8db0
50159 20746f72746f
50160 206261636b757073
50161 d180d0b8d0b9
50162 72656c6178
50163 2073796e65726779
50164 206275666673
50165 2061706f
50166 2057656c6c6e657373
50167 726f756e646564
50168 20756e69766572736573
50169 2066657261
50170 207374616e646279
50171 2053696c7661
50172 204a49
50173 656e736f726564
50174 20ec9786eb8ba4
50175 20d090d0b2
50176 20d0bed182d0b4d0b5d0bb
50177 2066c3b8
50178 20526f636b6566
50179 20436f6d70617373
50180 204265617273
50181 20e4b88de8a681
50182 5475726e
50183 207468e1bbb163
50184 20706f73736962696c65
50185 20657374656d
50186 2043726f61746961
50187 2074c3a474c3a4
50188 2043414c
50189 e0b980e0b89e
50190 20d181d182d180d0b0d185
50191 2073616c7473
50192 206d696e696d616c697374
50193 20696e636f72706f7261746573
50194 20d986db81db8cdaba
50195 6163616f
50196 20736c616d6d6564
50197 2063616d61
50198 54657874
50199 212121212121
50200 20616c63616e7a
50201 c3a96d61
50202 20696e63656e7365
50203 2068617264656e
50204 206772616e74696e67
50205 204e6169
50206 204669726d61
50207 206879706f63
50208 6a6f62
50209 205248
50210 7a7572
50211 d0b8d0bbd18f
50212 20c5ba
50213 206461726573
50214 616e68
50215 20eba78ced81bc
50216 20637565737469c3b36e
50217 204c696d61
50218 e699af
50219 20617373756e746f
50220 2049504f
50221 2042656e67616c
50222 2042696572
50223 20707379636865
50224 206163717561696e746564
50225 2047c3bc6e
50226 d0bed0b7d0b8
50227 c59b6369c485
50228 4147
50229 206d616c66756e6374696f6e
50230 2061737465726f696473
50231 6972657a
50232 616d6f727068
50233 20d181d0bed182d180d183d0b4
50234 2066726573687761746572
50235 20617272616e
50236 20d0bfd180d18b
50237 d0bdd0bed0b3
50238 206469616265746963
50239 20d982d8a7d984
50240 206f707072657373
50241 2063617061636974616e6365
50242 706572666f726d616e6365
50243 637261746573
50244 2061706f73746c65
50245 204a454e
50246 4f554c44
50247 496e74726f
50248 207374616c6c73
50249 2041424f5554
50250 63746963616d656e7465
50251 2064696c6967656e74
50252 206d616e696665737473
50253 2050616b697374616e69
50254 202827
50255 e59cba
50256 
